Season,Date,Region,Harvest,Reef,ReefID,CollectionName,Oysters_#/0.0625m^2,Barnacles_#/0.0625m^2,Mussels_#/0.0625m^2,Clams_#/0.0625m^2,PorcelainCrab_#/0.0625m^2,OtherGastropods,Total_#/0.0625m^2,Location,Notes
S14,5/9/2014,Fort Matanzas,Y,FM3,FM3,S14FM3R18,29,0,0,NA,NA,NA,29,Ridge,
S14,5/9/2014,Fort Matanzas,Y,FM3,FM3,S14FM3R8,186,7,46,NA,NA,NA,239,Ridge,
S14,5/9/2014,Fort Matanzas,Y,FM4,FM4,S14FM4R18,125,0,6,NA,NA,NA,131,Ridge,
S14,5/9/2014,Fort Matanzas,Y,FM4,FM4,S14FM4R6,51,0,3,NA,NA,NA,54,Ridge,
S14,5/22/2014,Guana River,N,GR1,GR1,S14GR1R5,66,24,14,NA,NA,NA,104,Ridge,
S14,5/22/2014,Guana River,N,GR1,GR1,S14GR1R9,59,16,14,NA,NA,NA,89,Ridge,
S14,5/22/2014,Guana River,N,GR2,GR2,S14GR2R3,52,0,27,NA,NA,NA,79,Ridge,
S14,5/22/2014,Guana River,N,GR2,GR2,S14GR2R6,49,0,18,NA,NA,NA,67,Ridge,
S14,5/23/2014,Fort Matanzas,Y,CO,CO,S14COR2,110,8,5,NA,NA,NA,123,Ridge,
S14,5/23/2014,Fort Matanzas,Y,CO,CO,S14COR8,215,3,22,NA,NA,NA,240,Ridge,
S14,5/23/2014,Fort Matanzas,Y,FM1,FM1,S14FM1R3,137,0,10,NA,NA,NA,147,Ridge,
S14,5/23/2014,Fort Matanzas,Y,FM1,FM1,S14FM1R5,141,0,12,NA,NA,NA,153,Ridge,
S14,6/3/2014,Salt Run,Y,SR1,SR1,S14SR1R6,23,4,0,NA,NA,NA,27,Ridge,
S14,6/3/2014,Salt Run,Y,SR1,SR1,S14SR1R8,32,0,0,NA,NA,NA,32,Ridge,
S14,6/3/2014,Salt Run,Y,SR2,SR2,S14SR2R16,27,7,0,NA,NA,NA,34,Ridge,
S14,6/3/2014,Salt Run,Y,SR2,SR2,S14SR2R24,39,3,0,NA,NA,NA,42,Ridge,
S14,6/3/2014,Salt Run,Y,SR3,SR3,S14SR3R4,35,0,6,NA,NA,NA,41,Ridge,
S14,6/3/2014,Salt Run,Y,SR3,SR3,S14SR3R6,62,10,9,NA,NA,NA,81,Ridge,
S14,6/3/2014,Salt Run,N,SR4,SR4,S14SR4R10,119,7,13,NA,NA,NA,139,Ridge,
S14,6/3/2014,Salt Run,N,SR4,SR4,S14SR4R8,47,1,2,NA,NA,NA,50,Ridge,
S14,6/4/2014,Tolomato River,N,TR2,TR2,S14TR2R2,262,5,5,1,5,NA,278,Ridge,
S14,6/4/2014,Tolomato River,N,TR2,TR2,S14TR2R3,199,3,14,1,0,NA,217,Ridge,
S14,6/4/2014,Tolomato River,Y,TR3A,TR3A,S14TR3AR6,83,0,2,NA,NA,NA,85,Ridge,
S14,6/4/2014,Tolomato River,Y,TR3A,TR3A,S14TR3AR9,93,1,6,NA,NA,NA,100,Ridge,
S14,7/3/2014,Salt Run,Y,SR1,SR1,S14SR1R2,56,2,0,NA,4,NA,62,Ridge,
S14,7/3/2014,Salt Run,Y,SR1,SR1,S14SR1R7,48,1,1,NA,3,NA,53,Ridge,
S14,7/3/2014,Salt Run,Y,SR2,SR2,S14SR2R1 ,28,1,0,NA,0,NA,29,Ridge,
S14,7/3/2014,Salt Run,Y,SR2,SR2,S14SR2R7,48,0,0,NA,0,NA,48,Ridge,
S14,7/3/2014,Salt Run,N,SR4,SR4,S14SR4R16,101,2,20,NA,2,NA,125,Ridge,
S14,7/3/2014,Salt Run,N,SR4,SR4,S14SR4R5,141,4,31,NA,4,NA,180,Ridge,
S14,7/3/2014,Salt Run,N,SR5,SR5,S14SR5R2,101,0,13,NA,0,NA,114,Ridge,
S14,7/3/2014,Salt Run,N,SR5,SR5,S14SR5R5,96,0,7,1,0,NA,104,Ridge,
S14,7/8/2014,Butler Beach,N,MC1,MC1,S14MC1R20,46,3,3,NA,0,NA,52,Ridge,
S14,7/8/2014,Butler Beach,N,MC1,MC1,S14MC1R29,109,3,1,NA,1,NA,114,Ridge,
S14,7/8/2014,Butler Beach,N,MC2,MC2,S14MC2R19,78,0,1,NA,0,NA,79,Ridge,
S14,7/8/2014,Butler Beach,N,MC2,MC2,S14MC2R5,51,8,1,NA,0,NA,60,Ridge,
S14,7/8/2014,Fort Matanzas,Y,FM1 ,FM1 ,S14FM1R12,77,2,1,NA,1,NA,81,Ridge,
S14,7/8/2014,Fort Matanzas ,Y,CO ,CO ,S14COR15,54,0,3,NA,0,NA,57,Ridge,
S14,7/8/2014,Fort Matanzas ,Y,CO ,CO ,S14COR18,115,2,5,NA,0,NA,122,Ridge,
S14,7/8/2014,Fort Matanzas ,Y,FM1,FM1,S14FM1R10,77,4,3,NA,3,NA,87,Ridge,
S14,10/30/2014,Guana River,N,GR2,GR2,S14GR2E2,62,125,4,NA,0,Present,191,Lower Edge,
S14,10/30/2014,Guana River,N,GR2,GR2,S14GR2E5,58,196,0,NA,0,Present,254,Lower Edge,
S14,10/30/2014,Guana River,N,GR2,GR2,S14GR2R11,46,0,24,NA,1,Absent,71,Ridge,
S14,10/30/2014,Guana River,N,GR2,GR2,S14GR2R29,156,13,20,NA,0,Present,189,Ridge,
S14,10/30/2014,Guana River,N,GR3,GR3,S14GR3E1,30,76,0,NA,13,Present,119,Lower Edge,
S14,10/30/2014,Guana River,N,GR3,GR3,S14GR3E2,19,27,1,NA,11,Absent,58,Lower Edge,
S14,10/30/2014,Guana River,N,GR3,GR3,S14GR3R2,111,11,8,NA,0,Absent,130,Ridge,
S14,10/30/2014,Guana River,N,GR3,GR3,S14GR3R3,193,16,13,NA,10,Present,232,Ridge,
S14,10/31/2014,Tolomato River,Y,TR3,TR3,S14TR3E1,38,49,0,NA,1,Absent,88,Lower Edge,
S14,10/31/2014,Tolomato River,Y,TR3,TR3,S14TR3E3,111,42,1,NA,3,Present,157,Lower Edge,
S14,10/31/2014,Tolomato River,Y,TR3,TR3,S14TR3R10,118,0,12,NA,0,Absent,130,Ridge,
S14,10/31/2014,Tolomato River,Y,TR3,TR3,S14TR3R2,139,7,16,4,5,Present,171,Ridge,
W15,1/15/2015,Fort Matanzas,Y,CO,CO,W15COR17,127,0,4,NA,0,NA,131,Ridge,
W15,1/15/2015,Fort Matanzas,Y,CO,CO,W15COR25,137,6,12,NA,0,NA,155,Ridge,
W15,1/15/2015,Fort Matanzas,Y,CO,CO,W15COR8,58,23,9,NA,0,NA,90,Ridge,
W15,1/15/2015,Fort Matanzas,Y,FM1,FM1,W15FM1R15,105,12,7,NA,0,Present,124,Ridge,
W15,1/15/2015,Fort Matanzas,Y,FM1,FM1,W15FM1R2,87,3,3,NA,0,Present,93,Ridge,
W15,1/15/2015,Fort Matanzas,Y,FM1,FM1,W15FM1R6,19,6,0,NA,0,Present,25,Ridge,
W15,1/15/2015,Fort Matanzas,Y,FM4,FM4,W15FM4R15,101,0,4,NA,0,Present,105,Ridge,
W15,1/15/2015,Fort Matanzas,Y,FM4,FM4,W15FM4R23,131,0,7,NA,0,Present,138,Ridge,
W15,1/15/2015,Fort Matanzas,Y,FM4,FM4,W15FM4R25,181,9,23,NA,0,Present,213,Ridge,
W15,1/16/2015,Butler Beach,N,MC1,MC1,W15MC1R10,64,1,2,NA,0,Absent,67,Ridge,
W15,1/16/2015,Butler Beach,N,MC1,MC1,W15MC1R12,NA,NA,NA,NA,NA,NA,NA,Ridge,Sample lost 
W15,1/16/2015,Butler Beach,N,MC1,MC1,W15MC1R13,89,2,2,1,0,Absent,94,Ridge,
W15,1/16/2015,Butler Beach,N,MC2,MC2,W15MC2R1,81,1,2,NA,0,NA,84,Ridge,
W15,1/16/2015,Butler Beach,N,MC2,MC2,W15MC2R27,117,0,7,NA,0,NA,124,Ridge,
W15,1/16/2015,Butler Beach,N,MC2,MC2,W15MC2R41,70,2,4,NA,0,NA,76,Ridge,
W15,1/16/2015,Fort Matanzas,Y,FM206,FM206,W15FM206R14,51,2,2,NA,0,NA,55,Ridge,
W15,1/16/2015,Fort Matanzas,Y,FM206,FM206,W15FM206R17,54,18,14,1,0,NA,87,Ridge,
W15,1/16/2015,Fort Matanzas,Y,FM206,FM206,W15FM206R23,229,68,22,4,0,NA,323,Ridge,
W15,1/16/2015,Fort Matanzas,Y,FM3,FM3,W15FM3R16,115,0,20,NA,0,NA,135,Ridge,
W15,1/16/2015,Fort Matanzas,Y,FM3,FM3,W15FM3R5,95,9,35,NA,0,NA,139,Ridge,
W15,1/16/2015,Fort Matanzas,Y,FM3,FM3,W15FM3R8,88,2,8,NA,0,NA,98,Ridge,
W15,1/27/2015,Salt Run,Y,SR2,SR2,W15SR2R21,54,3,1,NA,0,NA,58,Ridge,
W15,1/27/2015,Salt Run,Y,SR2,SR2,W15SR2R42,26,0,0,NA,0,NA,26,Ridge,
W15,1/27/2015,Salt Run,Y,SR2,SR2,W15SR2R50,42,28,0,NA,0,NA,70,Ridge,
W15,1/27/2015,Salt Run,N,SR4,SR4,W15SR4R19,81,3,13,NA,14,Absent,111,Ridge,
W15,1/27/2015,Salt Run,N,SR4,SR4,W15SR4R20,120,4,17,NA,7,Present,148,Ridge,
W15,1/27/2015,Salt Run,N,SR4,SR4,W15SR4R5,128,51,19,NA,7,Absent,205,Ridge,
W15,1/27/2015,Salt Run,N,SR5,SR5,W15SR5R3,213,20,31,NA,26,Absent,290,Ridge,
W15,1/27/2015,Salt Run,N,SR5,SR5,W15SR5R5,232,7,36,NA,26,Absent,301,Ridge,
W15,1/27/2015,Salt Run,N,SR5,SR5,W15SR5R8,139,28,23,NA,24,Absent,214,Ridge,
W15,1/27/2015,Salt Run,N,SR7,SR7,W15SR7R12,85,216,50,NA,0,NA,351,Ridge,
W15,1/27/2015,Salt Run,N,SR7,SR7,W15SR7R18,30,50,15,NA,0,NA,95,Ridge,
W15,1/27/2015,Salt Run,N,SR7,SR7,W15SR7R5,62,64,17,NA,2,NA,145,Ridge,
W15,1/27/2015,Salt Run,N,SR8,SR8,W15SR8R1,81,57,9,NA,0,NA,147,Ridge,
W15,1/27/2015,Salt Run,N,SR8,SR8,W15SR8R15,26,14,8,NA,0,NA,48,Ridge,
W15,1/27/2015,Salt Run,N,SR8,SR8,W15SR8R17,48,34,0,NA,0,NA,82,Ridge,
W15,1/28/2015,Salt Run,Y,SR1,SR1,W15SR1R1,69,2,1,NA,0,Absent,72,Ridge,
W15,1/28/2015,Salt Run,Y,SR1,SR1,W15SR1R2,30,1,0,NA,0,Present,31,Ridge,
W15,1/28/2015,Salt Run,Y,SR1,SR1,W15SR1R4,24,0,0,NA,0,Absent,24,Ridge,
W15,1/28/2015,Salt Run,Y,SR3,SR3,W15SR3R11,40,5,7,NA,2,NA,54,Ridge,
W15,1/28/2015,Salt Run,Y,SR3,SR3,W15SR3R19,36,1,4,NA,1,NA,42,Ridge,
W15,1/28/2015,Salt Run,Y,SR3,SR3,W15SR3R9,36,2,3,NA,2,NA,43,Ridge,
W15,1/28/2015,Salt Run,Y,SR6,SR6,W15SR6R25,28,1,12,NA,0,NA,41,Ridge,
W15,1/28/2015,Salt Run,Y,SR6,SR6,W15SR6R29,30,0,8,NA,0,NA,38,Ridge,
W15,1/28/2015,Salt Run,Y,SR6,SR6,W15SR6R6,7,0,0,NA,0,NA,7,Ridge,
W15,1/28/2015,Salt Run,Y,SR9,SR9,W15SR9R1,19,9,0,1,0,Absent,29,Ridge,
W15,1/28/2015,Salt Run,Y,SR9,SR9,W15SR9R2,14,4,0,NA,0,Absent,18,Ridge,
W15,1/28/2015,Salt Run,Y,SR9,SR9,W15SR9R9,19,0,0,NA,0,Absent,19,Ridge,
W15,1/29/2015,Guana River,N,GR6,GR6,W15GR6R5,79,2,1,NA,0,Absent,82,Ridge,
W15,1/29/2015,Guana River,N,GR6,GR6,W15GR6R7,151,2,5,1,1,Absent,160,Ridge,
W15,1/29/2015,Guana River,N,GR6,GR6,W15GR6R9,208,3,5,NA,2,Absent,218,Ridge,
W15,1/29/2015,Guana River,N,GR7,GR7,W15GR7R12,35,12,3,NA,0,Absent,50,Ridge,
W15,1/29/2015,Guana River,N,GR7,GR7,W15GR7R14,49,5,1,NA,0,Absent,55,Ridge,
W15,1/29/2015,Guana River,N,GR7,GR7,W15GR7R23,86,23,9,NA,1,Present,119,Ridge,
W15,1/29/2015,Guana River,N,GR8,GR8,W15GR8R10,206,1,5,NA,0,Present,212,Ridge,
W15,1/29/2015,Guana River,N,GR8,GR8,W15GR8R34,311,14,12,NA,1,Present,338,Ridge,
W15,1/29/2015,Guana River,N,GR8,GR8,W15GR8R6,122,14,7,NA,0,Present,143,Ridge,
W15,1/30/2015,Guana River,N,GR1,GR1,W15GR1R7,54,73,17,NA,0,Absent,144,Ridge,
W15,1/30/2015,Guana River,N,GR1,GR1,W15GR1R8,60,7,29,NA,0,Absent,96,Ridge,
W15,1/30/2015,Guana River,N,GR1,GR1,W15GR1R9,59,31,34,NA,0,Absent,124,Ridge,
W15,1/30/2015,Guana River,N,GR2,GR2,W15GR2R2,106,12,20,1,0,Absent,139,Ridge,
W15,1/30/2015,Guana River,N,GR2,GR2,W15GR2R28,38,0,8,1,0,Absent,47,Ridge,
W15,1/30/2015,Guana River,N,GR2,GR2,W15GR2R4,51,0,7,NA,0,Absent,58,Ridge,
W15,1/30/2015,Guana River,N,GR4,GR4,W15GR4R2,97,35,4,NA,0,Absent,136,Ridge,
W15,1/30/2015,Guana River,N,GR4,GR4,W15GR4R5,87,27,29,NA,0,Absent,143,Ridge,
W15,1/30/2015,Guana River,N,GR4,GR4,W15GR4R6,84,5,30,NA,0,Absent,119,Ridge,
W15,1/30/2015,Guana River,N,GR5,GR5,W15GR5R20,102,47,12,NA,0,Present,161,Ridge,
W15,1/30/2015,Guana River,N,GR5,GR5,W15GR5R24,104,39,9,NA,0,Present,152,Ridge,
W15,1/30/2015,Guana River,N,GR5,GR5,W15GR5R3,77,12,10,NA,0,Absent,99,Ridge,
W15,2/10/2015,St Augustine,N,SA22,SA22,W15SA22R10,43,2,4,1,0,Absent,50,Ridge,
W15,2/10/2015,St Augustine,N,SA22,SA22,W15SA22R17,70,0,7,NA,0,Absent,77,Ridge,
W15,2/10/2015,St Augustine,N,SA22,SA22,W15SA22R8,138,0,14,1,0,Absent,153,Ridge,
W15,2/10/2015,St Augustine,N,SA7A,SA7A,W15SA7AR23,108,6,26,NA,0,Absent,140,Ridge,
W15,2/10/2015,St Augustine,N,SA7A,SA7A,W15SA7AR25,88,12,6,NA,0,Absent,106,Ridge,
W15,2/10/2015,St Augustine,N,SA7A,SA7A,W15SA7AR6,78,5,9,NA,0,Absent,92,Ridge,
W15,2/10/2015,St Augustine,N,SA9,SA9,W15SA9R11,144,7,4,NA,0,Absent,155,Ridge,
W15,2/10/2015,St Augustine,N,SA9,SA9,W15SA9R7,108,0,4,NA,0,Present,112,Ridge,
W15,2/10/2015,St Augustine,N,SA9,SA9,W15SA9R9,57,3,0,NA,0,Absent,60,Ridge,
W15,2/11/2015,St Augustine,N,SA5A,SA5A,W15SA5AR1,98,10,16,NA,0,Absent,124,Ridge,
W15,2/11/2015,St Augustine,N,SA5A,SA5A,W15SA5AR2,110,6,18,NA,0,Absent,134,Ridge,
W15,2/11/2015,St Augustine,N,SA5B,SA5B,W15SA5BR1,50,0,3,NA,0,Absent,53,Ridge,
W15,2/11/2015,St Augustine,N,SA5B,SA5B,W15SA5BR3,116,6,6,NA,0,Absent,128,Ridge,
W15,2/18/2015,Guana River ,N,GR2,GR2,W15GR2E1,183,331,3,NA,2,Present,519,Lower Edge,
W15,2/18/2015,Guana River ,N,GR2,GR2,W15GR2E13,111,49,0,12,0,Absent,172,Lower Edge,
W15,2/18/2015,Guana River ,N,GR2,GR2,W15GR2E5,103,300,5,2,4,Present,414,Lower Edge,
W15,2/18/2015,Guana River ,N,GR2,GR2,W15GR2R17,62,0,8,NA,0,Absent,70,Ridge,
W15,2/18/2015,Guana River ,N,GR2,GR2,W15GR2R20,29,1,7,1,1,Absent,39,Ridge,
W15,2/18/2015,Guana River ,N,GR2,GR2,W15GR2R27,140,40,32,NA,0,Present,212,Ridge,
W15,2/18/2015,Guana River ,N,GR3,GR3,W15GR3E4,84,106,1,NA,7,Absent,198,Lower Edge,
W15,2/18/2015,Guana River ,N,GR3,GR3,W15GR3E6,13,8,0,NA,0,Absent,21,Lower Edge,
W15,2/18/2015,Guana River ,N,GR3,GR3,W15GR3R3,47,2,2,NA,0,Absent,51,Ridge,
W15,2/18/2015,Guana River ,N,GR3,GR3,W15GR3R7,198,21,4,NA,5,Absent,228,Ridge,
W15,2/18/2015,Tolomato River,Y,TR3,TR3,W15TR3E3,165,7,7,NA,1,Absent,180,Lower Edge,
W15,2/18/2015,Tolomato River,Y,TR3,TR3,W15TR3E5,68,11,0,NA,2,Absent,81,Lower Edge,
W15,2/18/2015,Tolomato River,Y,TR3,TR3,W15TR3R10,50,1,6,NA,2,Absent,59,Ridge,
W15,2/18/2015,Tolomato River,Y,TR3,TR3,W15TR3R5,73,1,5,NA,1,Absent,80,Ridge,
S15,6/9/2015,Fort Matanzas,Y,FMNR6,FMNR6,S15FNR6R1,36,2,11,0,0,Absent,49,Ridge,
S15,6/9/2015,Fort Matanzas,Y,FMNR6,FMNR6,S15FNR6R2,34,3,1,0,0,Absent,38,Ridge,
S15,6/9/2015,Fort Matanzas,Y,FMNR6,FMNR6,S15FNR6R4,13,0,0,0,0,Absent,13,Ridge,
S15,6/9/2015,Pellicer Flats,N,PF3A,PF3A,S15PF3AR0,309,25,70,0,0,Absent,404,Ridge,
S15,6/9/2015,Pellicer Flats,N,PF3A,PF3A,S15PF3AR3,124,1,0,0,0,Absent,125,Ridge,
S15,6/9/2015,Pellicer Flats,N,PF3A,PF3A,S15PF3AR7,240,22,57,0,0,Absent,319,Ridge,
S15,6/10/2015,Butler Beach,N,BBNR1,BBNR1,S15BBNR1R0,54,10,1,0,0,Absent,65,Ridge,
S15,6/10/2015,Butler Beach,N,BBNR1,BBNR1,S15BBNR1R4,85,1,1,0,0,Absent,87,Ridge,
S15,6/10/2015,Butler Beach,N,BBNR1,BBNR1,S15BBNR1R5,69,0,3,0,0,Absent,72,Ridge,
S15,6/10/2015,Tolomato River,Y,TRNR1,TRNR1,S15TRNR1R0,81,4,3,0,0,Absent,88,Ridge,
S15,6/10/2015,Tolomato River,Y,TRNR1,TRNR1,S15TRNR1R17,43,0,1,0,0,Absent,44,Ridge,
S15,6/10/2015,Tolomato River,Y,TRNR1,TRNR1,S15TRNR1R22,31,0,0,0,0,Absent,31,Ridge,
S15,6/10/2015,Tolomato River,N,VBNR1,VBNR1,S15VBNR1R3,110,34,5,0,0,Absent,149,Ridge,
S15,6/10/2015,Tolomato River,N,VBNR1,VBNR1,S15VBNR1R4,68,3,3,0,0,Absent,74,Ridge,"data sheet not labeled, basing quad on percent live cover"
S15,6/10/2015,Tolomato River,N,VBNR1,VBNR1,S15VBNR1R6,49,0,3,1,0,Absent,53,Ridge,"data sheet not labeled, basing quad on percent live cover"
S15,6/22/2015,Butler Beach,N,MC1,MC1,S15MC1R13,131,3,3,0,2,Absent,139,Ridge,
S15,6/22/2015,Butler Beach,N,MC1,MC1,S15MC1R4,149,6,8,1,0,Absent,164,Ridge,
S15,6/22/2015,Butler Beach,N,MC1,MC1,S15MC1R8,104,5,5,0,3,Absent,117,Ridge,
S15,6/22/2015,Butler Beach,N,MC2,MC2,S15MC2R1,86,1,0,0,0,Absent,87,Ridge,
S15,6/22/2015,Butler Beach,N,MC2,MC2,S15MC2R19,92,1,1,1,0,Absent,95,Ridge,
S15,6/22/2015,Butler Beach,N,MC2,MC2,S15MC2R8,63,1,2,0,0,Absent,66,Ridge,
S15,6/22/2015,Fort Matanzas,Y,FM1,FM1,S15FM1R14,49,6,1,0,0,Absent,56,Ridge,
S15,6/22/2015,Fort Matanzas,Y,FM1,FM1,S15FM1R15,37,6,3,0,0,Absent,46,Ridge,
S15,6/22/2015,Fort Matanzas,Y,FM1,FM1,S15FM1R7,77,14,7,0,0,Absent,98,Ridge,
S15,6/22/2015,Fort Matanzas,Y,FM3,FM3A,S15FM3R17,67,6,8,0,0,Absent,81,Ridge,
S15,6/22/2015,Fort Matanzas,Y,FM3,FM3A,S15FM3R2,91,15,9,0,0,Absent,115,Ridge,
S15,6/22/2015,Fort Matanzas,Y,FM3,FM3A,S15FM3R9,38,1,0,0,0,Absent,39,Ridge,
S15,6/23/2015,Salt Run,Y,SR1,SR1,S15SR1R0,102,12,2,0,0,Absent,116,Ridge,
S15,6/23/2015,Salt Run,Y,SR1,SR1,S15SR1R12,27,1,0,0,0,Absent,28,Ridge,
S15,6/23/2015,Salt Run,Y,SR1,SR1,S15SR1R14,32,0,0,0,0,Absent,32,Ridge,
S15,6/23/2015,Salt Run,N,SR10,SR10,S15SR10R15,107,36,0,0,0,Absent,143,Ridge,
S15,6/23/2015,Salt Run,N,SR10,SR10,S15SR10R17,52,36,0,0,0,Absent,88,Ridge,
S15,6/23/2015,Salt Run,N,SR10,SR10,S15SR10R6,121,36,0,0,0,Absent,157,Ridge,
S15,6/23/2015,Salt Run,Y,SR2,SR2,S15SR2R12,39,4,0,0,0,Absent,43,Ridge,
S15,6/23/2015,Salt Run,Y,SR2,SR2,S15SR2R24,83,20,0,0,0,Absent,103,Ridge,
S15,6/23/2015,Salt Run,Y,SR2,SR2,S15SR2R4,33,0,0,0,0,Absent,33,Ridge,
S15,6/23/2015,Salt Run,N,SR4,SR4,S15SR4R1,61,5,23,1,1,Absent,91,Ridge,
S15,6/23/2015,Salt Run,N,SR4,SR4,S15SR4R12,115,6,11,0,0,Absent,132,Ridge,
S15,6/23/2015,Salt Run,N,SR4,SR4,S15SR4R7,116,24,29,5,1,Absent,175,Ridge,
S15,6/23/2015,Salt Run,N,SR5,SR5,S15SR5R4,132,2,27,2,4,Absent,167,Ridge,
S15,6/23/2015,Salt Run,N,SR5,SR5,S15SR5R5,154,3,32,2,5,Absent,196,Ridge,
S15,6/23/2015,Salt Run,N,SR5,SR5,S15SR5R7,81,0,13,3,0,Absent,97,Ridge,
S15,6/23/2015,Salt Run,N,SR8,SR8,S15SR8R10,52,30,0,0,0,Absent,82,Ridge,
S15,6/23/2015,Salt Run,N,SR8,SR8,S15SR8R2,124,32,1,0,0,Absent,157,Ridge,
S15,6/23/2015,Salt Run,N,SR8,SR8,S15SR8R5,75,59,0,0,0,Absent,134,Ridge,
S15,6/24/2015,Tolomato River,N,TR10,TR10,S15TR10R0,78,39,3,0,1,Absent,121,Ridge,
S15,6/24/2015,Tolomato River,N,TR10,TR10,S15TR10R7,115,14,0,0,0,Absent,129,Ridge,
S15,6/24/2015,Tolomato River,N,TR10,TR10,S15TR10R8,32,74,7,0,3,Absent,116,Ridge,
S15,6/24/2015,Tolomato River,N,TR13,TR13,S15TR13R11,79,2,2,0,0,Absent,83,Ridge,
S15,6/24/2015,Tolomato River,N,TR13,TR13,S15TR13R2,77,0,6,0,1,Absent,84,Ridge,
S15,6/24/2015,Tolomato River,N,TR13,TR13,S15TR13R3,92,1,7,0,0,Absent,100,Ridge,
S15,6/24/2015,Tolomato River,Y,TR16,TR16,S15TR16R2,144,4,7,0,3,Absent,158,Ridge,
S15,6/24/2015,Tolomato River,Y,TR16,TR16,S15TR16R5,89,3,11,0,1,Absent,104,Ridge,
S15,6/24/2015,Tolomato River,Y,TR16,TR16,S15TR16R7,121,1,14,0,3,Absent,139,Ridge,
S15,6/24/2015,Tolomato River,N,TR2,TR2A,S15TR2R10,38,0,3,0,0,Absent,41,Ridge,
S15,6/24/2015,Tolomato River,N,TR2,TR2A,S15TR2R5,25,0,1,0,0,Absent,26,Ridge,
S15,6/24/2015,Tolomato River,N,TR2,TR2A,S15TR2R7,59,0,1,0,0,Absent,60,Ridge,
S15,6/24/2015,Tolomato River,N,TR7,TR7,S15TR7R1,70,14,0,0,1,Absent,85,Ridge,
S15,6/24/2015,Tolomato River,N,TR7,TR7,S15TR7R12,169,1,2,4,3,Absent,179,Ridge,
S15,6/24/2015,Tolomato River,N,TR7,TR7,S15TR7R7,7,0,0,0,1,Absent,8,Ridge,**in a dead patch
S15,6/25/2015,Butler Beach,N,BB15A,BB15A,S15BB15AR16,179,5,10,0,0,Absent,194,Ridge,
S15,6/25/2015,Butler Beach,N,BB15A,BB15A,S15BB15AR20,183,2,9,1,0,Absent,195,Ridge,
S15,6/25/2015,Butler Beach,N,BB15A,BB15A,S15BB15AR3,155,19,10,0,1,Absent,185,Ridge,
S15,7/7/2015,Fort Matanzas,Y,CO,CO,S15COR12,67,2,0,0,0,Absent,69,Ridge,
S15,7/7/2015,Fort Matanzas,Y,CO,CO,S15COR2,59,1,4,0,0,Absent,64,Ridge,
S15,7/7/2015,Fort Matanzas,Y,CO,CO,S15COR5,67,0,1,0,0,Absent,68,Ridge,
S15,7/7/2015,Fort Matanzas,Y,FM206,FM206,S15FM206R22,102,0,2,0,0,Absent,104,Ridge,
S15,7/7/2015,Fort Matanzas,Y,FM206,FM206,S15FM206R28,81,0,3,0,0,Absent,84,Ridge,
S15,7/7/2015,Fort Matanzas,Y,FM206,FM206,S15FM206R7,38,0,0,0,0,Absent,38,Ridge,
S15,7/7/2015,Fort Matanzas,Y,FM4,FM4,S15FM4R10,54,1,5,0,0,Absent,60,Ridge,
S15,7/7/2015,Fort Matanzas,Y,FM4,FM4,S15FM4R27,59,1,4,0,0,Absent,64,Ridge,
S15,7/7/2015,Fort Matanzas,Y,FM4,FM4,S15FM4R6,84,1,7,0,0,Absent,92,Ridge,
S15,7/8/2015,St Augustine,N,SA22,SA22,S15SA22R15,44,0,6,0,0,Absent,50,Ridge,
S15,7/8/2015,St Augustine,N,SA22,SA22,S15SA22R17,194,1,36,3,3,Absent,237,Ridge,
S15,7/8/2015,St Augustine,N,SA22,SA22,S15SA22R18,53,0,5,0,0,Absent,58,Ridge,
S15,7/8/2015,St Augustine,N,SA5,SA5,S15SA5R11,68,3,1,0,0,Absent,72,Ridge,
S15,7/8/2015,St Augustine,N,SA5,SA5,S15SA5R4,60,6,0,0,0,Absent,66,Ridge,
S15,7/8/2015,St Augustine,N,SA5,SA5,S15SA5R6,48,2,0,0,0,Absent,50,Ridge,
S15,7/8/2015,St Augustine,N,SA5A,SA5A,S15SA5AR1,56,3,5,0,0,Absent,64,Ridge,
S15,7/8/2015,St Augustine,N,SA5A,SA5A,S15SA5AR2,29,0,8,0,0,Absent,37,Ridge,
S15,7/8/2015,St Augustine,N,SA5A,SA5A,S15SA5AR3,54,4,5,0,0,Absent,63,Ridge,
S15,7/8/2015,St Augustine,N,SA5B,SA5B,S15SA5BR1,56,2,4,0,0,Absent,62,Ridge,
S15,7/8/2015,St Augustine,N,SA5B,SA5B,S15SA5BR2,18,1,2,0,0,Absent,21,Ridge,
S15,7/8/2015,St Augustine,N,SA5B,SA5B,S15SA5BR3,25,0,1,0,0,Absent,26,Ridge,
S15,7/8/2015,St Augustine,N,SA6,SA6,S15SA6R4,62,14,3,0,0,Absent,79,Ridge,
S15,7/8/2015,St Augustine,N,SA6,SA6,S15SA6R5,51,38,1,0,0,Absent,90,Ridge,
S15,7/8/2015,St Augustine,N,SA6,SA6,S15SA6R7,98,113,6,0,0,Absent,217,Ridge,
S15,7/8/2015,St Augustine,N,SA7A,SA7A,S15SA7AR3,55,0,10,0,0,Absent,65,Ridge,
S15,7/8/2015,St Augustine,N,SA7A,SA7A,S15SA7AR7,70,1,5,0,0,Absent,76,Ridge,
S15,7/8/2015,St Augustine,N,SA7A,SA7A,S15SA7AR9,66,1,5,0,0,Absent,72,Ridge,
S15,7/8/2015,St Augustine,N,SA9,SA9,S15SA9R2,149,4,16,0,0,Absent,169,Ridge,
S15,7/8/2015,St Augustine,N,SA9,SA9,S15SA9R3,41,1,1,0,0,Absent,43,Ridge,
S15,7/8/2015,St Augustine,N,SA9,SA9,S15SA9R7,50,0,1,0,0,Absent,51,Ridge,
S15,7/9/2015,Salt Run,Y,SR2S,SR2S,S15SR2SR12,30,2,0,0,0,Absent,32,Ridge,
S15,7/9/2015,Salt Run,Y,SR2S,SR2S,S15SR2SR14,34,0,0,0,0,Absent,34,Ridge,
S15,7/9/2015,Salt Run,Y,SR2S,SR2S,S15SR2SR6,54,58,0,1,1,Absent,114,Ridge,
S15,7/9/2015,Salt Run,Y,SR3,SR3,S15SR3R10,17,1,1,0,0,Absent,19,Ridge,
S15,7/9/2015,Salt Run,Y,SR3,SR3,S15SR3R4,35,0,0,0,0,Absent,35,Ridge,
S15,7/9/2015,Salt Run,Y,SR3,SR3,S15SR3R6,10,0,2,0,0,Absent,12,Ridge,
S15,7/9/2015,Salt Run,Y,SR6,SR6,S15SR6R18,50,10,1,0,2,Absent,63,Ridge,
S15,7/9/2015,Salt Run,Y,SR6,SR6,S15SR6R3,26,0,0,0,0,Absent,26,Ridge,
S15,7/9/2015,Salt Run,Y,SR6,SR6,S15SR6R9,44,0,4,0,0,Absent,48,Ridge,
S15,7/9/2015,Salt Run,N,SR7,SR7,S15SR7R4,60,72,44,0,2,Absent,178,Ridge,
S15,7/9/2015,Salt Run,N,SR7,SR7,S15SR7R5,85,73,42,0,7,Absent,207,Ridge,
S15,7/9/2015,Salt Run,N,SR7,SR7,S15SR7R8,16,15,0,0,1,Absent,32,Ridge,
S15,7/9/2015,Salt Run,Y,SR9,SR9,S15SR9R3,18,1,0,0,0,Absent,19,Ridge,
S15,7/9/2015,Salt Run,Y,SR9,SR9,S15SR9R5,56,7,1,0,0,Absent,64,Ridge,
S15,7/9/2015,Salt Run,Y,SR9,SR9,S15SR9R9,37,20,0,0,0,Absent,57,Ridge,
S15,7/21/2015,Guana River,N,GR3,GR3,S15GR3R11,178,11,7,0,0,Absent,196,Ridge,
S15,7/21/2015,Guana River,N,GR3,GR3,S15GR3R12,64,2,0,0,0,Absent,66,Ridge,
S15,7/21/2015,Guana River,N,GR3,GR3,S15GR3R3,156,15,16,0,0,Absent,187,Ridge,
S15,7/21/2015,Guana River,N,GR7,GR7,S15GR7R14,23,5,2,0,0,Absent,30,Ridge,
S15,7/21/2015,Guana River,N,GR7,GR7,S15GR7R16,25,0,1,0,0,Absent,26,Ridge,
S15,7/21/2015,Guana River,N,GR7,GR7,S15GR7R4,40,3,1,0,0,Absent,44,Ridge,
S15,7/21/2015,Guana River,N,GR8,GR8,S15GR8R16,53,1,1,0,0,Absent,55,Ridge,
S15,7/21/2015,Guana River,N,GR8,GR8,S15GR8R17,96,9,8,0,0,Absent,113,Ridge,
S15,7/21/2015,Guana River,N,GR8,GR8,S15GR8R8,67,2,2,0,0,Absent,71,Ridge,
S15,7/22/2015,Guana River,N,GR1,GR1,S15GR1R12,55,6,3,0,0,Absent,64,Ridge,
S15,7/22/2015,Guana River,N,GR1,GR1,S15GR1R14,82,16,19,0,0,Absent,117,Ridge,
S15,7/22/2015,Guana River,N,GR1,GR1,S15GR1R15,72,11,5,0,0,Absent,88,Ridge,
S15,7/22/2015,Guana River,N,GR2,GR2,S15GR2R18,20,1,3,0,0,Absent,24,Ridge,
S15,7/22/2015,Guana River,N,GR2,GR2,S15GR2R19,28,0,0,0,0,Absent,28,Ridge,
S15,7/22/2015,Guana River,N,GR2,GR2,S15GR2R23,34,2,2,0,0,Absent,38,Ridge,
S15,7/22/2015,Guana River,N,GR5,GR5,S15GR5R22,21,5,1,0,0,Absent,27,Ridge,
S15,7/22/2015,Guana River,N,GR5,GR5,S15GR5R24,37,9,0,0,0,Absent,46,Ridge,
S15,7/22/2015,Guana River,N,GR5,GR5,S15GR5R8,43,8,3,0,0,Absent,54,Ridge,
S15,7/23/2015,Guana River,N,GR4,GR4,S15GR4R3,30,6,6,0,0,Absent,42,Ridge,
S15,7/23/2015,Guana River,N,GR4,GR4,S15GR4R5,30,7,14,0,0,Absent,51,Ridge,
S15,7/23/2015,Guana River,N,GR4,GR4,S15GR4R8,42,11,12,0,0,Absent,65,Ridge,
S15,7/23/2015,Guana River,N,GR6,GR6,S15GR6R3,75,0,11,0,0,Absent,86,Ridge,
S15,7/23/2015,Guana River,N,GR6,GR6,S15GR6R4,79,0,6,0,0,Absent,85,Ridge,
S15,7/23/2015,Guana River,N,GR6,GR6,S15GR6R6,79,0,4,0,0,Absent,83,Ridge,
S15,8/4/2015,Tolomato River,Y,TR3,TR3,S15TR3R4,5,0,0,0,0,Absent,5,Ridge,
S15,8/4/2015,Tolomato River,Y,TR3,TR3,S15TR3R5,4,0,0,0,0,Absent,4,Ridge,
S15,8/4/2015,Tolomato River,Y,TR3,TR3,S15TR3R7,17,0,1,0,0,Absent,18,Ridge,
S15,8/5/2015,Pellicer Flats,N,PF4,PF4,S15PF4R1,10,2,9,1,0,Absent,22,Ridge,
S15,8/5/2015,Pellicer Flats,N,PF4,PF4,S15PF4R19,5,13,44,2,0,Absent,64,Ridge,
S15,8/5/2015,Pellicer Flats,N,PF4,PF4,S15PF4R40,4,25,112,9,0,Absent,150,Ridge,
S15,8/6/2015,Fort Matanzas,N,ML,ML,S15PFMLR11,54,7,4,0,0,Absent,65,Ridge,
S15,8/6/2015,Fort Matanzas,N,ML,ML,S15PFMLR5,10,3,0,1,0,Absent,14,Ridge,
S15,8/6/2015,Fort Matanzas,N,ML,ML,S15PFMLR7,23,5,2,0,0,Absent,30,Ridge,
S15,8/6/2015,Pellicer Flats,N,PF8,PF8,S15PF8R13,64,3,5,0,0,Absent,72,Ridge,
S15,8/6/2015,Pellicer Flats,N,PF8,PF8,S15PF8R2,149,9,8,0,0,Absent,166,Ridge,
S15,8/6/2015,Pellicer Flats,N,PF8,PF8,S15PF8R4,57,3,5,0,0,Absent,65,Ridge,
S15,8/6/2015,Pellicer Flats,N,PF9,PF9,S15PF9R10,64,0,2,0,0,Absent,66,Ridge,
S15,8/6/2015,Pellicer Flats,N,PF9,PF9,S15PF9R15,79,2,12,0,0,Absent,93,Ridge,
S15,8/6/2015,Pellicer Flats,N,PF9,PF9,S15PF9R6,103,1,65,6,6,Absent,181,Ridge,
S15,8/6/2015,Pellicer Flats,N,PFD,PFD,S15PFDR1,472,21,47,0,0,Absent,540,Ridge,
S15,8/6/2015,Pellicer Flats,N,PFD,PFD,S15PFDR25,694,62,112,31,0,Absent,899,Ridge,3 crown conchs / 1 pen shell
S15,8/6/2015,Pellicer Flats,N,PFD,PFD,S15PFDR9,92,10,73,0,0,Absent,175,Ridge,
S15,9/9/2015,Tolomato River,Y,TR3A,TR3A,S15TR3AR4,71,2,2,0,0,Absent,75,Ridge,
S15,9/9/2015,Tolomato River,Y,TR3A,TR3A,S15TR3AR6,56,0,4,0,0,Absent,60,Ridge,
S15,9/9/2015,Tolomato River,Y,TR3A,TR3A,S15TR3AR8,30,1,5,0,0,Absent,36,Ridge,
S15,9/9/2015,Tolomato River,N,VBNR2,VBNR2,S15VBNR2R2,121,13,18,0,0,Absent,152,Ridge,
S15,9/9/2015,Tolomato River,N,VBNR2,VBNR2,S15VBNR2R4,186,16,8,0,0,Absent,210,Ridge,
S15,9/9/2015,Tolomato River,N,VBNR2,VBNR2,S15VBNR2R5,89,10,4,0,0,Absent,103,Ridge,
W16,12/10/2015,Guana River,N,GR250,GR250,W16GR250R1,129,53,13,4,0,Present,199,Ridge,
W16,12/10/2015,Guana River,N,GR250,GR250,W16GR250R11,125,26,22,12,0,Present,185,Ridge,
W16,12/10/2015,Guana River,N,GR250,GR250,W16GR250R16,50,6,6,4,0,Present,66,Ridge,
W16,12/14/2015,Salt Run,N,SR55,SR55,W16SR55R11,45,116,0,NA,0,NA,161,Ridge,
W16,12/14/2015,Salt Run,N,SR55,SR55,W16SR55R5,36,18,0,NA,0,NA,54,Ridge,1 mud crab/ conch shell
W16,12/14/2015,Salt Run,N,SR55,SR55,W16SR55R9,51,156,0,NA,6,NA,213,Ridge,mud crab / conch 
W16,12/14/2015,Salt Run,N,SR56,SR56,W16SR56R14,89,77,0,0,5,Absent,171,Ridge,
W16,12/14/2015,Salt Run,N,SR56,SR56,W16SR56R5,212,104,17,2,38,Absent,373,Ridge,
W16,12/14/2015,Salt Run,N,SR56,SR56,W16SR56R9,220,201,19,0,41,Absent,481,Ridge,
W16,12/14/2015,Salt Run,N,SR57,SR57,W16SR57R12,66,35,3,1,0,Absent,105,Ridge,
W16,12/14/2015,Salt Run,N,SR57,SR57,W16SR57R6,70,135,2,0,0,Absent,207,Ridge,
W16,12/14/2015,Salt Run,N,SR57,SR57,W16SR57R8,77,244,0,0,0,Absent,321,Ridge,
W16,12/16/2015,Pellicer Flats,N,PF313,PF313,W16PF313R1,320,59,28,0,0,Present,407,Ridge,
W16,12/16/2015,Pellicer Flats,N,PF313,PF313,W16PF313R11,336,338,66,22,0,Absent,762,Ridge,done while tide coming in/ underwater
W16,12/16/2015,Pellicer Flats,N,PF313,PF313,W16PF313R8,333,123,19,2,0,Absent,477,Ridge,
W16,12/16/2015,Pellicer Flats,N,PF323,PF323,W16PF323R13,513,104,33,25,0,Absent,675,Ridge,
W16,12/16/2015,Pellicer Flats,N,PF323,PF323,W16PF323R5,571,86,30,0,0,Absent,687,Ridge,
W16,12/16/2015,Pellicer Flats,N,PF323,PF323,W16PF323R8,306,61,14,8,0,Absent,389,Ridge,
W16,12/17/2015,Butler Beach,N,FM614,FM614,W16FM614R1,101,14,8,1,0,Present,124,Ridge,
W16,12/17/2015,Butler Beach,N,FM614,FM614,W16FM614R10,70,8,0,0,0,Present,78,Ridge,
W16,12/17/2015,Butler Beach,N,FM614,FM614,W16FM614R5,101,13,4,0,0,Absent,118,Ridge,
W16,12/17/2015,Butler Beach,N,FM631,FM631,W16FM631R3,62,13,2,0,0,Absent,77,Ridge,
W16,12/17/2015,Butler Beach,N,FM631,FM631,W16FM631R5,49,17,0,0,0,Absent,66,Ridge,
W16,12/17/2015,Butler Beach,N,FM631,FM631,W16FM631R6,69,16,4,0,0,Present,89,Ridge,
W16,12/21/2015,Guana River,N,GR80,GR80,W16GR80R2,57,0,10,0,0,Absent,67,Ridge,
W16,12/21/2015,Guana River,N,GR80,GR80,W16GR80R5,61,0,1,0,0,Absent,62,Ridge,
W16,12/21/2015,Guana River,N,GR80,GR80,W16GR80R6,93,3,12,0,0,Present,108,Ridge,
W16,12/21/2015,Guana River,N,GR89,GR89,W16GR89R12,129,4,9,1,0,Absent,143,Ridge,
W16,12/21/2015,Guana River,N,GR89,GR89,W16GR89R18,176,26,30,0,0,Absent,232,Ridge,
W16,12/21/2015,Guana River,N,GR89,GR89,W16GR89R26,272,27,24,7,0,Present,330,Ridge,
W16,1/13/2016,Pellicer Flats,N,PF415,PF415,W16PF415R12,278,41,19,9,0,Present,347,Ridge,
W16,1/13/2016,Pellicer Flats,N,PF415,PF415,W16PF415R4,528,44,64,27,0,Absent,663,Ridge,
W16,1/13/2016,Pellicer Flats,N,PF415,PF415,W16PF415R6,86,35,2,1,0,Present,124,Ridge,
W16,1/14/2016,Pellicer Flats,N,PF727,PF727,W16PF727R1,262,24,98,76,0,Absent,460,Ridge,
W16,1/14/2016,Pellicer Flats,N,PF727,PF727,W16PF727R12,38,1,27,9,0,Present,75,Ridge,
W16,1/14/2016,Pellicer Flats,N,PF727,PF727,W16PF727R19,160,12,36,31,0,Absent,239,Ridge,
W16,1/14/2016,Pellicer Flats,N,PF728,PF728,W16PF728R1,49,12,20,14,0,Absent,95,Ridge,
W16,1/14/2016,Pellicer Flats,N,PF728,PF728,W16PF728R10,90,3,20,10,0,Absent,123,Ridge,
W16,1/14/2016,Pellicer Flats,N,PF728,PF728,W16PF728R3,266,52,74,42,0,Absent,434,Ridge,
W16,1/19/2016,Salt Run,Y,SR30,SR30,W16SR30R10,34,6,0,0,0,Absent,40,Ridge,
W16,1/19/2016,Salt Run,Y,SR30,SR30,W16SR30R13,42,1,0,0,0,Absent,43,Ridge,
W16,1/19/2016,Salt Run,Y,SR30,SR30,W16SR30R8,24,1,0,0,0,Absent,25,Ridge,
W16,1/19/2016,Salt Run,Y,SR37,SR37,W16SR37R1,40,0,0,0,0,Absent,40,Ridge,
W16,1/19/2016,Salt Run,Y,SR37,SR37,W16SR37R7,21,4,0,1,0,Absent,26,Ridge,
W16,1/19/2016,Salt Run,Y,SR37,SR37,W16SR37R9,39,4,0,0,0,Absent,43,Ridge,
W16,1/26/2016,Tolomato River,Y,TR78,TR78,W16TR45R14,50,1,0,0,0,Present,51,Ridge,
W16,1/26/2016,Tolomato River,Y,TR78,TR78,W16TR78R5,130,7,25,1,0,Present,163,Ridge,
W16,1/26/2016,Tolomato River,Y,TR78,TR78,W16TR78R6,54,5,5,0,0,Absent,64,Ridge,
W16,2/2/2016,Salt Run,Y,SR66,SR66,W16SR66R11,47,10,0,0,0,Absent,57,Ridge,
W16,2/2/2016,Salt Run,Y,SR66,SR66,W16SR66R24,49,6,3,0,0,Absent,58,Ridge,
W16,2/2/2016,Salt Run,Y,SR66,SR66,W16SR66R6,59,4,7,0,0,Absent,70,Ridge,
W16,2/15/2016,Fort Matanzas,Y,FM40,FM40,W16FM40R1,95,18,9,9,0,Absent,131,Ridge,
W16,2/15/2016,Fort Matanzas,Y,FM40,FM40,W16FM40R37,61,0,4,6,0,Absent,71,Ridge,
W16,2/15/2016,Fort Matanzas,Y,FM40,FM40,W16FM40R43,131,7,17,5,0,Absent,160,Ridge,
W16,2/15/2016,Fort Matanzas,Y,FM79,FM79,W16FM79R18,98,1,13,0,0,Absent,112,Ridge,
W16,2/15/2016,Fort Matanzas,Y,FM79,FM79,W16FM79R4,74,4,11,1,0,Absent,90,Ridge,
W16,2/15/2016,Fort Matanzas,Y,FM79,FM79,W16FM79R9,98,15,13,2,0,Absent,128,Ridge,
W16,2/16/2016,Fort Matanzas,Y,FM32,FM32,W16FM32R1,99,4,15,0,0,Absent,118,Ridge,
W16,2/16/2016,Fort Matanzas,Y,FM32,FM32,W16FM32R11,50,8,3,0,0,Absent,61,Ridge,
W16,2/16/2016,Fort Matanzas,Y,FM32,FM32,W16FM32R16,58,23,5,7,0,Absent,93,Ridge,
W16,2/16/2016,Fort Matanzas,Y,FM77,FM77,W16FM77R1,83,10,2,0,0,Absent,95,Ridge,
W16,2/16/2016,Fort Matanzas,Y,FM77,FM77,W16FM77R21,59,13,12,1,0,Absent,85,Ridge,
W16,2/16/2016,Fort Matanzas,Y,FM77,FM77,W16FM77R4,101,32,8,0,0,Absent,141,Ridge,
W16,2/17/2016,Guana River,N,GR10,GR10,W16GR10R19,46,8,19,0,0,Absent,73,Ridge,
W16,2/17/2016,Guana River,N,GR10,GR10,W16GR10R4,87,21,13,0,0,Absent,121,Ridge,
W16,2/17/2016,Guana River,N,GR10,GR10,W16GR10R6,45,7,3,0,0,Absent,55,Ridge,
W16,2/17/2016,Guana River,N,GR11,GR11,W16GR11R2,40,54,9,1,0,Present,104,Ridge,
W16,2/17/2016,Guana River,N,GR11,GR11,W16GR11R8,72,14,40,0,0,Absent,126,Ridge,
W16,2/17/2016,Guana River,N,GR11,GR11,W16GR11R9,98,9,38,0,0,Absent,145,Ridge,
W16,2/17/2016,Guana River,N,GR70,GR70,W16GR70R3,170,10,9,5,0,Present,194,Ridge,
W16,2/17/2016,Guana River,N,GR70,GR70,W16GR70R4,131,12,6,0,0,Absent,149,Ridge,
W16,2/17/2016,Guana River,N,GR70,GR70,W16GR70R9,67,6,0,3,0,Absent,76,Ridge,
W16,2/19/2016,Butler Beach,N,FM24,FM24,W16FM24R26,173,7,3,9,0,Present,192,Ridge,
W16,2/19/2016,Butler Beach,N,FM24,FM24,W16FM24R32,225,9,30,4,0,Present,268,Ridge,
W16,2/19/2016,Butler Beach,N,FM24,FM24,W16FM24R5,105,5,9,7,0,Absent,126,Ridge,
W16,2/19/2016,St Augustine,N,SA155,SA155,W16SA155R4,157,54,22,5,0,Absent,238,Ridge,
W16,2/19/2016,St Augustine,N,SA155,SA155,W16SA155R5,219,42,48,9,0,Present,318,Ridge,
W16,2/19/2016,St Augustine,N,SA155,SA155,W16SA155R6,212,26,31,6,0,Present,275,Ridge,
W16,2/19/2016,St Augustine,N,SA89,SA89,W16SA89R16,161,47,20,3,0,Absent,231,Ridge,
W16,2/19/2016,St Augustine,N,SA89,SA89,W16SA89R3,59,1,5,3,0,Absent,68,Ridge,
W16,2/19/2016,St Augustine,N,SA89,SA89,W16SA89R8,32,2,1,0,0,Absent,35,Ridge,
W16,2/20/2016,Butler Beach,N,FM23,FM23,W16FM23R12,131,17,4,9,0,Absent,161,Ridge,
W16,2/20/2016,Butler Beach,N,FM23,FM23,W16FM23R15,102,10,3,3,0,Present,118,Ridge,
W16,2/20/2016,Butler Beach,N,FM23,FM23,W16FM23R17,99,16,7,1,0,Present,123,Ridge,
W16,2/29/2016,Tolomato River,N,TR209,TR209,W16TR209R2,36,2,1,0,0,Absent,39,Ridge,
W16,2/29/2016,Tolomato River,N,TR209,TR209,W16TR209R3,27,0,0,1,0,Absent,28,Ridge,
W16,2/29/2016,Tolomato River,N,TR209,TR209,W16TR209R7,57,1,0,0,0,Absent,58,Ridge,
W16,2/29/2016,Tolomato River,N,TR220,TR220,W16TR220R10,133,5,2,4,0,Absent,144,Ridge,
W16,2/29/2016,Tolomato River,N,TR220,TR220,W16TR220R7,94,10,9,10,0,Absent,123,Ridge,
W16,2/29/2016,Tolomato River,N,TR220,TR220,W16TR220R9,153,10,12,12,0,Absent,187,Ridge,
W16,2/29/2016,Tolomato River,N,TR307A,TR307A,W16TR307AR1,286,190,10,5,0,Absent,491,Ridge,
W16,2/29/2016,Tolomato River,N,TR307A,TR307A,W16TR307AR2,212,36,23,2,0,Absent,273,Ridge,
W16,2/29/2016,Tolomato River,N,TR307A,TR307A,W16TR307AR6,258,18,18,2,0,Present,296,Ridge,
W16,2/29/2016,Tolomato River,N,TR308,TR308,W16TR308R4,157,34,8,12,0,Present,211,Ridge,
W16,2/29/2016,Tolomato River,N,TR308,TR308,W16TR308RU1,127,21,23,24,0,Absent,195,Ridge,
W16,2/29/2016,Tolomato River,N,TR308,TR308,W16TR308RU2,121,23,10,16,0,Present,170,Ridge,
W16,3/1/2016,Butler Beach,N,FM26,FM26,W16FM26R13,132,9,3,2,0,Absent,146,Ridge,
W16,3/1/2016,Butler Beach,N,FM26,FM26,W16FM26R2,91,0,1,5,0,Absent,97,Ridge,
W16,3/1/2016,Butler Beach,N,FM26,FM26,W16FM26R7,117,7,2,7,0,Present,133,Ridge,
W16,3/1/2016,Fort Matanzas,Y,FM46,FM46,W16FM46R18,47,0,2,0,0,Absent,49,Ridge,
W16,3/1/2016,Fort Matanzas,Y,FM46,FM46,W16FM46R30,70,4,4,1,0,Absent,79,Ridge,
W16,3/1/2016,Fort Matanzas,Y,FM46,FM46,W16FM46R4,116,1,7,2,0,Present,126,Ridge,
W16,3/1/2016,Fort Matanzas,Y,FM84,FM84,W16FM84R15,84,3,5,0,0,Absent,92,Ridge,
W16,3/1/2016,Fort Matanzas,Y,FM84,FM84,W16FM84R2,156,25,36,1,1,Absent,219,Ridge,
W16,3/1/2016,Fort Matanzas,Y,FM84,FM84,W16FM84R5,58,2,5,4,0,Absent,69,Ridge,
W16,3/2/2016,Butler Beach,N,FM56,FM56,W16FM56R13,81,1,7,2,0,Absent,91,Ridge,
W16,3/2/2016,Butler Beach,N,FM56,FM56,W16FM56R16,72,10,6,1,0,Present,89,Ridge,
W16,3/2/2016,Butler Beach,N,FM56,FM56,W16FM56R17,94,24,6,2,0,Present,126,Ridge,
W16,3/3/2016,Butler Beach,N,FM655,FM655,W16FM655R10,180,17,23,2,2,Present,224,Ridge,
W16,3/3/2016,Butler Beach,N,FM655,FM655,W16FM655R13,277,41,23,14,1,Present,356,Ridge,
W16,3/3/2016,Butler Beach,N,FM655,FM655,W16FM655R17,159,7,4,1,0,Present,171,Ridge,
W16,3/3/2016,Fort Matanzas,Y,FM604,FM604,W16FM604R1,243,13,62,16,3,Present,337,Ridge,
W16,3/3/2016,Fort Matanzas,Y,FM604,FM604,W16FM604R2,164,4,11,10,0,Absent,189,Ridge,
W16,3/3/2016,Fort Matanzas,Y,FM604,FM604,W16FM604R9,163,6,16,6,3,Present,194,Ridge,
W16,3/4/2016,Butler Beach,N,FM31,FM31,W16FM31R1,72,24,5,4,0,Absent,105,Ridge,
W16,3/4/2016,Butler Beach,N,FM31,FM31,W16FM31R20,133,6,6,0,0,Absent,145,Ridge,
W16,3/4/2016,Butler Beach,N,FM31,FM31,W16FM31R7,67,3,1,1,0,Absent,72,Ridge,
W16,3/4/2016,Butler Beach,N,FM788,FM788,W16FM788R2,74,28,5,0,0,Present,107,Ridge,
W16,3/4/2016,Butler Beach,N,FM788,FM788,W16FM788R4,95,50,0,0,0,Present,145,Ridge,
W16,3/4/2016,Butler Beach,N,FM788,FM788,W16FM788R5,110,26,2,0,2,Present,140,Ridge,
S16,7/7/2016,Fort Matanzas,Y,FM125,FM125,S16FM125R1,306,147,43,5,NA,Absent,501,Ridge,Crown conchs on reef not on quadrant
S16,7/7/2016,Fort Matanzas,Y,FM125,FM125,S16FM125R10,85,22,2,4,NA,Absent,113,Ridge,Crown conchs on reef not on quadrant
S16,7/7/2016,Fort Matanzas,Y,FM125,FM125,S16FM125R7,31,0,1,0,NA,Absent,32,Ridge,Crown conchs on reef not on quadrant
S16,7/7/2016,Fort Matanzas,Y,FM132,FM132,S16FM132R1,58,52,5,0,NA,Absent,115,Ridge,Conchs on reef not on quadrant
S16,7/7/2016,Fort Matanzas,Y,FM132,FM132,S16FM132R6,1,0,0,0,NA,Absent,1,Ridge,Conchs on reef not on quadrant
S16,7/7/2016,Fort Matanzas,Y,FM132,FM132,S16FM132R7,12,0,0,0,NA,Absent,12,Ridge,Conchs on reef not on quadrant
S16,7/7/2016,Fort Matanzas,Y,FM50,FM50,S16FM50R1,103,5,24,0,NA,Absent,132,Ridge,Conchs on reef not on quadrant
S16,7/7/2016,Fort Matanzas,Y,FM50,FM50,S16FM50R12,165,2,28,3,NA,Absent,198,Ridge,Conchs on reef not on quadrant
S16,7/7/2016,Fort Matanzas,Y,FM50,FM50,S16FM50R9,87,0,29,2,NA,Absent,118,Ridge,Conchs on reef not on quadrant
S16,7/7/2016,Pellicer Flats,N,PF389,PF389,S16PF389R4,203,5,37,0,NA,Absent,245,Ridge,
S16,7/7/2016,Pellicer Flats,N,PF389,PF389,S16PF389R5,198,24,29,4,NA,Absent,255,Ridge,
S16,7/7/2016,Pellicer Flats,N,PF389,PF389,S16PF389R6,218,4,108,9,NA,Absent,339,Ridge,
S16,7/7/2016,Pellicer Flats,N,PF412,PF412,S16PF412R14,103,1,13,0,NA,Absent,117,Ridge,
S16,7/7/2016,Pellicer Flats,N,PF412,PF412,S16PF412R3,156,8,9,0,NA,Absent,173,Ridge,
S16,7/7/2016,Pellicer Flats,N,PF412,PF412,S16PF412R7,155,5,6,0,NA,Absent,166,Ridge,
S16,7/8/2016,Guana River,N,GR101,GR101,S16GR101R21,121,1,19,4,NA,Present,145,Ridge,
S16,7/8/2016,Guana River,N,GR101,GR101,S16GR101R4,90,17,12,3,NA,Present,122,Ridge,
S16,7/8/2016,Guana River,N,GR101,GR101,S16GR101R8,152,0,25,3,NA,Absent,180,Ridge,
S16,7/8/2016,Guana River,N,GR82,GR82,S16GR82R10,77,5,2,0,NA,Absent,84,Ridge, 2 Clumps taken after collection 
S16,7/8/2016,Guana River,N,GR82,GR82,S16GR82R24,30,55,0,0,NA,Absent,85,Ridge,
S16,7/8/2016,Guana River,N,GR82,GR82,S16GR82R9,41,4,0,0,NA,Present,45,Ridge,1 Clump taken after collection 
S16,7/11/2016,Fort Matanzas,Y,FM290,FM290,S16FM290R11,95,8,30,6,NA,Absent,139,Ridge,
S16,7/11/2016,Fort Matanzas,Y,FM290,FM290,S16FM290R12,166,40,74,23,NA,Absent,303,Ridge,
S16,7/11/2016,Fort Matanzas,Y,FM290,FM290,S16FM290R7,169,36,100,1,NA,Absent,306,Ridge,
S16,7/11/2016,Fort Matanzas,Y,FM384,FM384,S16FM384R10,78,8,14,0,NA,Absent,100,Ridge,
S16,7/11/2016,Fort Matanzas,Y,FM384,FM384,S16FM384R4,147,4,34,12,NA,Absent,197,Ridge,
S16,7/11/2016,Fort Matanzas,Y,FM384,FM384,S16FM384R8,144,5,23,0,NA,Absent,172,Ridge,
S16,7/12/2016,Salt Run,N,SR70,SR70,S16SR70R12,100,12,3,0,NA,Absent,115,Ridge,
S16,7/12/2016,Salt Run,N,SR70,SR70,S16SR70R2,43,0,16,6,NA,Absent,65,Ridge,
S16,7/12/2016,Salt Run,N,SR70,SR70,S16SR70R3,156,4,19,13,NA,Present,192,Ridge,
S16,7/12/2016,Tolomato River,N,TR209,TR209A,S16TR209R11,58,0,1,3,NA,Absent,62,Ridge,
S16,7/12/2016,Tolomato River,N,TR209,TR209A,S16TR209R19,78,5,0,0,NA,Present,83,Ridge,
S16,7/12/2016,Tolomato River,N,TR209,TR209A,S16TR209R35,89,5,6,2,NA,Absent,102,Ridge,
S16,7/12/2016,Tolomato River,N,TR627,TR627,S16TR627R11,116,38,2,2,NA,Present,158,Ridge,
S16,7/12/2016,Tolomato River,N,TR627,TR627,S16TR627R14,75,28,5,3,NA,Present,111,Ridge,
S16,7/12/2016,Tolomato River,N,TR627,TR627,S16TR627R3,200,9,3,1,NA,Absent,213,Ridge,
S16,7/13/2016,Salt Run,N,SR71,SR71,S16SR71R12,148,7,37,3,NA,Absent,195,Ridge,
S16,7/13/2016,Salt Run,N,SR71,SR71,S16SR71R13,177,12,31,7,NA,Absent,227,Ridge,
S16,7/13/2016,Salt Run,N,SR71,SR71,S16SR71R2,131,6,41,4,NA,Absent,182,Ridge,
S16,7/25/2016,Pellicer Flats,N,PF316,PF316,S16PF316R21,135,6,21,1,NA,Absent,163,Ridge,
S16,7/25/2016,Pellicer Flats,N,PF316,PF316,S16PF316R26,53,2,8,0,NA,Absent,63,Ridge,
S16,7/25/2016,Pellicer Flats,N,PF316,PF316,S16PF316R31,130,8,34,1,NA,Absent,173,Ridge,
S16,7/25/2016,Pellicer Flats,N,PF398,PF398,S16PF398R12,75,0,49,1,NA,Absent,125,Ridge,
S16,7/25/2016,Pellicer Flats,N,PF398,PF398,S16PF398R14,61,1,26,4,NA,Absent,92,Ridge,
S16,7/25/2016,Pellicer Flats,N,PF398,PF398,S16PF398R5,35,1,26,4,NA,Absent,66,Ridge,
S16,7/27/2016,Guana River,N,GR102,GR102,S16GR102R0,80,15,13,2,NA,Absent,110,Ridge,
S16,7/27/2016,Guana River,N,GR102,GR102,S16GR102R10,120,6,25,2,NA,Present,153,Ridge,
S16,7/27/2016,Guana River,N,GR102,GR102,S16GR102R11,63,1,8,1,NA,Absent,73,Ridge,
S16,7/27/2016,Guana River,N,GR2,GR2A,S16GR2R17,134,33,37,0,NA,Absent,204,Ridge,
S16,7/27/2016,Guana River,N,GR2,GR2A,S16GR2R4,124,11,37,2,NA,Absent,174,Ridge,SIPPER SHELL 7.0
S16,7/27/2016,Guana River,N,GR2,GR2A,S16GR2R5,86,6,11,0,NA,Absent,103,Ridge,
S16,7/27/2016,Guana River,N,GR93,GR93,S16GR93R12,87,0,1,0,NA,Absent,88,Ridge,
S16,7/27/2016,Guana River,N,GR93,GR93,S16GR93R23,62,1,14,0,NA,Absent,77,Ridge,
S16,7/27/2016,Guana River,N,GR93,GR93,S16GR93R24,112,5,35,0,NA,Present,152,Ridge,
S16,7/29/2016,Salt Run,Y,SR22,SR22,S16SR22R1,55,65,1,1,NA,Absent,122,Ridge,
S16,7/29/2016,Salt Run,Y,SR22,SR22,S16SR22R2,70,114,2,1,NA,Absent,187,Ridge,
S16,7/29/2016,Salt Run,Y,SR22,SR22,S16SR22R9,22,5,0,3,NA,Present,30,Ridge,
S16,7/29/2016,Salt Run,Y,SR24,SR24,S16SR24R2,24,2,0,0,NA,Absent,26,Ridge,
S16,7/29/2016,Salt Run,Y,SR24,SR24,S16SR24R7,39,1,2,0,NA,Absent,42,Ridge,
S16,7/29/2016,Salt Run,Y,SR24,SR24,S16SR24R8,71,2,2,3,NA,Absent,78,Ridge,
S16,7/29/2016,Salt Run,Y,SR28,SR28,S16SR28R10,16,1,0,0,NA,Absent,17,Ridge,
S16,7/29/2016,Salt Run,Y,SR28,SR28,S16SR28R12,12,0,0,0,NA,Absent,12,Ridge,
S16,7/29/2016,Salt Run,Y,SR28,SR28,S16SR28R2,48,4,0,0,NA,Absent,52,Ridge,
S16,7/29/2016,Salt Run,N,SR6,SR6A,S16SR6R1,272,14,26,5,NA,Absent,317,Ridge,
S16,7/29/2016,Salt Run,N,SR6,SR6A,S16SR6R11,141,0,31,4,NA,Absent,176,Ridge,
S16,7/29/2016,Salt Run,N,SR6,SR6A,S16SR6R2,102,5,20,0,NA,Absent,127,Ridge,
S16,7/29/2016,Salt Run,N,SR7,SR7A,S16SR7R2,233,6,12,4,NA,Present,255,Ridge,
S16,7/29/2016,Salt Run,N,SR7,SR7A,S16SR7R5,36,1,4,0,NA,Absent,41,Ridge,
S16,7/29/2016,Salt Run,N,SR7,SR7A,S16SR7R6,21,0,0,0,NA,Absent,21,Ridge,
S16,8/8/2016,Fort Matanzas,Y,FM373,FM373,S16FM373R12,84,7,6,4,NA,Absent,101,Ridge,
S16,8/8/2016,Fort Matanzas,Y,FM373,FM373,S16FM373R3,110,4,64,6,NA,Present,184,Ridge,
S16,8/8/2016,Fort Matanzas,Y,FM373,FM373,S16FM373R5,120,6,43,1,NA,Present,170,Ridge,
S16,8/8/2016,Fort Matanzas,Y,FM411,FM411,S16FM411R11,20,10,1,0,NA,Absent,31,Ridge,
S16,8/8/2016,Fort Matanzas,Y,FM411,FM411,S16FM411R15,35,16,3,0,NA,Absent,54,Ridge,
S16,8/8/2016,Fort Matanzas,Y,FM411,FM411,S16FM411R17,64,37,26,4,NA,Present,131,Ridge,
S16,8/9/2016,Fort Matanzas,Y,FM368,FM368,S16FM368R17,69,3,0,1,NA,Absent,73,Ridge,
S16,8/9/2016,Fort Matanzas,Y,FM368,FM368,S16FM368R24,51,2,22,0,NA,Absent,75,Ridge,
S16,8/9/2016,Fort Matanzas,Y,FM368,FM368,S16FM368R9,147,4,43,4,NA,Absent,198,Ridge,
S16,8/9/2016,Fort Matanzas,Y,FM390,FM390,S16FM390R10,73,16,19,0,NA,Absent,108,Ridge,
S16,8/9/2016,Fort Matanzas,Y,FM390,FM390,S16FM390R4,111,4,33,0,NA,Absent,148,Ridge,
S16,8/9/2016,Fort Matanzas,Y,FM390,FM390,S16FM390R8,77,18,37,0,NA,Absent,132,Ridge,
S16,8/9/2016,Fort Matanzas,Y,FM494,FM494,S16FM494R12,165,1,44,1,NA,Absent,211,Ridge,
S16,8/9/2016,Fort Matanzas,Y,FM494,FM494,S16FM494R2,159,6,50,4,NA,Absent,219,Ridge,
S16,8/9/2016,Fort Matanzas,Y,FM494,FM494,S16FM494R6,96,1,18,1,NA,Absent,116,Ridge,
S16,8/9/2016,Fort Matanzas,Y,FM562,FM562,S16FM562R0,81,1,12,0,NA,Absent,94,Ridge,
S16,8/9/2016,Fort Matanzas,Y,FM562,FM562,S16FM562R1,73,6,29,0,NA,Absent,108,Ridge,
S16,8/9/2016,Fort Matanzas,Y,FM562,FM562,S16FM562R11,30,1,6,0,NA,Absent,37,Ridge,
S16,8/10/2016,Salt Run,N,SR1,SR1A,S16SR1R0,122,2,13,2,NA,Absent,139,Ridge,
S16,8/10/2016,Salt Run,N,SR1,SR1A,S16SR1R15,347,15,13,2,NA,Absent,377,Ridge,
S16,8/10/2016,Salt Run,N,SR1,SR1A,S16SR1R9,171,0,13,3,NA,Present,187,Ridge,
S16,8/10/2016,Salt Run,N,SR76,SR76,S16SR76R11,186,1,15,5,NA,Present,207,Ridge,OYSTER DRILL
S16,8/10/2016,Salt Run,N,SR76,SR76,S16SR76R13,257,16,42,20,NA,Present,335,Ridge,
S16,8/10/2016,Salt Run,N,SR76,SR76,S16SR76R20,110,3,25,7,NA,Present,145,Ridge,
S16,8/10/2016,Salt Run,N,SR80,SR80,S16SR80R15,140,2,35,10,NA,Present,187,Ridge,
S16,8/10/2016,Salt Run,N,SR80,SR80,S16SR80R17,151,10,31,10,NA,Present,202,Ridge,
S16,8/10/2016,Salt Run,N,SR80,SR80,S16SR80R29,84,0,6,0,NA,Absent,90,Ridge,
S16,8/11/2016,Salt Run,N,SR55,SR55,S16SR55R15,31,41,0,2,NA,Absent,74,Ridge,
S16,8/11/2016,Salt Run,N,SR55,SR55,S16SR55R4,55,156,5,0,NA,Present,216,Ridge,
S16,8/11/2016,Salt Run,N,SR55,SR55,S16SR55R8,6,8,0,1,NA,Absent,15,Ridge,
S16,8/11/2016,Salt Run,N,SR58,SR58,S16SR58R14,83,36,4,0,NA,Absent,123,Ridge,
S16,8/11/2016,Salt Run,N,SR58,SR58,S16SR58R15,45,10,1,0,NA,Absent,56,Ridge,
S16,8/11/2016,Salt Run,N,SR58,SR58,S16SR58R28,65,49,1,1,NA,Absent,116,Ridge,
S16,8/11/2016,Salt Run,N,SR60,SR60,S16SR60R27,76,7,5,1,NA,Absent,89,Ridge,
S16,8/11/2016,Salt Run,N,SR60,SR60,S16SR60R3,102,20,7,0,NA,Present,129,Ridge,MICROPLASTICS IN SAMPLE
S16,8/11/2016,Salt Run,N,SR60,SR60,S16SR60R8,184,54,4,1,NA,Present,243,Ridge,
S16,8/11/2016,Salt Run,N,SR62,SR62,S16SR62R14,11,2,0,0,NA,Absent,13,Ridge,
S16,8/11/2016,Salt Run,N,SR62,SR62,S16SR62R18,5,4,0,0,NA,Absent,9,Ridge,
S16,8/11/2016,Salt Run,N,SR62,SR62,S16SR62R4,24,4,0,0,NA,Absent,28,Ridge,
S16,8/17/2016,Guana River,N,GR72,GR6,S16GR72R2,99,0,4,0,NA,Absent,103,Ridge,
S16,8/17/2016,Guana River,N,GR72,GR6,S16GR72R3,54,0,1,0,NA,Absent,55,Ridge,
S16,8/17/2016,Guana River,N,GR72,GR6,S16GR72R9,57,0,0,0,NA,Absent,57,Ridge,
S16,8/17/2016,Salt Run,Y,SR38,SR38,S16SR38R0,112,32,0,0,NA,Present,144,Ridge,
S16,8/17/2016,Salt Run,Y,SR38,SR38,S16SR38R12,36,12,0,0,NA,Absent,48,Ridge,
S16,8/17/2016,Salt Run,Y,SR38,SR38,S16SR38R4,69,52,1,0,NA,Absent,122,Ridge,
S16,8/17/2016,Salt Run,Y,SR41,SR41,S16SR41R10,52,1,0,0,NA,Absent,53,Ridge,
S16,8/17/2016,Salt Run,Y,SR41,SR41,S16SR41R12,52,3,1,0,NA,Absent,56,Ridge,
S16,8/17/2016,Salt Run,Y,SR41,SR41,S16SR41R38,113,10,1,2,NA,Absent,126,Ridge,
S16,8/17/2016,Salt Run,N,SR85,SR85,S16SR85R19,93,4,7,2,NA,Present,106,Ridge,
S16,8/17/2016,Salt Run,N,SR85,SR85,S16SR85R23,159,3,31,3,NA,Absent,196,Ridge,
S16,8/17/2016,Salt Run,N,SR85,SR85,S16SR85R3,107,2,19,4,NA,Absent,132,Ridge,
S16,8/17/2016,Salt Run,N,SR86,SR86,S16SR86R13,182,6,15,2,NA,Present,205,Ridge,
S16,8/17/2016,Salt Run,N,SR86,SR86,S16SR86R17,192,7,6,0,NA,Absent,205,Ridge,
S16,8/17/2016,Salt Run,N,SR86,SR86,S16SR86R25,447,29,75,12,NA,Absent,563,Ridge,
S16,8/22/2016,Guana River,N,GR1,GR1,S16GR1R23,213,65,41,1,NA,Absent,320,Ridge,
S16,8/22/2016,Guana River,N,GR1,GR1,S16GR1R43,105,47,8,0,NA,Absent,160,Ridge,
S16,8/22/2016,Guana River,N,GR1,GR1,S16GR1R59,83,55,8,0,NA,Present,146,Ridge,
S16,8/22/2016,Guana River,N,GR61,GR61,S16GR61R11,65,0,12,7,NA,Absent,84,Ridge,
S16,8/22/2016,Guana River,N,GR61,GR61,S16GR61R7,350,5,78,22,NA,Present,455,Ridge,
S16,8/22/2016,Guana River,N,GR61,GR61,S16GR61R9,144,0,27,6,NA,Absent,177,Ridge,
S16,8/22/2016,Guana River,N,GR87,GR87,S16GR87R21,36,0,0,0,NA,Absent,36,Ridge,
S16,8/22/2016,Guana River,N,GR87,GR87,S16GR87R22,76,1,2,4,NA,Absent,83,Ridge,
S16,8/22/2016,Guana River,N,GR87,GR87,S16GR87R29,41,1,9,0,NA,Absent,51,Ridge,
S16,8/23/2016,Guana River,N,GR24,GR24,S16GR24R0,100,11,3,0,NA,Absent,114,Ridge,
S16,8/23/2016,Guana River,N,GR24,GR24,S16GR24R11,64,4,13,0,NA,Absent,81,Ridge,
S16,8/23/2016,Guana River,N,GR24,GR24,S16GR24R4,33,8,14,1,NA,Absent,56,Ridge,
S16,8/23/2016,Guana River,N,GR78,GR78,S16GR78R1,77,17,9,0,NA,Absent,103,Ridge,
S16,8/23/2016,Guana River,N,GR78,GR78,S16GR78R12,58,7,2,0,NA,Absent,67,Ridge,
S16,8/23/2016,Guana River,N,GR78,GR78,S16GR78R2,53,2,6,0,NA,Absent,61,Ridge,
S16,8/23/2016,Guana River,N,GR8,GR8A,S16GR8R16,41,59,0,0,NA,Absent,100,Ridge,
S16,8/23/2016,Guana River,N,GR8,GR8A,S16GR8R2,53,11,28,0,NA,Absent,92,Ridge,
S16,8/23/2016,Guana River,N,GR8,GR8A,S16GR8R29,44,49,13,0,NA,Absent,106,Ridge,
S16,8/24/2016,Guana River,N,GR32,GR32,S16GR32R1,51,4,9,0,NA,Absent,64,Ridge,
S16,8/24/2016,Guana River,N,GR32,GR32,S16GR32R6,56,2,5,0,NA,Absent,63,Ridge,
S16,8/24/2016,Guana River,N,GR32,GR32,S16GR32R7,91,7,29,0,NA,Absent,127,Ridge,
S16,8/24/2016,Guana River,N,GR37,GR37,S16GR37R10,39,0,3,0,NA,Absent,42,Ridge,
S16,8/24/2016,Guana River,N,GR37,GR37,S16GR37R11,43,2,0,0,NA,Absent,45,Ridge,
S16,8/24/2016,Guana River,N,GR37,GR37,S16GR37R5,3,0,0,0,NA,Absent,3,Ridge,
S16,8/24/2016,Guana River,N,GR51,GR51,S16GR51R13,61,8,11,0,NA,Absent,80,Ridge,
S16,8/24/2016,Guana River,N,GR51,GR51,S16GR51R14,39,1,5,0,NA,Absent,45,Ridge,
S16,8/24/2016,Guana River,N,GR51,GR51,S16GR51R6,74,1,17,0,NA,Absent,92,Ridge,
S16,8/26/2016,St Augustine,N,SA441,SA441,S16SA441R0,109,1,16,3,NA,Absent,129,Ridge,
S16,8/26/2016,St Augustine,N,SA441,SA441,S16SA441R1,94,0,9,2,NA,Absent,105,Ridge,
S16,8/26/2016,St Augustine,N,SA441,SA441,S16SA441R4,173,3,19,0,NA,Absent,195,Ridge,
S16,8/26/2016,St Augustine,N,SA443,SA443,S16SA443R4,206,0,14,3,NA,Absent,223,Ridge,
S16,8/26/2016,St Augustine,N,SA443,SA443,S16SA443R5,246,7,62,21,NA,Absent,336,Ridge,
S16,8/26/2016,St Augustine,N,SA443,SA443,S16SA443R7,337,0,191,8,NA,Absent,536,Ridge,
S16,8/26/2016,St Augustine,N,SA497,SA497,S16SA497R0,58,2,17,1,NA,Absent,78,Ridge,
S16,8/26/2016,St Augustine,N,SA497,SA497,S16SA497R6,64,2,16,7,NA,Absent,89,Ridge,
S16,8/26/2016,St Augustine,N,SA497,SA497,S16SA497R7,23,0,12,10,NA,Absent,45,Ridge,
S16,8/26/2016,St Augustine,N,SANR1,SANR1,S16SANR1R13,118,2,97,7,NA,Absent,224,Ridge,
S16,8/26/2016,St Augustine,N,SANR1,SANR1,S16SANR1R23,150,0,92,7,NA,Absent,249,Ridge,
S16,8/26/2016,St Augustine,N,SANR1,SANR1,S16SANR1R9,11,0,5,1,NA,Absent,17,Ridge,
S16,8/26/2016,St Augustine,N,SANR2,SANR2,S16SANR2R1,54,1,25,1,NA,Absent,81,Ridge,
S16,8/26/2016,St Augustine,N,SANR2,SANR2,S16SANR2R2,14,0,3,1,NA,Absent,18,Ridge,
S16,8/26/2016,St Augustine,N,SANR2,SANR2,S16SANR2R5,16,2,5,0,NA,Absent,23,Ridge,
S16,9/6/2016,Guana River,N,GR60,GR60,S16GR60R10,198,10,10,3,NA,Absent,221,Ridge,
S16,9/6/2016,Guana River,N,GR60,GR60,S16GR60R2,254,1,41,40,NA,Present,336,Ridge,
S16,9/6/2016,Guana River,N,GR60,GR60,S16GR60R4,182,0,20,10,NA,Present,212,Ridge,
S16,9/6/2016,Guana River,N,GR62,GR62,S16GR62R2,125,0,37,7,NA,Present,169,Ridge,
S16,9/6/2016,Guana River,N,GR62,GR62,S16GR62R5,405,2,169,18,NA,Absent,594,Ridge,
S16,9/6/2016,Guana River,N,GR62,GR62,S16GR62R9,239,0,55,18,NA,Present,312,Ridge,
S16,9/6/2016,Guana River,N,GR73,GR73,S16GR73R0,64,0,6,7,NA,Absent,77,Ridge,
S16,9/6/2016,Guana River,N,GR73,GR73,S16GR73R3,45,0,1,0,NA,Absent,46,Ridge,
S16,9/6/2016,Guana River,N,GR73,GR73,S16GR73R9,61,0,3,1,NA,Absent,65,Ridge,
S16,9/7/2016,Guana River,N,GR43,GR43,S16GR43R0,63,4,4,4,NA,Present,75,Ridge,
S16,9/7/2016,Guana River,N,GR43,GR43,S16GR43R8,82,4,2,0,NA,Absent,88,Ridge,
S16,9/7/2016,Guana River,N,GR43,GR43,S16GR43R9,73,6,3,1,NA,Absent,83,Ridge,
S16,9/7/2016,Guana River,N,GR5,GR5A,S16GR5R5,428,1,38,17,NA,Present,484,Ridge,
S16,9/7/2016,Guana River,N,GR5 ,GR5A,S16GR5R0,165,1,10,5,NA,Present,181,Ridge,
S16,9/7/2016,Guana River,N,GR5 ,GR5A,S16GR5R2,248,1,24,9,NA,Present,282,Ridge,
S16,9/7/2016,Guana River,N,GR65,GR65,S16GR65R20,144,1,11,2,NA,Present,158,Ridge,
S16,9/7/2016,Guana River,N,GR65,GR65,S16GR65R42,301,3,21,6,NA,Present,331,Ridge,
S16,9/7/2016,Guana River,N,GR65,GR65,S16GR65R6,261,11,40,7,NA,Present,319,Ridge,
S16,9/8/2016,St Augustine,N,SA47,SA47,S16SA47R1,91,3,26,1,NA,Absent,121,Ridge,
S16,9/8/2016,St Augustine,N,SA47,SA47,S16SA47R6,51,0,0,0,NA,Absent,51,Ridge,
S16,9/8/2016,St Augustine,N,SA47,SA47,S16SA47R7,58,0,6,0,NA,Absent,64,Ridge,
S16,9/8/2016,St Augustine,N,SA50,SA50,S16SA50R12,124,0,22,0,NA,Absent,146,Ridge,
S16,9/8/2016,St Augustine,N,SA50,SA50,S16SA50R8,72,0,11,0,NA,Absent,83,Ridge,
S16,9/8/2016,St Augustine,N,SA50,SA50,S16SA50R9,105,1,11,0,NA,Present,117,Ridge,
S16,9/8/2016,St Augustine,N,SA62,SA62,S16SA62R2,156,5,22,3,NA,Present,186,Ridge,
S16,9/8/2016,St Augustine,N,SA62,SA62,S16SA62R3,131,2,14,0,NA,Absent,147,Ridge,
S16,9/8/2016,St Augustine,N,SA62,SA62,S16SA62R4,142,17,18,2,NA,Absent,179,Ridge,
S16,9/9/2016,St Augustine,N,SA295,SA295,S16SA295R0,235,33,31,6,NA,Present,305,Ridge,
S16,9/9/2016,St Augustine,N,SA295,SA295,S16SA295R11,231,1,26,2,NA,Absent,260,Ridge,
S16,9/9/2016,St Augustine,N,SA295,SA295,S16SA295R2,210,1,52,7,NA,Present,270,Ridge,
S16,9/9/2016,St Augustine,N,SA303,SA303,S16SA303R12,134,2,13,4,NA,Absent,153,Ridge,
S16,9/9/2016,St Augustine,N,SA303,SA303,S16SA303R2,135,1,11,6,NA,Absent,153,Ridge,
S16,9/9/2016,St Augustine,N,SA303,SA303,S16SA303R9,132,1,18,2,NA,Absent,153,Ridge,
S16,9/9/2016,St Augustine,N,SA395,SA395,S16SA395R11,146,0,14,1,NA,Absent,161,Ridge,
S16,9/9/2016,St Augustine,N,SA395,SA395,S16SA395R14,35,0,1,1,NA,Absent,37,Ridge,
S16,9/9/2016,St Augustine,N,SA395,SA395,S16SA395R2,338,2,27,2,NA,Absent,369,Ridge,
S16,9/9/2016,St Augustine,N,SA401,SA401,S16SA401R12,123,4,15,7,NA,Absent,149,Ridge,
S16,9/9/2016,St Augustine,N,SA401,SA401,S16SA401R13,264,2,44,12,NA,Present,322,Ridge,
S16,9/9/2016,St Augustine,N,SA401,SA401,S16SA401R2,178,3,25,0,NA,Present,206,Ridge,
S16,9/9/2016,St Augustine,N,SANR3,SANR3,S16SANR3R18,93,0,4,1,NA,Absent,98,Ridge,
S16,9/9/2016,St Augustine,N,SANR3,SANR3,S16SANR3R24,64,0,9,0,NA,Present,73,Ridge,
S16,9/9/2016,St Augustine,N,SANR3,SANR3,S16SANR3R7,96,1,6,3,NA,Present,106,Ridge,
S16,9/12/2016,Guana River,N,GR21,GR21,S16GR21R13,175,22,25,3,NA,Present,225,Ridge,
S16,9/12/2016,Guana River,N,GR21,GR21,S16GR21R16,93,5,14,1,NA,Absent,113,Ridge,
S16,9/12/2016,Guana River,N,GR21,GR21,S16GR21R3,92,3,30,1,NA,Absent,126,Ridge,
S16,9/12/2016,Guana River,N,GR30,GR30,S16GR30R12,23,7,0,0,NA,Absent,30,Ridge,
S16,9/12/2016,Guana River,N,GR30,GR30,S16GR30R3,37,40,0,0,NA,Absent,77,Ridge,
S16,9/12/2016,Guana River,N,GR30,GR30,S16GR30R4,33,57,1,0,NA,Absent,91,Ridge,
S16,9/12/2016,St Augustine,N,SA421,SA421,S16SA421R12,73,2,2,0,NA,Absent,77,Ridge,
S16,9/12/2016,St Augustine,N,SA421,SA421,S16SA421R3,62,1,6,0,NA,Absent,69,Ridge,
S16,9/12/2016,St Augustine,N,SA421,SA421,S16SA421R4,54,2,9,0,NA,Absent,65,Ridge,
W17,12/22/2016,Fort Matanzas,Y,FM44,FM44,W17FM44R0,29,0,1,0,NA,Absent,30,Ridge,
W17,12/22/2016,Fort Matanzas,Y,FM44,FM44,W17FM44RA,71,3,19,2,NA,Absent,95,Ridge,
W17,12/22/2016,Fort Matanzas,Y,FM44,FM44,W17FM44RB,38,2,3,1,NA,Absent,44,Ridge,
W17,12/22/2016,Fort Matanzas,Y,FM47,FM47,W17FM47R24,49,11,6,0,NA,Absent,66,Ridge,
W17,12/22/2016,Fort Matanzas,Y,FM47,FM47,W17FM47RA,30,2,1,1,NA,Absent,34,Ridge,
W17,12/22/2016,Fort Matanzas,Y,FM47,FM47,W17FM47RB,97,19,19,1,NA,Absent,136,Ridge,
W17,12/28/2016,Salt Run,Y,SR8,SR8,W17SR8R10,56,38,2,3,NA,Present,99,Ridge,
W17,12/28/2016,Salt Run,Y,SR8,SR8,W17SR8R24,63,37,0,0,NA,Present,100,Ridge,
W17,12/28/2016,Salt Run,Y,SR8,SR8,W17SR8R9,92,45,1,8,NA,Present,146,Ridge,
S18,8/21/2018,Guana River,N,GR19,GR60,S18GR19R2,171,3,45,3,NA,Absent,222,Ridge,
S18,8/21/2018,Guana River,N,GR19,GR60,S18GR19R5,73,0,2,0,NA,Absent,75,Ridge,
S18,8/21/2018,Guana River,N,GR19,GR60,S18GR19R7,121,0,14,1,NA,Absent,136,Ridge,
S18,8/21/2018,Guana River,N,GR19A,GR19A,S18GR19AR2,82,4,0,2,NA,Present,88,Ridge,
S18,8/21/2018,Guana River,N,GR19A,GR19A,S18GR19AR6,164,19,24,2,NA,Absent,209,Ridge,
S18,8/21/2018,Guana River,N,GR19A,GR19A,S18GR19AR7,198,20,17,2,NA,Absent,237,Ridge,
S18,8/21/2018,Guana River,N,GR49,GR49,S18GR49R31,34,0,1,0,NA,Absent,35,Ridge,
S18,8/21/2018,Guana River,N,GR49,GR49,S18GR49R36,16,1,1,0,NA,Absent,18,Ridge,
S18,8/21/2018,Guana River,N,GR49,GR49,S18GR49R39,26,75,0,0,NA,Present,101,Ridge,
S18,9/9/2018,Pellicer Flats,N,PF1 ,PFD,S18PF1R1,109,0,30,0,NA,Absent,139,Ridge,
S18,9/9/2018,Pellicer Flats,N,PF1 ,PFD,S18PF1R4,146,1,43,4,NA,Absent,194,Ridge,
S18,9/9/2018,Pellicer Flats,N,PF1 ,PFD,S18PF1R6,184,0,160,6,NA,Absent,350,Ridge,
S18,9/9/2018,Pellicer Flats,N,PF2,PF4,S18PF2R15,142,1,31,0,NA,Absent,174,Ridge,
S18,9/9/2018,Pellicer Flats,N,PF2,PF4,S18PF2R3,465,6,85,4,NA,Absent,560,Ridge,
S18,9/9/2018,Pellicer Flats,N,PF2,PF4,S18PF2R53,73,0,2,0,NA,Absent,75,Ridge,
S18,9/10/2018,Fort Matanzas,Y,FM1,FM1A,S18FM1R0,223,0,32,0,NA,Absent,255,Ridge,
S18,9/10/2018,Fort Matanzas,Y,FM1,FM1A,S18FM1R15,100,0,23,1,NA,Absent,124,Ridge,
S18,9/10/2018,Fort Matanzas,Y,FM1,FM1A,S18FM1R5,114,0,17,0,NA,Absent,131,Ridge,
S18,9/10/2018,Fort Matanzas,Y,FM2,FM32,S18FM2R10,68,1,6,0,NA,Absent,75,Ridge,
S18,9/10/2018,Fort Matanzas,Y,FM2,FM32,S18FM2R7,109,2,8,1,NA,Absent,120,Ridge,
S18,9/10/2018,Fort Matanzas,Y,FM2,FM32,S18FM2R8,86,0,10,0,NA,Absent,96,Ridge,
S18,9/10/2018,Fort Matanzas,Y,FM3,FM77,S18FM3R20,30,1,2,0,NA,Absent,33,Ridge,
S18,9/10/2018,Fort Matanzas,Y,FM3,FM77,S18FM3R4,24,0,2,0,NA,Absent,26,Ridge,
S18,9/10/2018,Fort Matanzas,Y,FM3,FM77,S18FM3R5,28,0,1,0,NA,Absent,29,Ridge,
S18,9/11/2018,Guana River,N,GR1,GR1A,S18GR1R0,108,0,60,0,NA,Absent,168,Ridge,
S18,9/11/2018,Guana River,N,GR1,GR1A,S18GR1R2,97,0,43,0,NA,Absent,140,Ridge,
S18,9/11/2018,Guana River,N,GR1,GR1A,S18GR1R8,139,0,29,0,NA,Absent,168,Ridge,
S18,9/11/2018,Guana River,N,GR2,GR24,S18GR2R13,68,0,20,0,NA,Absent,88,Ridge,
S18,9/11/2018,Guana River,N,GR2,GR24,S18GR2R4,76,2,7,0,NA,Absent,85,Ridge,
S18,9/11/2018,Guana River,N,GR2,GR24,S18GR2R8,86,1,11,0,NA,Absent,98,Ridge,
S18,9/11/2018,Guana River,N,GR3,GR51,S18GR3R0,86,3,8,0,NA,Absent,97,Ridge,
S18,9/11/2018,Guana River,N,GR3,GR51,S18GR3R2,60,0,5,0,NA,Absent,65,Ridge,
S18,9/11/2018,Guana River,N,GR3,GR51,S18GR3R6,101,3,8,0,NA,Absent,112,Ridge,
S18,10/16/2018,Guana River,N,GR109,GR43,S18GR109E2,26,15,0,0,NA,Present,41,Edge,mud/periwinkle snails
S18,10/16/2018,Guana River,N,GR109,GR43,S18GR109E20,61,5,0,0,NA,Present,66,Edge,"mud/periwinkle snails, whirly snails"
S18,10/16/2018,Guana River,N,GR109,GR43,S18GR109E7,70,1,0,0,NA,Present,71,Edge,mud/periwinkle snails
S18,10/16/2018,Guana River,N,GR31,GR6,S18GR31R12,168,24,10,1,NA,Absent,203,Ridge,
S18,10/16/2018,Guana River,N,GR31,GR6,S18GR31R3,105,1,7,0,NA,Absent,113,Ridge,
S18,10/16/2018,Guana River,N,GR31,GR6,S18GR31R6,118,4,4,0,NA,Absent,126,Ridge,
S18,10/16/2018,Guana River,N,GR37,GR8,S18GR37R13,152,6,8,5,NA,Present,171,Ridge,whirly snails
S18,10/16/2018,Guana River,N,GR37,GR8,S18GR37R19,51,3,4,0,NA,Present,58,Ridge,mud/periwinkle snails
S18,10/16/2018,Guana River,N,GR37,GR8,S18GR37R38,57,1,0,0,NA,Present,58,Ridge,"whirly snails, 2 mud/periwinkle snails"
W20,1/23/2020,St Augustine,N,SA2,SA2,W20SA2Q3,43,0,7,0,NA,Absent,50,Ridge,
W20,1/23/2020,St Augustine,N,SA2,SA2,W20SA2Q5,148,14,26,0,NA,Absent,188,Ridge,
W20,1/23/2020,St Augustine,N,SA2,SA2,W20SA2Q6,285,22,59,6,NA,Absent,372,Ridge,
W20,1/31/2020,Butler Beach,N,BU1,BU1,W20BU1Q41,140,0,8,4,NA,Present,152,Ridge,
W20,1/31/2020,Butler Beach,N,BU1,BU1,W20BU1Q65,179,8,22,1,NA,Absent,210,Ridge,
W20,1/31/2020,Butler Beach,N,BU1,BU1,W20BU1Q66,107,4,2,0,NA,Absent,113,Ridge,
W20,2/4/2020,Tolomato River,Y,TR2,TR2B,W20TR2Q11,156,2,21,2,NA,Present,181,Ridge,
W20,2/4/2020,Tolomato River,Y,TR2,TR2B,W20TR2Q4,169,0,16,8,NA,Present,193,Ridge,
W20,2/4/2020,Tolomato River,Y,TR2,TR2B,W20TR2Q6,133,1,14,1,NA,Absent,149,Ridge,
W20,2/7/2020,St Augustine,N,SA3,SA3,W20SA3Q11,52,4,31,5,NA,Present,92,Ridge,
W20,2/7/2020,St Augustine,N,SA3,SA3,W20SA3Q7,71,0,30,1,NA,Absent,102,Ridge,
W20,2/7/2020,St Augustine,N,SA3,SA3,W20SA3Q8,69,0,31,2,NA,Absent,102,Ridge,
W20,2/14/2020,Butler Beach,N,BU3,BU3,W20BU3R10,161,19,26,2,NA,Absent,208,Ridge,
W20,2/14/2020,Butler Beach,N,BU3,BU3,W20BU3R3,105,10,7,0,NA,Absent,122,Ridge,
W20,2/14/2020,Butler Beach,N,BU3,BU3,W20BU3R4,124,3,15,0,NA,Absent,142,Ridge,
W20,2/17/2020,Guana River,Y,GR2,GR2B,W20GR2R1,33,9,2,0,NA,Absent,44,Ridge,
W20,2/17/2020,Guana River,Y,GR2,GR2B,W20GR2R17,110,16,20,5,NA,Present,151,Ridge,
W20,2/17/2020,Guana River,Y,GR2,GR2B,W20GR2R19,157,5,11,2,NA,Present,175,Ridge,
W20,2/17/2020,Guana River,Y,GR3,GR37,W20GR3R11,88,1,5,3,NA,Present,97,Ridge,
W20,2/17/2020,Guana River,Y,GR3,GR37,W20GR3R16,115,23,3,2,NA,Present,143,Ridge,
W20,2/17/2020,Guana River,Y,GR3,GR37,W20GR3R3,30,0,1,0,NA,Absent,31,Ridge,
W22,1/11/2022,Tolomato River,N,W22TR1,W22TR1,W22TR1R10,44,1,29,0,NA,Absent,74,Ridge,
W22,1/11/2022,Tolomato River,N,W22TR1,W22TR1,W22TR1R14,37,0,9,0,NA,Absent,46,Ridge,
W22,1/11/2022,Tolomato River,N,W22TR1,W22TR1,W22TR1R16,54,1,25,0,NA,Absent,80,Ridge,
W22,1/12/2022,Guana River,N,W22GR12,W22GR12,W22GR12R6,71,25,19,1,NA,Present,116,Ridge,
W22,1/12/2022,Guana River,N,W22GR12,W22GR12,W22GR12R7,13,8,0,0,NA,Absent,21,Ridge,
W22,1/12/2022,Guana River,N,W22GR12,W22GR12,W22GR12R9,27,2,3,0,NA,Absent,32,Ridge,
W22,1/13/2022,Guana River,N,W22GR13,GR5,W22GR13R17,86,49,0,0,NA,Absent,135,Ridge,
W22,1/13/2022,Guana River,N,W22GR13,GR5,W22GR13R38,42,28,1,0,NA,Present,71,Ridge,
W22,1/13/2022,Guana River,N,W22GR13,GR5,W22GR13R44,18,5,1,0,NA,Absent,24,Ridge,
W22,1/13/2022,Guana River,N,W22GR14,W22GR14,W22GR14R10,69,0,12,0,NA,Absent,81,Ridge,
W22,1/13/2022,Guana River,N,W22GR14,W22GR14,W22GR14R17,57,10,12,0,NA,Absent,79,Ridge,
W22,1/13/2022,Guana River,N,W22GR14,W22GR14,W22GR14R18,60,48,12,0,NA,Absent,120,Ridge,
W22,1/18/2022,Tolomato River,N,W22TR12,W22TR12,W22TR12R39,35,14,5,0,NA,Absent,54,Ridge,
W22,1/18/2022,Tolomato River,N,W22TR12,W22TR12,W22TR12R42,50,21,15,0,NA,Absent,86,Ridge,
W22,1/18/2022,Tolomato River,N,W22TR12,W22TR12,W22TR12R50,24,4,0,0,NA,Absent,28,Ridge,
W22,1/18/2022,Tolomato River,N,W22TR13,W22TR13,W22TR13R14,12,2,2,1,NA,Absent,17,Ridge,
W22,1/18/2022,Tolomato River,N,W22TR13,W22TR13,W22TR13R3,27,3,43,0,NA,Absent,73,Ridge,
W22,1/18/2022,Tolomato River,N,W22TR13,W22TR13,W22TR13R4,17,2,6,0,NA,Absent,25,Ridge,
W22,1/19/2022,Tolomato River,N,W22TR7,W22TR7,W22TR7R1,96,50,38,15,NA,Present,199,Ridge,
W22,1/19/2022,Tolomato River,N,W22TR7,W22TR7,W22TR7R4,81,21,27,13,NA,Absent,142,Ridge,
W22,1/19/2022,Tolomato River,N,W22TR7,W22TR7,W22TR7R5,31,23,7,4,NA,Present,65,Ridge,
W22,1/19/2022,Tolomato River,N,W22TR8,W22TR8,W22TR8R0,95,58,42,22,NA,Present,217,Ridge,
W22,1/19/2022,Tolomato River,N,W22TR8,W22TR8,W22TR8R3,69,42,15,4,NA,Absent,130,Ridge,
W22,1/19/2022,Tolomato River,N,W22TR8,W22TR8,W22TR8R9,51,41,12,3,NA,Absent,107,Ridge,Boring sponge marks on some shells
W22,1/25/2022,Tolomato River,N,W22TR43,W22TR43,W22TR43R32,4,2,1,0,NA,Absent,7,Ridge,
W22,1/25/2022,Tolomato River,N,W22TR43,W22TR43,W22TR43R36,24,6,0,0,NA,Absent,30,Ridge,
W22,1/25/2022,Tolomato River,N,W22TR43,W22TR43,W22TR43R42,32,2,7,0,NA,Absent,41,Ridge,
W22,1/26/2022,Tolomato River,N,W22TR39,W22TR39,W22TR39R16,6,0,0,0,NA,Absent,6,Ridge,
W22,1/26/2022,Tolomato River,N,W22TR39,W22TR39,W22TR39R25,9,0,0,0,NA,Absent,9,Ridge,
W22,1/26/2022,Tolomato River,N,W22TR39,W22TR39,W22TR39R5,67,1,5,0,NA,Absent,73,Ridge,
W22,1/26/2022,Tolomato River,N,W22TR41,W22TR41,W22TR41R0,70,28,9,0,NA,Absent,107,Ridge,
W22,1/26/2022,Tolomato River,N,W22TR41,W22TR41,W22TR41R15,15,0,0,0,NA,Absent,15,Ridge,
W22,1/26/2022,Tolomato River,N,W22TR41,W22TR41,W22TR41R8,83,17,13,0,NA,Absent,113,Ridge,
W22,1/27/2022,Guana River,Y,W22GR11,W22GR11,W22GR11R5,34,0,0,0,NA,Absent,34,Ridge,
W22,1/27/2022,Guana River,Y,W22GR11,W22GR11,W22GR11R6,19,0,2,0,NA,Absent,21,Ridge,
W22,1/27/2022,Guana River,Y,W22GR11,W22GR11,W22GR11R9,68,0,7,0,NA,Absent,75,Ridge,
W22,1/27/2022,Guana River,Y,W22GR3,GR62,W22GR3R2,40,0,2,0,NA,Present,42,Ridge,1 Oyster Drill
W22,1/27/2022,Guana River,Y,W22GR3,GR62,W22GR3R3,18,0,4,2,NA,Absent,24,Ridge,
W22,1/27/2022,Guana River,Y,W22GR3,GR62,W22GR3R5,88,0,85,37,NA,Absent,210,Ridge,
W22,2/7/2022,Guana River,Y,W22GR2,W22GR2,W22GR2R1,47,5,73,38,NA,Present,163,Ridge,
W22,2/7/2022,Guana River,Y,W22GR2,W22GR2,W22GR2R2,22,0,20,5,NA,Present,47,Ridge,
W22,2/7/2022,Guana River,Y,W22GR2,W22GR2,W22GR2R9,89,1,33,3,NA,Present,126,Ridge,
W22,2/7/2022,Guana River,Y,W22GR5,GR8,W22GR5R12,44,1,19,5,NA,Absent,69,Ridge,
W22,2/7/2022,Guana River,Y,W22GR5,GR8,W22GR5R24,64,2,51,7,NA,Present,124,Ridge,
W22,2/7/2022,Guana River,Y,W22GR5,GR8,W22GR5R65,6,0,0,0,NA,Absent,6,Ridge,
W22,2/8/2022,Tolomato River,Y,W22TR18,W22TR18,W22TR18R5,79,69,27,0,NA,Present,175,Ridge,
W22,2/8/2022,Tolomato River,Y,W22TR18,W22TR18,W22TR18R6,56,13,16,0,NA,Absent,85,Ridge,
W22,2/8/2022,Tolomato River,Y,W22TR18,W22TR18,W22TR18R9,21,6,6,0,NA,Present,33,Ridge,
W22,2/8/2022,Tolomato River,N,W22TR20,TR2B,W22TR20R0,22,3,3,0,NA,Absent,28,Ridge,
W22,2/8/2022,Tolomato River,N,W22TR20,TR2B,W22TR20R11,43,0,15,0,NA,Present,58,Ridge,
W22,2/8/2022,Tolomato River,N,W22TR20,TR2B,W22TR20R16,47,5,16,0,NA,Present,68,Ridge,
W22,2/9/2022,Guana River,Y,W22GR6,W22GR6,W22GR6R14,37,17,10,0,NA,Absent,64,Ridge,
W22,2/9/2022,Guana River,Y,W22GR6,W22GR6,W22GR6R44,4,6,1,0,NA,Absent,11,Ridge,
W22,2/9/2022,Guana River,Y,W22GR6,W22GR6,W22GR6R46,34,11,7,1,NA,Absent,53,Ridge,
W22,2/9/2022,Guana River,Y,W22GR7,W22GR7,W22GR7R24,32,7,7,0,NA,Absent,46,Ridge,
W22,2/9/2022,Guana River,Y,W22GR7,W22GR7,W22GR7R33,2,0,0,0,NA,Absent,2,Ridge,
W22,2/9/2022,Guana River,Y,W22GR7,W22GR7,W22GR7R56,64,3,13,1,NA,Absent,81,Ridge,
W22,2/9/2022,Tolomato River,N,W22TR27,W22TR27,W22TR27R3,25,12,0,0,NA,Absent,37,Ridge,
W22,2/9/2022,Tolomato River,N,W22TR27,W22TR27,W22TR27R49,57,24,0,1,NA,Absent,82,Ridge,
W22,2/9/2022,Tolomato River,N,W22TR27,W22TR27,W22TR27R53,65,41,1,0,NA,Absent,107,Ridge,
W22,2/9/2022,Tolomato River,N,W22TR28,W22TR28,W22TR28R27,50,47,8,0,NA,Absent,105,Ridge,
W22,2/9/2022,Tolomato River,N,W22TR28,W22TR28,W22TR28R28,25,0,2,0,NA,Absent,27,Ridge,
W22,2/9/2022,Tolomato River,N,W22TR28,W22TR28,W22TR28R41,16,14,2,0,NA,Absent,32,Ridge,
W22,2/10/2022,Tolomato River,N,W22TR11,W22TR11,W22TR11R12,35,15,24,2,NA,Present,76,Ridge,Boring sponge present
W22,2/10/2022,Tolomato River,N,W22TR11,W22TR11,W22TR11R24,33,12,9,1,NA,Absent,55,Ridge,Boring sponge evidence
W22,2/10/2022,Tolomato River,N,W22TR11,W22TR11,W22TR11R4,13,2,4,0,NA,Absent,19,Ridge,
W22,2/10/2022,Tolomato River,N,W22TR22,W22TR22,W22TR22R1,12,0,0,0,NA,Absent,12,Ridge,
W22,2/10/2022,Tolomato River,N,W22TR22,W22TR22,W22TR22R16,14,0,2,0,NA,Present,16,Ridge,
W22,2/10/2022,Tolomato River,N,W22TR22,W22TR22,W22TR22R8,47,2,1,1,NA,Present,51,Ridge,
W22,2/10/2022,Tolomato River,N,W22TR33,W22TR33,W22TR33R1,68,39,6,0,NA,Present,113,Ridge,Boring sponge evidence
W22,2/10/2022,Tolomato River,N,W22TR33,W22TR33,W22TR33R11,93,109,10,0,NA,Present,212,Ridge,
W22,2/10/2022,Tolomato River,N,W22TR33,W22TR33,W22TR33R13,112,227,3,0,NA,Present,342,Ridge,
W22,2/11/2022,Guana River,Y,W22GR1,W22GR1,W22GR1R14,4,0,0,0,NA,Absent,4,Ridge,Boring sponge evidence
W22,2/11/2022,Guana River,Y,W22GR1,W22GR1,W22GR1R17,29,0,0,0,NA,Present,29,Ridge,boring sponge evidence
W22,2/11/2022,Guana River,Y,W22GR1,W22GR1,W22GR1R31,36,0,6,3,NA,Absent,45,Ridge,Boring sponge evidence
W22,2/11/2022,Tolomato River,N,W22TR23,W22TR23,W22TR23R11,32,2,10,2,NA,Absent,46,Ridge,
W22,2/11/2022,Tolomato River,N,W22TR23,W22TR23,W22TR23R12,35,0,7,0,NA,Absent,42,Ridge,Boring sponge evidence
W22,2/11/2022,Tolomato River,N,W22TR23,W22TR23,W22TR23R15,58,0,4,1,NA,Absent,63,Ridge,
W22,2/14/2022,Guana River,Y,W22GR10,W22GR10,W22GR10R0,41,18,5,0,NA,Present,64,Ridge,
W22,2/14/2022,Guana River,Y,W22GR10,W22GR10,W22GR10R3,85,2,14,1,NA,Present,102,Ridge,
W22,2/14/2022,Guana River,Y,W22GR10,W22GR10,W22GR10R8,20,2,0,0,NA,Present,22,Ridge,
W22,2/14/2022,Guana River,Y,W22GR9,W22GR9,W22GR9R13,17,0,5,0,NA,Absent,22,Ridge,
W22,2/14/2022,Guana River,Y,W22GR9,W22GR9,W22GR9R34,40,16,13,2,NA,Present,71,Ridge,
W22,2/14/2022,Guana River,Y,W22GR9,W22GR9,W22GR9R37,44,9,25,2,NA,Present,80,Ridge,
W22,2/14/2022,Tolomato River,N,W22TR31,W22TR31,W22TR31R13,40,15,0,0,NA,Absent,55,Ridge,
W22,2/14/2022,Tolomato River,N,W22TR31,W22TR31,W22TR31R20,60,5,1,0,NA,Absent,66,Ridge,
W22,2/14/2022,Tolomato River,N,W22TR31,W22TR31,W22TR31R6,39,9,1,0,NA,Absent,49,Ridge,
W22,2/14/2022,Tolomato River,N,W22TR32,W22TR32,W22TR32R0,61,144,8,0,NA,Absent,213,Ridge,
W22,2/14/2022,Tolomato River,N,W22TR32,W22TR32,W22TR32R23,39,5,3,0,NA,Absent,47,Ridge,
W22,2/14/2022,Tolomato River,N,W22TR32,W22TR32,W22TR32R4,10,1,0,0,NA,Absent,11,Ridge,
W22,2/15/2022,Guana River,Y,W22GR8,W22GR8,W22GR8R18,37,4,10,1,NA,Absent,52,Ridge,
W22,2/15/2022,Guana River,Y,W22GR8,W22GR8,W22GR8R23,22,0,6,0,NA,Absent,28,Ridge,
W22,2/15/2022,Guana River,Y,W22GR8,W22GR8,W22GR8R35,72,22,8,2,NA,Absent,104,Ridge,
W22,2/15/2022,Tolomato River,N,W22TR4,W22TR4,W22TR4R5,32,16,9,0,NA,Absent,57,Ridge,
W22,2/15/2022,Tolomato River,N,W22TR4,W22TR4,W22TR4R6,23,10,6,0,NA,Absent,39,Ridge,
W22,2/15/2022,Tolomato River,N,W22TR4,W22TR4,W22TR4R7,44,8,22,0,NA,Present,74,Ridge,
W22,2/15/2022,Tolomato River,Y,W22TR9,W22TR9,W22TR9R19,34,2,14,3,NA,Absent,53,Ridge,
W22,2/15/2022,Tolomato River,Y,W22TR9,W22TR9,W22TR9R2,36,4,23,4,NA,Absent,67,Ridge,
W22,2/15/2022,Tolomato River,Y,W22TR9,W22TR9,W22TR9R9,96,10,41,4,NA,Present,151,Ridge,Boring sponge evidence
W22,2/22/2022,Guana River,Y,W22GR16,GR6,W22GR16R13,78,2,19,4,NA,Present,103,Ridge,
W22,2/22/2022,Guana River,Y,W22GR16,GR6,W22GR16R5,49,1,3,0,NA,Present,53,Ridge,
W22,2/22/2022,Guana River,Y,W22GR16,GR6,W22GR16R9,46,6,3,2,NA,Present,57,Ridge,
W22,2/22/2022,Guana River,Y,W22GR4,GR3,W22GR4R10,62,40,53,6,NA,Present,161,Ridge,
W22,2/22/2022,Guana River,Y,W22GR4,GR3,W22GR4R2,103,0,48,8,NA,Present,159,Ridge,
W22,2/22/2022,Guana River,Y,W22GR4,GR3,W22GR4R5,77,29,48,12,NA,Present,166,Ridge,
W22,2/22/2022,Tolomato River,N,W22TR24,W22TR24,W22TR24R18,53,88,31,9,NA,Present,181,Ridge,
W22,2/22/2022,Tolomato River,N,W22TR24,W22TR24,W22TR24R20,48,79,10,8,NA,Present,145,Ridge,
W22,2/22/2022,Tolomato River,N,W22TR24,W22TR24,W22TR24R6,18,5,0,1,NA,Present,24,Ridge,
W22,3/1/2022,Tolomato River,N,W22TR21,W22TR21,W22TR21R0,41,220,7,1,NA,Present,269,Ridge,
W22,3/1/2022,Tolomato River,N,W22TR21,W22TR21,W22TR21R10,69,75,9,0,NA,Absent,153,Ridge,
W22,3/1/2022,Tolomato River,N,W22TR21,W22TR21,W22TR21R8,72,9,11,0,NA,Absent,92,Ridge,
W22,3/1/2022,Tolomato River,N,W22TR6,VBNR1,W22TR6R0,38,1,17,0,NA,Absent,56,Ridge,
W22,3/1/2022,Tolomato River,N,W22TR6,VBNR1,W22TR6R5,57,7,17,3,NA,Absent,84,Ridge,
W22,3/1/2022,Tolomato River,N,W22TR6,VBNR1,W22TR6R9,57,20,20,3,NA,Absent,100,Ridge,
W22,3/2/2022,Tolomato River,N,W22TR2,W22TR2,W22TR2R11,55,0,77,13,NA,Absent,145,Ridge,
W22,3/2/2022,Tolomato River,N,W22TR2,W22TR2,W22TR2R15,62,1,79,10,NA,Absent,152,Ridge,
W22,3/2/2022,Tolomato River,N,W22TR2,W22TR2,W22TR2R18,2,0,0,0,NA,Present,2,Ridge,
W22,3/2/2022,Tolomato River,N,W22TR3,W22TR3,W22TR3R0,87,2,115,24,NA,Present,228,Ridge,
W22,3/2/2022,Tolomato River,N,W22TR3,W22TR3,W22TR3R4,39,26,9,5,NA,Absent,79,Ridge,
W22,3/2/2022,Tolomato River,N,W22TR3,W22TR3,W22TR3R6,76,30,21,7,NA,Absent,134,Ridge,
W22,3/3/2022,Tolomato River,N,W22TR15,W22TR15,W22TR15R10,52,57,43,8,NA,Present,160,Ridge,
W22,3/3/2022,Tolomato River,N,W22TR15,W22TR15,W22TR15R14,27,30,8,0,NA,Absent,65,Ridge,
W22,3/3/2022,Tolomato River,N,W22TR15,W22TR15,W22TR15R22,41,23,15,1,NA,Absent,80,Ridge,
W22,3/3/2022,Tolomato River,Y,W22TR17,W22TR17,W22TR17R10,41,48,24,11,NA,Present,124,Ridge,
W22,3/3/2022,Tolomato River,Y,W22TR17,W22TR17,W22TR17R11,13,14,3,0,NA,Absent,30,Ridge,
W22,3/3/2022,Tolomato River,Y,W22TR17,W22TR17,W22TR17R7,44,45,9,1,NA,Absent,99,Ridge,
W22,3/3/2022,Tolomato River,Y,W22TR19,TR78,W22TR19R14,38,7,66,9,NA,Absent,120,Ridge,
W22,3/3/2022,Tolomato River,Y,W22TR19,TR78,W22TR19R18,50,23,97,11,NA,Present,181,Ridge,
W22,3/3/2022,Tolomato River,Y,W22TR19,TR78,W22TR19R4,47,5,47,8,NA,Absent,107,Ridge,
W22,3/7/2022,Tolomato River,N,W22TR38,W22TR38,W22TR38R0,115,35,8,1,NA,Present,159,Ridge,
W22,3/7/2022,Tolomato River,N,W22TR38,W22TR38,W22TR38R1,146,16,2,0,NA,Present,164,Ridge,
W22,3/7/2022,Tolomato River,N,W22TR38,W22TR38,W22TR38R3,59,3,4,0,NA,Absent,66,Ridge,
W22,3/7/2022,Tolomato River,N,W22TR44,W22TR44,W22TR44R10,9,0,1,0,NA,Absent,10,Ridge,
W22,3/7/2022,Tolomato River,N,W22TR44,W22TR44,W22TR44R16,20,0,3,1,NA,Absent,24,Ridge,
W22,3/7/2022,Tolomato River,N,W22TR44,W22TR44,W22TR44R4,35,1,10,0,NA,Absent,46,Ridge,
W22,3/9/2022,Tolomato River,N,W22TR40,W22TR40,W22TR40R11,14,0,1,0,NA,Absent,15,Ridge,
W22,3/9/2022,Tolomato River,N,W22TR40,W22TR40,W22TR40R3,61,11,6,0,NA,Absent,78,Ridge,
W22,3/9/2022,Tolomato River,N,W22TR40,W22TR40,W22TR40R6,44,2,4,0,NA,Absent,50,Ridge,
W22,3/11/2022,Tolomato River,N,W22TR36,W22TR36,W22TR36R33,25,7,1,0,NA,Absent,33,Ridge,
W22,3/11/2022,Tolomato River,N,W22TR36,W22TR36,W22TR36R47,8,2,0,0,NA,Absent,10,Ridge,
W22,3/11/2022,Tolomato River,N,W22TR36,W22TR36,W22TR36R60,11,16,0,1,NA,Absent,28,Ridge,Boring sponge evidence
W22,3/11/2022,Tolomato River,N,W22TR42,W22TR42,W22TR42R0,39,23,2,0,NA,Absent,64,Ridge,
W22,3/11/2022,Tolomato River,N,W22TR42,W22TR42,W22TR42R12,3,0,0,0,NA,Absent,3,Ridge,
W22,3/11/2022,Tolomato River,N,W22TR42,W22TR42,W22TR42R6,14,0,1,0,NA,Absent,15,Ridge,
W22,3/14/2022,Tolomato River,N,W22TR10,W22TR10,W22TR10R11,35,6,21,1,NA,Present,63,Ridge,
W22,3/14/2022,Tolomato River,N,W22TR10,W22TR10,W22TR10R3,65,3,38,5,NA,Present,111,Ridge,
W22,3/14/2022,Tolomato River,N,W22TR10,W22TR10,W22TR10R4,61,2,17,5,NA,Absent,85,Ridge,
W22,3/14/2022,Tolomato River,N,W22TR29,TR220,W22TR29R0,26,15,3,0,NA,Absent,44,Ridge,
W22,3/14/2022,Tolomato River,N,W22TR29,TR220,W22TR29R23,24,11,3,0,NA,Absent,38,Ridge,
W22,3/14/2022,Tolomato River,N,W22TR29,TR220,W22TR29R40,16,4,0,0,NA,Absent,20,Ridge,
W22,3/14/2022,Tolomato River,N,W22TR45,W22TR45,W22TR45R10,45,7,0,0,NA,Absent,52,Ridge,
W22,3/14/2022,Tolomato River,N,W22TR45,W22TR45,W22TR45R11,15,0,2,0,NA,Absent,17,Ridge,
W22,3/14/2022,Tolomato River,N,W22TR45,W22TR45,W22TR45R34,9,13,3,0,NA,Absent,25,Ridge,
W22,3/15/2022,Tolomato River,N,W22TR25,W22TR25,W22TR25R14,41,1,3,0,NA,Absent,45,Ridge,
W22,3/15/2022,Tolomato River,N,W22TR25,W22TR25,W22TR25R2,56,1,25,0,NA,Present,82,Ridge,
W22,3/15/2022,Tolomato River,N,W22TR25,W22TR25,W22TR25R6,88,21,16,0,NA,Present,125,Ridge,
W22,3/15/2022,Tolomato River,N,W22TR26,W22TR26,W22TR26R19,19,1,0,0,NA,Present,20,Ridge,
W22,3/15/2022,Tolomato River,N,W22TR26,W22TR26,W22TR26R32,25,0,13,0,NA,Absent,38,Ridge,
W22,3/15/2022,Tolomato River,N,W22TR26,W22TR26,W22TR26R6,7,1,8,2,NA,Absent,18,Ridge,
W22,3/15/2022,Tolomato River,N,W22TR37,W22TR37,W22TR37R0,49,80,2,3,NA,Present,134,Ridge,
W22,3/15/2022,Tolomato River,N,W22TR37,W22TR37,W22TR37R12,68,14,41,6,NA,Present,129,Ridge,
W22,3/15/2022,Tolomato River,N,W22TR37,W22TR37,W22TR37R6,90,12,5,1,NA,Absent,108,Ridge,
W22,3/16/2022,Guana River,N,W22GR15,GR30,W22GR15R24,39,35,2,0,NA,Absent,76,Ridge,
W22,3/16/2022,Guana River,N,W22GR15,GR30,W22GR15R39,97,11,10,0,NA,Absent,118,Ridge,
W22,3/16/2022,Guana River,N,W22GR15,GR30,W22GR15R9,22,78,2,0,NA,Absent,102,Ridge,
W22,3/16/2022,Guana River,N,W22GR17,GR11,W22GR17R15,17,4,2,0,NA,Absent,23,Ridge,
W22,3/16/2022,Guana River,N,W22GR17,GR11,W22GR17R22,40,25,4,0,NA,Absent,69,Ridge,
W22,3/16/2022,Guana River,N,W22GR17,GR11,W22GR17R8,145,12,32,0,NA,Absent,189,Ridge,
W22,3/17/2022,Guana River,Y,W22GR18,W22GR18,W22GR18R15,35,30,19,4,NA,Absent,88,Ridge,Boring sponge present
W22,3/17/2022,Guana River,Y,W22GR18,W22GR18,W22GR18R37,39,16,26,2,NA,Present,83,Ridge,Boring sponge present
W22,3/17/2022,Guana River,Y,W22GR18,W22GR18,W22GR18R45,37,17,18,3,NA,Absent,75,Ridge,
W22,3/17/2022,Tolomato River,N,W22TR30,W22TR30,W22TR30R10,47,0,5,0,NA,Absent,52,Ridge,
W22,3/17/2022,Tolomato River,N,W22TR30,W22TR30,W22TR30R14,82,11,4,1,NA,Absent,98,Ridge,
W22,3/17/2022,Tolomato River,N,W22TR30,W22TR30,W22TR30R15,96,6,8,0,NA,Present,110,Ridge,
W22,3/18/2022,Tolomato River,Y,W22TR14,TR13,W22TR14R21,53,46,33,14,NA,Present,131,Ridge,Empty oyster drill
W22,3/18/2022,Tolomato River,Y,W22TR14,TR13,W22TR14R4,29,37,36,29,NA,Present,131,Ridge,Boring sponge present; empty oyster drill
W22,3/18/2022,Tolomato River,Y,W22TR14,TR13,W22TR14R5,33,25,20,7,NA,Absent,85,Ridge,Boring sponge present
W22,3/18/2022,Tolomato River,N,W22TR34,W22TR34,W22TR34R0,58,12,4,0,NA,Absent,74,Ridge,
W22,3/18/2022,Tolomato River,N,W22TR34,W22TR34,W22TR34R11,90,3,18,0,NA,Absent,111,Ridge,
W22,3/18/2022,Tolomato River,N,W22TR34,W22TR34,W22TR34R8,72,1,9,0,NA,Absent,82,Ridge,
W23,11/22/2022,Salt Run,N,W23SR1,W23SR1,W23SR1R11,52,0,32,0,NA,Absent,84,Ridge,
W23,11/22/2022,Salt Run,N,W23SR1,W23SR1,W23SR1R12,81,1,83,2,NA,Absent,167,Ridge,
W23,11/22/2022,Salt Run,N,W23SR1,W23SR1,W23SR1R29,26,0,6,0,NA,Absent,32,Ridge,
W23,11/22/2022,Salt Run,N,W23SR1,W23SR1,W23SR1R3,90,4,44,1,NA,Absent,139,Ridge,
W23,11/22/2022,Salt Run,N,W23SR1,W23SR1,W23SR1R4,59,0,50,1,NA,Absent,110,Ridge,
W23,11/22/2022,Salt Run,N,W23SR1,W23SR1,W23SR1R7,39,0,11,0,NA,Absent,50,Ridge,
W23,12/16/2022,St Augustine,N,W23SA1R1,W23SA1R1,W23SA1R1R13,9,0,4,0,NA,Absent,13,Ridge,
W23,12/16/2022,St Augustine,N,W23SA1R1,W23SA1R1,W23SA1R1R14,4,0,0,0,NA,Present,4,Ridge,
W23,12/16/2022,St Augustine,N,W23SA1R1,W23SA1R1,W23SA1R1R19,25,5,10,0,NA,Absent,40,Ridge,
W23,12/16/2022,St Augustine,N,W23SA1R1,W23SA1R1,W23SA1R1R23,9,0,1,0,NA,Present,10,Ridge,
W23,12/16/2022,St Augustine,N,W23SA1R1,W23SA1R1,W23SA1R1R25,16,1,1,1,NA,Absent,19,Ridge,
W23,12/16/2022,St Augustine,N,W23SA1R1,W23SA1R1,W23SA1R1R26,31,2,2,0,NA,Absent,35,Ridge,
W23,12/16/2022,St Augustine,N,W23SA1R2,SANR1,W23SA1R2R16,4,0,0,0,NA,Absent,4,Ridge,
W23,12/16/2022,St Augustine,N,W23SA1R2,SANR1,W23SA1R2R17,3,0,0,0,NA,Present,3,Ridge,
W23,12/16/2022,St Augustine,N,W23SA1R2,SANR1,W23SA1R2R2,3,0,0,0,NA,Present,3,Ridge,
W23,12/16/2022,St Augustine,N,W23SA1R2,SANR1,W23SA1R2R20,2,0,0,0,NA,Absent,2,Ridge,
W23,12/16/2022,St Augustine,N,W23SA1R2,SANR1,W23SA1R2R3,2,0,0,0,NA,Present,2,Ridge,
W23,12/16/2022,St Augustine,N,W23SA1R2,SANR1,W23SA1R2R6,3,0,0,0,NA,Absent,3,Ridge,
W23,12/19/2022,Salt Run,N,W23SR2,SRLRH,W23SR2R12,41,4,7,0,NA,Present,52,Ridge,
W23,12/19/2022,Salt Run,N,W23SR2,SRLRH,W23SR2R14,26,5,3,0,NA,Present,34,Ridge,
W23,12/19/2022,Salt Run,N,W23SR2,SRLRH,W23SR2R2,5,6,0,0,NA,Present,11,Ridge,
W23,12/19/2022,Salt Run,N,W23SR2,SRLRH,W23SR2R4,34,2,7,0,NA,Absent,43,Ridge,
W23,12/19/2022,Salt Run,N,W23SR2,SRLRH,W23SR2R7,34,0,28,1,NA,Present,63,Ridge,
W23,12/19/2022,Salt Run,N,W23SR2,SRLRH,W23SR2R9,49,0,16,0,NA,Present,65,Ridge,
W23,1/4/2023,Salt Run,N,W23SR6,W23SR6,W23SR6R1,42,17,7,0,NA,Absent,66,Ridge,
W23,1/4/2023,Salt Run,N,W23SR6,W23SR6,W23SR6R14,69,2,26,0,NA,Present,97,Ridge,
W23,1/4/2023,Salt Run,N,W23SR6,W23SR6,W23SR6R15,71,3,46,2,NA,Present,122,Ridge,
W23,1/4/2023,Salt Run,N,W23SR6,W23SR6,W23SR6R16,46,0,23,7,NA,Present,76,Ridge,
W23,1/4/2023,Salt Run,N,W23SR6,W23SR6,W23SR6R20,17,1,2,3,NA,Present,23,Ridge,
W23,1/4/2023,Salt Run,N,W23SR6,W23SR6,W23SR6R4,41,3,26,1,NA,Absent,71,Ridge,
W23,1/4/2023,Salt Run,N,W23SR7,W23SR7,W23SR7R14,28,4,22,0,NA,Absent,54,Ridge,
W23,1/4/2023,Salt Run,N,W23SR7,W23SR7,W23SR7R17,25,9,10,0,NA,Absent,44,Ridge,
W23,1/4/2023,Salt Run,N,W23SR7,W23SR7,W23SR7R18,32,9,16,0,NA,Present,57,Ridge,
W23,1/4/2023,Salt Run,N,W23SR7,W23SR7,W23SR7R2,62,21,10,0,NA,Absent,93,Ridge,
W23,1/4/2023,Salt Run,N,W23SR7,W23SR7,W23SR7R20,37,6,6,0,NA,Present,49,Ridge,
W23,1/4/2023,Salt Run,N,W23SR7,W23SR7,W23SR7R5,50,6,8,0,NA,Absent,64,Ridge,
W23,1/5/2023,Salt Run,N,W23SR13,W23SR13,W23SR13R12,32,18,16,0,NA,Absent,66,Ridge,
W23,1/5/2023,Salt Run,N,W23SR13,W23SR13,W23SR13R20,34,1,14,0,NA,Absent,49,Ridge,
W23,1/5/2023,Salt Run,N,W23SR13,W23SR13,W23SR13R25,18,3,1,0,NA,Absent,22,Ridge,
W23,1/5/2023,Salt Run,N,W23SR13,W23SR13,W23SR13R26,29,2,10,0,NA,Absent,41,Ridge,
W23,1/5/2023,Salt Run,N,W23SR13,W23SR13,W23SR13R32,46,3,19,0,NA,Present,68,Ridge,
W23,1/5/2023,Salt Run,N,W23SR13,W23SR13,W23SR13R5,20,7,1,0,NA,Absent,28,Ridge,
W23,1/5/2023,Salt Run,N,W23SR8,W23SR8,W23SR8R11,38,8,10,1,NA,Absent,57,Ridge,
W23,1/5/2023,Salt Run,N,W23SR8,W23SR8,W23SR8R3,13,0,1,0,NA,Absent,14,Ridge,
W23,1/5/2023,Salt Run,N,W23SR8,W23SR8,W23SR8R5,38,2,9,0,NA,Absent,49,Ridge,
W23,1/5/2023,Salt Run,N,W23SR8,W23SR8,W23SR8R6,41,6,21,0,NA,Present,68,Ridge,
W23,1/5/2023,Salt Run,N,W23SR8,W23SR8,W23SR8R7,35,1,13,1,NA,Absent,50,Ridge,
W23,1/5/2023,Salt Run,N,W23SR8,W23SR8,W23SR8R8,37,2,10,0,NA,Absent,49,Ridge,
W23,1/6/2023,Salt Run,Y,W23SR14,W23SR14,W23SR14R12,32,7,0,0,NA,Present,39,Ridge,
W23,1/6/2023,Salt Run,Y,W23SR14,W23SR14,W23SR14R16,20,2,0,0,NA,Absent,22,Ridge,
W23,1/6/2023,Salt Run,Y,W23SR14,W23SR14,W23SR14R20,14,19,0,0,NA,Absent,33,Ridge,
W23,1/6/2023,Salt Run,Y,W23SR14,W23SR14,W23SR14R23,15,7,0,0,NA,Absent,22,Ridge,
W23,1/6/2023,Salt Run,Y,W23SR14,W23SR14,W23SR14R25,31,20,3,1,NA,Absent,55,Ridge,
W23,1/6/2023,Salt Run,Y,W23SR14,W23SR14,W23SR14R5,19,1,0,0,NA,Absent,20,Ridge,
W23,1/6/2023,Salt Run,Y,W23SR9,SR22,W23SR9R14,11,1,0,0,NA,Absent,12,Ridge,
W23,1/6/2023,Salt Run,Y,W23SR9,SR22,W23SR9R18,22,1,0,0,NA,Absent,23,Ridge,
W23,1/6/2023,Salt Run,Y,W23SR9,SR22,W23SR9R2,43,10,0,0,NA,Absent,53,Ridge,
W23,1/6/2023,Salt Run,Y,W23SR9,SR22,W23SR9R20,20,4,0,1,NA,Absent,25,Ridge,
W23,1/6/2023,Salt Run,Y,W23SR9,SR22,W23SR9R4,32,4,1,0,NA,Absent,37,Ridge,
W23,1/6/2023,Salt Run,Y,W23SR9,SR22,W23SR9R5,32,6,0,0,NA,Absent,38,Ridge,
W23,1/16/2023,Salt Run,N,W23SR4,W23SR4,W23SR4R14,26,3,3,0,NA,Absent,32,Ridge,
W23,1/16/2023,Salt Run,N,W23SR4,W23SR4,W23SR4R2,34,0,1,0,NA,Absent,35,Ridge,
W23,1/16/2023,Salt Run,N,W23SR4,W23SR4,W23SR4R24,31,5,13,0,NA,Absent,49,Ridge,
W23,1/16/2023,Salt Run,N,W23SR4,W23SR4,W23SR4R33,17,9,10,0,NA,Absent,36,Ridge,
W23,1/16/2023,Salt Run,N,W23SR4,W23SR4,W23SR4R5,44,1,6,0,NA,Absent,51,Ridge,
W23,1/16/2023,Salt Run,N,W23SR4,W23SR4,W23SR4R8,51,1,9,0,NA,Absent,61,Ridge,
W23,1/16/2023,Salt Run,N,W23SR5,W23SR5,W23SR5R16,24,5,6,1,NA,Absent,36,Ridge,
W23,1/16/2023,Salt Run,N,W23SR5,W23SR5,W23SR5R17,32,5,7,0,NA,Absent,44,Ridge,
W23,1/16/2023,Salt Run,N,W23SR5,W23SR5,W23SR5R2,36,52,0,1,NA,Absent,89,Ridge,
W23,1/16/2023,Salt Run,N,W23SR5,W23SR5,W23SR5R20,35,59,1,0,NA,Absent,95,Ridge,
W23,1/16/2023,Salt Run,N,W23SR5,W23SR5,W23SR5R3,39,8,5,0,NA,Absent,52,Ridge,
W23,1/16/2023,Salt Run,N,W23SR5,W23SR5,W23SR5SR6,41,21,3,0,NA,Absent,65,Ridge,
W23,1/17/2023,Salt Run,N,W23SR10,W23SR10,W23SR10R2,35,19,4,0,NA,Present,58,Ridge,
W23,1/17/2023,Salt Run,N,W23SR10,W23SR10,W23SR10R38,9,0,0,0,NA,Absent,9,Ridge,
W23,1/17/2023,Salt Run,N,W23SR10,W23SR10,W23SR10R39,12,6,6,0,NA,Absent,24,Ridge,
W23,1/17/2023,Salt Run,N,W23SR10,W23SR10,W23SR10R5,19,10,1,0,NA,Absent,30,Ridge,
W23,1/17/2023,Salt Run,N,W23SR10,W23SR10,W23SR10R55,12,3,6,0,NA,Absent,21,Ridge,
W23,1/17/2023,Salt Run,N,W23SR10,W23SR10,W23SR10R67,37,31,1,1,NA,Absent,70,Ridge,
W23,1/17/2023,Salt Run,N,W23SR16,W23SR16,W23SR16R17,33,3,5,0,NA,Absent,41,Ridge,
W23,1/17/2023,Salt Run,N,W23SR16,W23SR16,W23SR16R19,7,0,3,0,NA,Absent,10,Ridge,
W23,1/17/2023,Salt Run,N,W23SR16,W23SR16,W23SR16R21,16,4,3,0,NA,Absent,23,Ridge,
W23,1/17/2023,Salt Run,N,W23SR16,W23SR16,W23SR16R27,17,0,11,0,NA,Present,28,Ridge,
W23,1/17/2023,Salt Run,N,W23SR16,W23SR16,W23SR16R28,63,33,14,1,NA,Present,111,Ridge,
W23,1/17/2023,Salt Run,N,W23SR16,W23SR16,W23SR16R4,10,1,0,1,NA,Present,12,Ridge,
W23,1/18/2023,Salt Run,Y,W23SR11,W23SR11,W23SR11R0,67,0,41,0,NA,Absent,108,Ridge,
W23,1/18/2023,Salt Run,Y,W23SR11,W23SR11,W23SR11R19,27,0,9,0,NA,Present,36,Ridge,
W23,1/18/2023,Salt Run,Y,W23SR11,W23SR11,W23SR11R22,22,0,4,0,NA,Present,26,Ridge,
W23,1/18/2023,Salt Run,Y,W23SR11,W23SR11,W23SR11R48,3,0,0,0,NA,Absent,3,Ridge,
W23,1/18/2023,Salt Run,Y,W23SR11,W23SR11,W23SR11R6,3,0,3,0,NA,Absent,6,Ridge,
W23,1/18/2023,Salt Run,Y,W23SR11,W23SR11,W23SR11R8,40,0,19,0,NA,Present,59,Ridge,
W23,1/18/2023,Salt Run,Y,W23SR17,W23SR17,W23SR17R10,47,3,0,1,NA,Absent,51,Ridge,
W23,1/18/2023,Salt Run,Y,W23SR17,W23SR17,W23SR17R13,57,14,2,0,NA,Present,73,Ridge,
W23,1/18/2023,Salt Run,Y,W23SR17,W23SR17,W23SR17R3,56,29,0,1,NA,Present,86,Ridge,
W23,1/18/2023,Salt Run,Y,W23SR17,W23SR17,W23SR17R6,53,0,1,0,NA,Present,54,Ridge,
W23,1/18/2023,Salt Run,Y,W23SR17,W23SR17,W23SR17R8,42,3,0,0,NA,Absent,45,Ridge,
W23,1/18/2023,Salt Run,Y,W23SR17,W23SR17,W23SR17R9,34,2,0,0,NA,Absent,36,Ridge,
W23,1/19/2023,Salt Run,N,W23SR12,W23SR12,W23SR12R11,39,2,14,2,NA,Absent,57,Ridge,
W23,1/19/2023,Salt Run,N,W23SR12,W23SR12,W23SR12R15,39,6,1,0,NA,Absent,46,Ridge,
W23,1/19/2023,Salt Run,N,W23SR12,W23SR12,W23SR12R16,63,24,18,0,NA,Present,105,Ridge,
W23,1/19/2023,Salt Run,N,W23SR12,W23SR12,W23SR12R17,64,35,28,0,NA,Present,127,Ridge,
W23,1/19/2023,Salt Run,N,W23SR12,W23SR12,W23SR12R2,66,21,6,0,NA,Present,93,Ridge,
W23,1/19/2023,Salt Run,N,W23SR12,W23SR12,W23SR12R8,44,1,10,0,NA,Absent,55,Ridge,
W23,1/19/2023,Salt Run,Y,W23SR15,SR2S,W23SR15R0,27,18,0,0,NA,Absent,45,Ridge,
W23,1/19/2023,Salt Run,Y,W23SR15,SR2S,W23SR15R12,34,10,0,0,NA,Present,44,Ridge,
W23,1/19/2023,Salt Run,Y,W23SR15,SR2S,W23SR15R20,34,5,0,1,NA,Absent,40,Ridge,
W23,1/19/2023,Salt Run,Y,W23SR15,SR2S,W23SR15R21,23,11,2,0,NA,Absent,36,Ridge,
W23,1/19/2023,Salt Run,Y,W23SR15,SR2S,W23SR15R24,46,27,0,0,NA,Absent,73,Ridge,
W23,1/19/2023,Salt Run,Y,W23SR15,SR2S,W23SR15R30,38,0,0,0,NA,Absent,38,Ridge,
W23,1/30/2023,St Augustine,N,W23SA3R1,W23SA3R1,W23SA3R1R11,26,1,1,0,NA,Absent,28,Ridge,
W23,1/30/2023,St Augustine,N,W23SA3R1,W23SA3R1,W23SA3R1R12,35,2,10,0,NA,Absent,47,Ridge,
W23,1/30/2023,St Augustine,N,W23SA3R1,W23SA3R1,W23SA3R1R14,48,3,9,0,NA,Present,60,Ridge,
W23,1/30/2023,St Augustine,N,W23SA3R1,W23SA3R1,W23SA3R1R2,3,0,0,4,NA,Present,7,Ridge,
W23,1/30/2023,St Augustine,N,W23SA3R1,W23SA3R1,W23SA3R1R6,16,0,5,1,NA,Absent,22,Ridge,
W23,1/30/2023,St Augustine,N,W23SA3R1,W23SA3R1,W23SA3R1R8,30,0,27,1,NA,Absent,58,Ridge,
W23,1/30/2023,St Augustine,N,W23SA3R2,W23SA3R2,W23SA3R2R1,44,5,23,5,NA,Present,77,Ridge,
W23,1/30/2023,St Augustine,N,W23SA3R2,W23SA3R2,W23SA3R2R10,41,0,30,3,NA,Present,74,Ridge,
W23,1/30/2023,St Augustine,N,W23SA3R2,W23SA3R2,W23SA3R2R19,2,0,2,0,NA,Absent,4,Ridge,
W23,1/30/2023,St Augustine,N,W23SA3R2,W23SA3R2,W23SA3R2R21,8,0,0,0,NA,Absent,8,Ridge,
W23,1/30/2023,St Augustine,N,W23SA3R2,W23SA3R2,W23SA3R2R22,2,0,0,0,NA,Present,2,Ridge,
W23,1/30/2023,St Augustine,N,W23SA3R2,W23SA3R2,W23SA3R2R8,37,0,20,0,NA,Absent,57,Ridge,
W23,1/31/2023,St Augustine,N,W23SA1R3,W23SA1R3,W23SA1R3R13,1,0,0,0,NA,Absent,1,Ridge,
W23,1/31/2023,St Augustine,N,W23SA1R3,W23SA1R3,W23SA1R3R17,16,0,2,1,NA,Absent,19,Ridge,
W23,1/31/2023,St Augustine,N,W23SA1R3,W23SA1R3,W23SA1R3R21,11,0,15,0,NA,Present,26,Ridge,
W23,1/31/2023,St Augustine,N,W23SA1R3,W23SA1R3,W23SA1R3R6,90,1,77,0,NA,Absent,168,Ridge,
W23,1/31/2023,St Augustine,N,W23SA1R3,W23SA1R3,W23SA1R3R8,65,2,57,0,NA,Present,124,Ridge,
W23,1/31/2023,St Augustine,N,W23SA1R3,W23SA1R3,W23SA1R3R9,28,0,19,2,NA,Absent,49,Ridge,
W23,1/31/2023,St Augustine,N,W23SA3R3,SA3,W23SA3R3R13,14,0,5,1,NA,Absent,20,Ridge,
W23,1/31/2023,St Augustine,N,W23SA3R3,SA3,W23SA3R3R25,26,2,34,0,NA,Present,62,Ridge,
W23,1/31/2023,St Augustine,N,W23SA3R3,SA3,W23SA3R3R35,68,0,116,4,NA,Present,188,Ridge,
W23,1/31/2023,St Augustine,N,W23SA3R3,SA3,W23SA3R3R36,3,0,2,0,NA,Absent,5,Ridge,
W23,1/31/2023,St Augustine,N,W23SA3R3,SA3,W23SA3R3R41,34,0,141,5,NA,Present,180,Ridge,
W23,1/31/2023,St Augustine,N,W23SA3R3,SA3,W23SA3R3R8,60,3,60,0,NA,Absent,123,Ridge,
W23,2/2/2023,Butler Beach,N,W23BB5,W23BB5,W23BB5R1,18,0,2,0,NA,Absent,20,Ridge,
W23,2/2/2023,Butler Beach,N,W23BB5,W23BB5,W23BB5R14,29,0,8,0,NA,Absent,37,Ridge,
W23,2/2/2023,Butler Beach,N,W23BB5,W23BB5,W23BB5R15,25,0,6,0,NA,Absent,31,Ridge,
W23,2/2/2023,Butler Beach,N,W23BB5,W23BB5,W23BB5R16,46,1,4,0,NA,Absent,51,Ridge,
W23,2/2/2023,Butler Beach,N,W23BB5,W23BB5,W23BB5R2,25,0,12,0,NA,Absent,37,Ridge,
W23,2/2/2023,Butler Beach,N,W23BB5,W23BB5,W23BB5R5,24,0,0,0,NA,Absent,24,Ridge,
W23,2/2/2023,Butler Beach,N,W23BB9,W23BB9,W23BB916,50,0,11,0,NA,Absent,61,Ridge,
W23,2/2/2023,Butler Beach,N,W23BB9,W23BB9,W23BB9R12,32,0,19,0,NA,Absent,51,Ridge,
W23,2/2/2023,Butler Beach,N,W23BB9,W23BB9,W23BB9R43,67,1,11,0,NA,Absent,79,Ridge,
W23,2/2/2023,Butler Beach,N,W23BB9,W23BB9,W23BB9R7,62,0,46,6,NA,Present,114,Ridge,
W23,2/2/2023,Butler Beach,N,W23BB9,W23BB9,W23BB9R8,25,0,22,0,NA,Absent,47,Ridge,
W23,2/2/2023,Butler Beach,N,W23BB9,W23BB9,W23BB9R9,54,0,30,0,NA,Present,84,Ridge,
W23,2/13/2023,Butler Beach,N,W23BB10,W23BB10,W23BB10R1,50,9,8,0,NA,Absent,67,Ridge,
W23,2/13/2023,Butler Beach,N,W23BB10,W23BB10,W23BB10R11,55,2,14,0,NA,Absent,71,Ridge,
W23,2/13/2023,Butler Beach,N,W23BB10,W23BB10,W23BB10R15,45,1,7,0,NA,Absent,53,Ridge,
W23,2/13/2023,Butler Beach,N,W23BB10,W23BB10,W23BB10R17,46,1,9,0,NA,Absent,56,Ridge,
W23,2/13/2023,Butler Beach,N,W23BB10,W23BB10,W23BB10R25,54,1,23,0,NA,Absent,78,Ridge,
W23,2/13/2023,Butler Beach,N,W23BB10,W23BB10,W23BB10R6,53,0,42,0,NA,Absent,95,Ridge,
W23,2/13/2023,Butler Beach,N,W23BB3,BU3,W23BB3R12,18,0,1,0,NA,Absent,19,Ridge,
W23,2/13/2023,Butler Beach,N,W23BB3,BU3,W23BB3R13,25,0,1,0,NA,Present,26,Ridge,
W23,2/13/2023,Butler Beach,N,W23BB3,BU3,W23BB3R2,45,5,1,0,NA,Absent,51,Ridge,
W23,2/13/2023,Butler Beach,N,W23BB3,BU3,W23BB3R4,45,1,8,0,NA,Present,54,Ridge,
W23,2/13/2023,Butler Beach,N,W23BB3,BU3,W23BB3R8,38,0,16,0,NA,Present,54,Ridge,
W23,2/13/2023,Butler Beach,N,W23BB3,BU3,W23BB3R9,47,3,3,0,NA,Absent,53,Ridge,
W23,2/14/2023,Butler Beach,N,W23BB4,W23BB4,W23BB4R14,45,0,10,0,NA,Absent,55,Ridge,
W23,2/14/2023,Butler Beach,N,W23BB4,W23BB4,W23BB4R18,49,6,4,0,NA,Present,59,Ridge,
W23,2/14/2023,Butler Beach,N,W23BB4,W23BB4,W23BB4R2,25,0,2,0,NA,Present,27,Ridge,
W23,2/14/2023,Butler Beach,N,W23BB4,W23BB4,W23BB4R20,27,2,1,0,NA,Absent,30,Ridge,
W23,2/14/2023,Butler Beach,N,W23BB4,W23BB4,W23BB4R4,63,3,22,0,NA,Present,88,Ridge,
W23,2/14/2023,Butler Beach,N,W23BB4,W23BB4,W23BB4R5,74,2,29,1,NA,Present,106,Ridge,
W23,2/14/2023,Butler Beach,N,W23BB8,BB15A,W23BB8R1,29,2,2,0,NA,Absent,33,Ridge,
W23,2/14/2023,Butler Beach,N,W23BB8,BB15A,W23BB8R10,53,2,36,0,NA,Present,91,Ridge,
W23,2/14/2023,Butler Beach,N,W23BB8,BB15A,W23BB8R16,56,0,17,0,NA,Present,73,Ridge,
W23,2/14/2023,Butler Beach,N,W23BB8,BB15A,W23BB8R2,24,0,4,0,NA,Present,28,Ridge,
W23,2/14/2023,Butler Beach,N,W23BB8,BB15A,W23BB8R3,24,0,13,0,NA,Absent,37,Ridge,
W23,2/14/2023,Butler Beach,N,W23BB8,BB15A,W23BB8R30,37,0,3,0,NA,Absent,40,Ridge,
W23,2/15/2023,St Augustine,N,W23SA4R2,SA5,W23SA4R2R14,19,0,1,0,NA,Present,20,Ridge,
W23,2/15/2023,St Augustine,N,W23SA4R2,SA5,W23SA4R2R17,58,0,35,0,NA,Absent,93,Ridge,
W23,2/15/2023,St Augustine,N,W23SA4R2,SA5,W23SA4R2R21,32,0,45,1,NA,Absent,78,Ridge,
W23,2/15/2023,St Augustine,N,W23SA4R2,SA5,W23SA4R2R25,47,4,41,0,NA,Absent,92,Ridge,
W23,2/15/2023,St Augustine,N,W23SA4R2,SA5,W23SA4R2R3,40,1,9,0,NA,Absent,50,Ridge,
W23,2/15/2023,St Augustine,N,W23SA4R2,SA5,W23SA4R2R6,21,2,1,0,NA,Absent,24,Ridge,
W23,2/15/2023,St Augustine,N,W23SA4R3,W23SA4R3,W23SA4R3R0,46,0,3,0,NA,Present,49,Ridge,
W23,2/15/2023,St Augustine,N,W23SA4R3,W23SA4R3,W23SA4R3R13,19,0,3,0,NA,Present,22,Ridge,
W23,2/15/2023,St Augustine,N,W23SA4R3,W23SA4R3,W23SA4R3R17,21,0,0,0,NA,Absent,21,Ridge,
W23,2/15/2023,St Augustine,N,W23SA4R3,W23SA4R3,W23SA4R3R19,11,0,0,0,NA,Absent,11,Ridge,
W23,2/15/2023,St Augustine,N,W23SA4R3,W23SA4R3,W23SA4R3R24,0,0,0,0,NA,Absent,0,Ridge,
W23,2/15/2023,St Augustine,N,W23SA4R3,W23SA4R3,W23SA4R3R7,50,1,11,1,NA,Absent,63,Ridge,
W23,2/27/2023,Butler Beach,N,W23BB2,W23BB2,W23BB2R15,7,0,0,0,NA,Absent,7,Ridge,
W23,2/27/2023,Butler Beach,N,W23BB2,W23BB2,W23BB2R21,46,7,19,0,NA,Absent,72,Ridge,
W23,2/27/2023,Butler Beach,N,W23BB2,W23BB2,W23BB2R22,74,23,26,1,NA,Absent,124,Ridge,
W23,2/27/2023,Butler Beach,N,W23BB2,W23BB2,W23BB2R26,33,3,14,0,NA,Absent,50,Ridge,
W23,2/27/2023,Butler Beach,N,W23BB2,W23BB2,W23BB2R30,58,8,32,3,NA,Absent,101,Ridge,
W23,2/27/2023,Butler Beach,N,W23BB2,W23BB2,W23BB2R37,52,3,5,2,NA,Absent,62,Ridge,
W23,2/27/2023,Butler Beach,N,W23BB7,W23BB7,W23BB7R12,40,5,2,0,NA,Absent,47,Ridge,
W23,2/27/2023,Butler Beach,N,W23BB7,W23BB7,W23BB7R20,52,0,6,0,NA,Absent,58,Ridge,
W23,2/27/2023,Butler Beach,N,W23BB7,W23BB7,W23BB7R23,42,1,14,0,NA,Present,57,Ridge,
W23,2/27/2023,Butler Beach,N,W23BB7,W23BB7,W23BB7R25,22,0,3,0,NA,Absent,25,Ridge,
W23,2/27/2023,Butler Beach,N,W23BB7,W23BB7,W23BB7R26,44,5,4,0,NA,Present,53,Ridge,
W23,2/27/2023,Butler Beach,N,W23BB7,W23BB7,W23BB7R5,32,0,2,0,NA,Absent,34,Ridge,
W23,2/28/2023,Butler Beach,N,W23BB1,W23BB1,W23BB1R15,3,0,0,0,NA,Absent,3,Ridge,
W23,2/28/2023,Butler Beach,N,W23BB1,W23BB1,W23BB1R22,13,2,2,0,NA,Absent,17,Ridge,
W23,2/28/2023,Butler Beach,N,W23BB1,W23BB1,W23BB1R25,18,1,0,0,NA,Absent,19,Ridge,
W23,2/28/2023,Butler Beach,N,W23BB1,W23BB1,W23BB1R29,2,1,0,0,NA,Absent,3,Ridge,
W23,2/28/2023,Butler Beach,N,W23BB1,W23BB1,W23BB1R30,1,0,0,0,NA,Absent,1,Ridge,
W23,2/28/2023,Butler Beach,N,W23BB1,W23BB1,W23BB1R4,1,0,0,0,NA,Absent,1,Ridge,
W23,2/28/2023,Butler Beach,N,W23BB6,W23BB6,W23BB6R0,19,0,0,0,NA,Absent,19,Ridge,
W23,2/28/2023,Butler Beach,N,W23BB6,W23BB6,W23BB6R1,27,0,14,0,NA,Absent,41,Ridge,
W23,2/28/2023,Butler Beach,N,W23BB6,W23BB6,W23BB6R13,28,0,8,1,NA,Absent,37,Ridge,
W23,2/28/2023,Butler Beach,N,W23BB6,W23BB6,W23BB6R20,8,1,0,0,NA,Present,9,Ridge,
W23,2/28/2023,Butler Beach,N,W23BB6,W23BB6,W23BB6R6,30,0,0,0,NA,Present,30,Ridge,
W23,2/28/2023,Butler Beach,N,W23BB6,W23BB6,W23BB6R7,35,1,0,0,NA,Present,36,Ridge,
W23,3/1/2023,Butler Beach,N,W23BB11,BBNR1,W23BB11R1,40,0,27,0,NA,Present,67,Ridge,
W23,3/1/2023,Butler Beach,N,W23BB11,BBNR1,W23BB11R24,49,7,10,0,NA,Absent,66,Ridge,
W23,3/1/2023,Butler Beach,N,W23BB11,BBNR1,W23BB11R28,40,2,0,0,NA,Absent,42,Ridge,
W23,3/1/2023,Butler Beach,N,W23BB11,BBNR1,W23BB11R3,16,0,0,0,NA,Absent,16,Ridge,
W23,3/1/2023,Butler Beach,N,W23BB11,BBNR1,W23BB11R5,25,0,0,0,NA,Absent,25,Ridge,
W23,3/1/2023,Butler Beach,N,W23BB11,BBNR1,W23BB11R9,48,1,6,0,NA,Absent,55,Ridge,
W23,3/1/2023,St Augustine,N,W23SA4R1,W23SA4R1,W23SA4R1R0,38,4,2,4,NA,Present,48,Ridge,
W23,3/1/2023,St Augustine,N,W23SA4R1,W23SA4R1,W23SA4R1R13,60,1,25,0,NA,Absent,86,Ridge,
W23,3/1/2023,St Augustine,N,W23SA4R1,W23SA4R1,W23SA4R1R16,11,0,0,0,NA,Absent,11,Ridge,
W23,3/1/2023,St Augustine,N,W23SA4R1,W23SA4R1,W23SA4R1R17,22,0,0,0,NA,Absent,22,Ridge,
W23,3/1/2023,St Augustine,N,W23SA4R1,W23SA4R1,W23SA4R1R7,19,0,1,0,NA,Absent,20,Ridge,
W23,3/1/2023,St Augustine,N,W23SA4R1,W23SA4R1,W23SA4R1R9,27,0,17,0,NA,Present,44,Ridge,
W23,3/17/2023,St Augustine,N,W23SA2R2,W23SA2R2,W23SA2R2R11,14,0,1,0,NA,Absent,15,Ridge,
W23,3/17/2023,St Augustine,N,W23SA2R2,W23SA2R2,W23SA2R2R18,47,0,9,1,NA,Absent,57,Ridge,
W23,3/17/2023,St Augustine,N,W23SA2R2,W23SA2R2,W23SA2R2R31,45,0,8,0,NA,Absent,53,Ridge,
W23,3/17/2023,St Augustine,N,W23SA2R2,W23SA2R2,W23SA2R2R47,44,0,5,0,NA,Absent,49,Ridge,
W23,3/17/2023,St Augustine,N,W23SA2R2,W23SA2R2,W23SA2R2R57,23,0,2,0,NA,Absent,25,Ridge,
W23,3/17/2023,St Augustine,N,W23SA2R2,W23SA2R2,W23SA2R2R72,22,0,14,0,NA,Absent,36,Ridge,
W23,3/17/2023,St Augustine,N,W23SA2R3,SA303,W23SA2R3R13,49,0,21,0,NA,Absent,70,Ridge,
W23,3/17/2023,St Augustine,N,W23SA2R3,SA303,W23SA2R3R23,58,0,14,0,NA,Present,72,Ridge,
W23,3/17/2023,St Augustine,N,W23SA2R3,SA303,W23SA2R3R25,34,0,6,0,NA,Present,40,Ridge,
W23,3/17/2023,St Augustine,N,W23SA2R3,SA303,W23SA2R3R3,28,0,5,0,NA,Absent,33,Ridge,
W23,3/17/2023,St Augustine,N,W23SA2R3,SA303,W23SA2R3R30,4,0,1,0,NA,Absent,5,Ridge,
W23,3/17/2023,St Augustine,N,W23SA2R3,SA303,W23SA2R3R6,54,0,13,0,NA,Present,67,Ridge,
W23,3/20/2023,St Augustine,N,W23SA2R1,W23SA2R1,W23SA2R1R1,40,9,1,0,NA,Absent,50,Ridge,
W23,3/20/2023,St Augustine,N,W23SA2R1,W23SA2R1,W23SA2R1R21,53,0,6,0,NA,Present,59,Ridge,
W23,3/20/2023,St Augustine,N,W23SA2R1,W23SA2R1,W23SA2R1R29,26,0,0,0,NA,Present,26,Ridge,
W23,3/20/2023,St Augustine,N,W23SA2R1,W23SA2R1,W23SA2R1R33,63,1,5,0,NA,Absent,69,Ridge,
W23,3/20/2023,St Augustine,N,W23SA2R1,W23SA2R1,W23SA2R1R8,28,0,3,0,NA,Absent,31,Ridge,
W23,3/20/2023,St Augustine,N,W23SA2R1,W23SA2R1,W23SA2R1R9,42,0,3,0,NA,Absent,45,Ridge,
W24,12/20/2023,Fort Matanzas,Y,W24FM1,W24FM1,W24FM1R1,30,1,1,0,NA,Absent,32,Ridge,
W24,12/20/2023,Fort Matanzas,Y,W24FM1,W24FM1,W24FM1R4,14,0,0,0,NA,Absent,14,Ridge,
W24,12/20/2023,Fort Matanzas,Y,W24FM1,W24FM1,W24FM1R5,5,0,0,1,NA,Absent,6,Ridge,
W24,12/20/2023,Fort Matanzas,Y,W24FM1,W24FM1,W24FM1R7,16,0,0,0,NA,Absent,16,Ridge,Mud crab present
W24,12/20/2023,Fort Matanzas,Y,W24FM1,W24FM1,W24FM1R9,6,0,0,0,NA,Absent,6,Ridge,
W24,12/20/2023,Fort Matanzas,Y,W24FM1,W24FM1,W24FM1R14,10,0,0,0,NA,Absent,10,Ridge,
W24,12/21/2023,Fort Matanzas,Y,W24FM2,FM206,W24FM2R4,14,0,0,0,NA,Absent,14,Ridge,Mud crab present
W24,12/21/2023,Fort Matanzas,Y,W24FM2,FM206,W24FM2R19,13,0,2,0,NA,Absent,15,Ridge,Mud crab present
W24,12/21/2023,Fort Matanzas,Y,W24FM2,FM206,W24FM2R21,0,0,0,0,NA,Absent,0,Ridge,
W24,12/21/2023,Fort Matanzas,Y,W24FM2,FM206,W24FM2R27,15,0,0,0,NA,Absent,15,Ridge,
W24,12/21/2023,Fort Matanzas,Y,W24FM2,FM206,W24FM2R28,6,0,0,0,NA,Absent,6,Ridge,
W24,12/21/2023,Fort Matanzas,Y,W24FM2,FM206,W24FM2R35,6,0,4,0,NA,Absent,10,Ridge,Porcelain crab present
W24,12/21/2023,Fort Matanzas,Y,W24FM3,W24FM3,W24FM3R1,22,0,0,0,NA,Absent,22,Ridge,
W24,12/21/2023,Fort Matanzas,Y,W24FM3,W24FM3,W24FM3R6,10,0,6,0,NA,Absent,16,Ridge,Mud crabs present
W24,12/21/2023,Fort Matanzas,Y,W24FM3,W24FM3,W24FM3R11,15,0,2,0,NA,Absent,17,Ridge,
W24,12/21/2023,Fort Matanzas,Y,W24FM3,W24FM3,W24FM3R15,4,0,2,0,NA,Absent,6,Ridge,Mud crabs present
W24,12/21/2023,Fort Matanzas,Y,W24FM3,W24FM3,W24FM3R17,14,1,5,0,NA,Absent,20,Ridge,Porcelain crab present
W24,12/21/2023,Fort Matanzas,Y,W24FM3,W24FM3,W24FM3R25,10,0,0,0,NA,Absent,10,Ridge,
W24,12/21/2023,Fort Matanzas,Y,W24FM4,W24FM4,W24FM4R1,46,4,0,0,NA,Absent,50,Ridge,
W24,12/21/2023,Fort Matanzas,Y,W24FM4,W24FM4,W24FM4R4,10,0,1,0,NA,Absent,11,Ridge,
W24,12/21/2023,Fort Matanzas,Y,W24FM4,W24FM4,W24FM4R5,12,0,4,0,NA,Absent,16,Ridge,
W24,12/21/2023,Fort Matanzas,Y,W24FM4,W24FM4,W24FM4R7,23,3,8,1,NA,Absent,35,Ridge,
W24,12/21/2023,Fort Matanzas,Y,W24FM4,W24FM4,W24FM4R9,4,1,0,0,NA,Absent,5,Ridge,
W24,12/21/2023,Fort Matanzas,Y,W24FM4,W24FM4,W24FM4R19,22,0,0,0,NA,Absent,22,Ridge,
W24,12/22/2023,Fort Matanzas,Y,W24FM5,W24FM5,W24FM5R6,29,0,5,0,NA,Absent,34,Ridge,
W24,12/22/2023,Fort Matanzas,Y,W24FM5,W24FM5,W24FM5R8,30,0,1,0,NA,Absent,31,Ridge,
W24,12/22/2023,Fort Matanzas,Y,W24FM5,W24FM5,W24FM5R21,40,0,21,0,NA,Present,61,Ridge,Snail present
W24,12/22/2023,Fort Matanzas,Y,W24FM5,W24FM5,W24FM5R27,0,0,0,0,NA,Absent,0,Ridge,
W24,12/22/2023,Fort Matanzas,Y,W24FM5,W24FM5,W24FM5R32,0,0,1,0,NA,Present,1,Ridge,Snail present
W24,12/22/2023,Fort Matanzas,Y,W24FM5,W24FM5,W24FM5R40,27,0,3,0,NA,Absent,30,Ridge,
W24,12/22/2023,Fort Matanzas,Y,W24FM6,W24FM6,W24FM6R6,55,0,35,1,NA,Absent,91,Ridge,Porcelain crab present
W24,12/22/2023,Fort Matanzas,Y,W24FM6,W24FM6,W24FM6R39,11,0,9,0,NA,Absent,20,Ridge,
W24,12/22/2023,Fort Matanzas,Y,W24FM6,W24FM6,W24FM6R44,2,0,0,0,NA,Absent,2,Ridge,
W24,12/22/2023,Fort Matanzas,Y,W24FM6,W24FM6,W24FM6R49,12,0,1,0,NA,Absent,13,Ridge,
W24,12/22/2023,Fort Matanzas,Y,W24FM6,W24FM6,W24FM6R67,98,7,17,2,NA,Absent,124,Ridge,Porcelain crab present; mud crabs present 
W24,12/22/2023,Fort Matanzas,Y,W24FM6,W24FM6,W24FM6R80,54,0,22,0,NA,Absent,76,Ridge,Porcelain crab present; mud crabs present 
W24,1/10/2024,Butler Beach,N,W24BB3,W24BB3,W24BB3R3,11,1,4,0,NA,Absent,16,Ridge,Porcelain crab present
W24,1/10/2024,Butler Beach,N,W24BB3,W24BB3,W24BB3R7,2,0,0,0,NA,Absent,2,Ridge,
W24,1/10/2024,Butler Beach,N,W24BB3,W24BB3,W24BB3R9,4,0,5,0,NA,Absent,9,Ridge,
W24,1/10/2024,Butler Beach,N,W24BB3,W24BB3,W24BB3R10,0,0,0,0,NA,Absent,0,Ridge,
W24,1/10/2024,Butler Beach,N,W24BB3,W24BB3,W24BB3R16,11,0,8,0,NA,Absent,19,Ridge,Lots of spat on shell
W24,1/10/2024,Butler Beach,N,W24BB3,W24BB3,W24BB3R17,8,1,0,0,NA,Absent,9,Ridge,Porcelian crab present
W24,1/10/2024,Butler Beach,N,W24BB4,W24BB4,W24BB4R0,3,0,6,0,NA,Absent,9,Ridge,Porcelian crab present
W24,1/10/2024,Butler Beach,N,W24BB4,W24BB4,W24BB4R3,7,0,1,0,NA,Present,8,Ridge,Porcelian crab and snail present
W24,1/10/2024,Butler Beach,N,W24BB4,W24BB4,W24BB4R6,0,0,0,0,NA,Absent,0,Ridge,No live oysters all shell
W24,1/10/2024,Butler Beach,N,W24BB4,W24BB4,W24BB4R9,9,0,7,0,NA,Absent,16,Ridge,
W24,1/10/2024,Butler Beach,N,W24BB4,W24BB4,W24BB4R12,2,0,0,0,NA,Absent,2,Ridge,
W24,1/10/2024,Butler Beach,N,W24BB4,W24BB4,W24BB4R16,30,8,18,2,NA,Absent,58,Ridge,Porcelian crab present
W24,1/18/2024,Fort Matanzas,Y,W24FM9,FM77,W24FM9R6,4,0,0,0,NA,Absent,4,Ridge,
W24,1/18/2024,Fort Matanzas,Y,W24FM9,FM77,W24FM9R8,12,0,2,0,NA,Absent,14,Ridge,
W24,1/18/2024,Fort Matanzas,Y,W24FM9,FM77,W24FM9R21,11,0,0,0,NA,Absent,11,Ridge,
W24,1/18/2024,Fort Matanzas,Y,W24FM9,FM77,W24FM9R27,18,4,17,0,NA,Absent,39,Ridge,
W24,1/18/2024,Fort Matanzas,Y,W24FM9,FM77,W24FM9R32,23,0,3,0,NA,Absent,26,Ridge,
W24,1/18/2024,Fort Matanzas,Y,W24FM9,FM77,W24FM9R40,18,0,1,0,NA,Absent,19,Ridge,
W24,1/18/2024,Fort Matanzas,Y,W24FM10,W24FM10,W24FM10R4,19,0,8,0,NA,Absent,27,Ridge,
W24,1/18/2024,Fort Matanzas,Y,W24FM10,W24FM10,W24FM10R11,40,1,12,0,NA,Absent,53,Ridge,
W24,1/18/2024,Fort Matanzas,Y,W24FM10,W24FM10,W24FM10R12,42,6,33,2,NA,Present,83,Ridge,Snail present 
W24,1/18/2024,Fort Matanzas,Y,W24FM10,W24FM10,W24FM10R15,15,0,14,0,NA,Absent,29,Ridge,
W24,1/18/2024,Fort Matanzas,Y,W24FM10,W24FM10,W24FM10R18,21,4,6,0,NA,Absent,31,Ridge,
W24,1/18/2024,Fort Matanzas,Y,W24FM10,W24FM10,W24FM10R20,24,4,8,0,NA,Absent,36,Ridge,Porcelain crab present
W24,1/22/2024,Fort Matanzas,Y,W24FM8,W24FM8,W24FM8R7,20,0,4,0,NA,Absent,24,Ridge,Mud crabs present
W24,1/22/2024,Fort Matanzas,Y,W24FM8,W24FM8,W24FM8R25,19,0,0,0,NA,Absent,19,Ridge,
W24,1/22/2024,Fort Matanzas,Y,W24FM8,W24FM8,W24FM8R32,12,0,5,0,NA,Absent,17,Ridge,Mud and stone crabs present 
W24,1/22/2024,Fort Matanzas,Y,W24FM8,W24FM8,W24FM8R44,18,0,3,0,NA,Absent,21,Ridge,
W24,1/22/2024,Fort Matanzas,Y,W24FM8,W24FM8,W24FM8R58,13,0,0,0,NA,Absent,13,Ridge,Porcelain crab present 
W24,1/22/2024,Fort Matanzas,Y,W24FM8,W24FM8,W24FM8R65,21,0,1,0,NA,Absent,22,Ridge,"Porcelain crabs present, shrimp present "
W24,1/22/2024,Fort Matanzas,Y,W24FM11,FM32,W24FM11R16,24,10,0,0,NA,Absent,34,Ridge,
W24,1/22/2024,Fort Matanzas,Y,W24FM11,FM32,W24FM11R20,17,1,12,0,NA,Absent,30,Ridge,
W24,1/22/2024,Fort Matanzas,Y,W24FM11,FM32,W24FM11R26,31,1,6,0,NA,Absent,38,Ridge,
W24,1/22/2024,Fort Matanzas,Y,W24FM11,FM32,W24FM11R27,15,1,6,0,NA,Absent,22,Ridge,
W24,1/22/2024,Fort Matanzas,Y,W24FM11,FM32,W24FM11R31,36,6,8,0,NA,Absent,50,Ridge,Porcelain Crab Present
W24,1/22/2024,Fort Matanzas,Y,W24FM11,FM32,W24FM11R49,26,5,1,0,NA,Absent,32,Ridge,
W24,1/24/2024,Fort Matanzas,N,W24FM14,W24FM14,W24FM14R3,46,18,51,5,NA,Present,120,Ridge,"Porcelain crabs present, snails present "
W24,1/24/2024,Fort Matanzas,N,W24FM14,W24FM14,W24FM14R7,23,1,11,0,NA,Absent,35,Ridge,Porcelain crabs present 
W24,1/24/2024,Fort Matanzas,N,W24FM14,W24FM14,W24FM14R9,21,0,4,0,NA,Absent,25,Ridge,
W24,1/24/2024,Fort Matanzas,N,W24FM14,W24FM14,W24FM14R15,42,5,47,3,NA,Absent,97,Ridge,Porcelain crabs present 
W24,1/24/2024,Fort Matanzas,N,W24FM14,W24FM14,W24FM14R19,37,12,8,2,NA,Absent,59,Ridge,Porcelain crabs present 
W24,1/24/2024,Fort Matanzas,N,W24FM14,W24FM14,W24FM14R21,27,2,10,1,NA,Absent,40,Ridge,Porcelain crabs present 
W24,1/24/2024,Fort Matanzas,Y,W24FM7,FM290,W24FM7R0,6,0,1,0,NA,Absent,7,Ridge,
W24,1/24/2024,Fort Matanzas,Y,W24FM7,FM290,W24FM7R1,19,1,6,0,NA,Absent,26,Ridge,
W24,1/24/2024,Fort Matanzas,Y,W24FM7,FM290,W24FM7R13,11,2,4,0,NA,Absent,17,Ridge,
W24,1/24/2024,Fort Matanzas,Y,W24FM7,FM290,W24FM7R29,6,0,2,0,NA,Absent,8,Ridge,
W24,1/24/2024,Fort Matanzas,Y,W24FM7,FM290,W24FM7R37,47,3,8,0,NA,Absent,58,Ridge,
W24,1/24/2024,Fort Matanzas,Y,W24FM7,FM290,W24FM7R38,33,19,40,0,NA,Absent,92,Ridge,
W24,1/31/2024,Pellicer Flats,N,W24PF1,PF8,W24PF1R0,37,4,7,0,NA,Absent,48,Ridge,
W24,1/31/2024,Pellicer Flats,N,W24PF1,PF8,W24PF1R3,54,0,14,0,NA,Absent,68,Ridge,
W24,1/31/2024,Pellicer Flats,N,W24PF1,PF8,W24PF1R4,83,0,7,0,NA,Absent,90,Ridge,
W24,1/31/2024,Pellicer Flats,N,W24PF1,PF8,W24PF1R6,28,0,5,0,NA,Absent,33,Ridge,
W24,1/31/2024,Pellicer Flats,N,W24PF1,PF8,W24PF1R8,43,2,2,0,NA,Absent,47,Ridge,Porcelain crabs present 
W24,1/31/2024,Pellicer Flats,N,W24PF1,PF8,W24PF1R11,51,2,6,0,NA,Absent,59,Ridge,
W24,1/31/2024,Pellicer Flats,N,W24PF5,PF4,W24PF5R5,76,0,51,5,NA,Absent,132,Ridge,
W24,1/31/2024,Pellicer Flats,N,W24PF5,PF4,W24PF5R26,63,0,75,0,NA,Absent,138,Ridge,Porcelain crab present 
W24,1/31/2024,Pellicer Flats,N,W24PF5,PF4,W24PF5R40,25,0,13,0,NA,Absent,38,Ridge,
W24,1/31/2024,Pellicer Flats,N,W24PF5,PF4,W24PF5R44,92,0,20,0,NA,Absent,112,Ridge,Porcelain crab present 
W24,1/31/2024,Pellicer Flats,N,W24PF5,PF4,W24PF5R51,56,0,9,1,NA,Absent,66,Ridge,
W24,1/31/2024,Pellicer Flats,N,W24PF5,PF4,W24PF5R52,88,0,61,2,NA,Absent,151,Ridge,
W24,2/1/2024,Pellicer Flats,N,W24PF4,W24PF4,W24PF4R21,34,0,6,0,NA,Absent,40,Ridge,Shrimp
W24,2/1/2024,Pellicer Flats,N,W24PF4,W24PF4,W24PF4R45,65,0,10,0,NA,Absent,75,Ridge,Shrimp
W24,2/1/2024,Pellicer Flats,N,W24PF4,W24PF4,W24PF4R47,52,0,12,0,NA,Absent,64,Ridge,Mud crab present
W24,2/1/2024,Pellicer Flats,N,W24PF4,W24PF4,W24PF4R49,59,0,2,0,NA,Absent,61,Ridge,
W24,2/1/2024,Pellicer Flats,N,W24PF4,W24PF4,W24PF4R62,123,0,54,3,NA,Present,180,Ridge,"Snail, mud crab"
W24,2/1/2024,Pellicer Flats,N,W24PF4,W24PF4,W24PF4R82,97,0,20,1,NA,Absent,118,Ridge,Stone and mud crabs present 
W24,2/1/2024,Pellicer Flats,N,W24PF3,W24PF3,W24PF3R3,55,0,9,0,NA,Absent,64,Ridge,
W24,2/1/2024,Pellicer Flats,N,W24PF3,W24PF3,W24PF3R9,40,0,0,0,NA,Absent,40,Ridge,
W24,2/1/2024,Pellicer Flats,N,W24PF3,W24PF3,W24PF3R12,32,0,4,0,NA,Absent,36,Ridge,
W24,2/1/2024,Pellicer Flats,N,W24PF3,W24PF3,W24PF3R13,21,0,1,0,NA,Present,22,Ridge,Snail present
W24,2/1/2024,Pellicer Flats,N,W24PF3,W24PF3,W24PF3R14,67,0,4,0,NA,Absent,71,Ridge,
W24,2/1/2024,Pellicer Flats,N,W24PF3,W24PF3,W24PF3R15,86,0,10,0,NA,Absent,96,Ridge,Mud crab present
W24,2/19/2024,Pellicer Flats,N,W24PF6,W24PF6,W24PF6R6,106,1,4,0,NA,Absent,110,Ridge,
W24,2/19/2024,Pellicer Flats,N,W24PF6,W24PF6,W24PF6R12,209,1,35,0,NA,Absent,245,Ridge,Porcelain crab present
W24,2/19/2024,Pellicer Flats,N,W24PF6,W24PF6,W24PF6R13,172,3,20,0,NA,Absent,195,Ridge,Porcelain crab present
W24,2/19/2024,Pellicer Flats,N,W24PF6,W24PF6,W24PF6R18,70,0,11,0,NA,Absent,81,Ridge,
W24,2/19/2024,Pellicer Flats,N,W24PF6,W24PF6,W24PF6R28,95,0,20,0,NA,Absent,115,Ridge,Porcelain crab present
W24,2/19/2024,Pellicer Flats,N,W24PF6,W24PF6,W24PF6R29,43,0,2,0,NA,Absent,45,Ridge,
W24,2/19/2024,Pellicer Flats,N,W24PF2,PF323,W24PF2R7,35,0,3,0,NA,Absent,38,Ridge,
W24,2/19/2024,Pellicer Flats,N,W24PF2,PF323,W24PF2R23,47,0,4,0,NA,Absent,51,Ridge,
W24,2/19/2024,Pellicer Flats,N,W24PF2,PF323,W24PF2R31,138,0,18,0,NA,Absent,156,Ridge,
W24,2/19/2024,Pellicer Flats,N,W24PF2,PF323,W24PF2R49,42,0,11,0,NA,Absent,53,Ridge,Porcelain crab present 
W24,2/19/2024,Pellicer Flats,N,W24PF2,PF323,W24PF2R54,50,0,0,0,NA,Absent,50,Ridge,
W24,2/19/2024,Pellicer Flats,N,W24PF2,PF323,W24PF2R71,110,1,4,0,NA,Absent,115,Ridge,
W24,3/1/2024,Butler Beach,N,W24BB5,W24BB5,W24BB5R6,6,0,6,0,NA,Absent,12,Ridge,Porcelain crab present
W24,3/1/2024,Butler Beach,N,W24BB5,W24BB5,W24BB5R15,18,0,3,1,NA,Absent,22,Ridge,Porcelain crab present
W24,3/1/2024,Butler Beach,N,W24BB5,W24BB5,W24BB5R35,28,0,0,0,NA,Absent,28,Ridge,
W24,3/1/2024,Butler Beach,N,W24BB5,W24BB5,W24BB5R41,29,0,2,1,NA,Absent,32,Ridge,
W24,3/1/2024,Butler Beach,N,W24BB5,W24BB5,W24BB5R59,8,1,1,0,NA,Absent,10,Ridge,
W24,3/1/2024,Butler Beach,N,W24BB5,W24BB5,W24BB5R62,9,0,0,0,NA,Absent,9,Ridge,Porcelain crab present
W24,3/1/2024,Butler Beach,N,W24BB13,W24BB13,W24BB13R10,4,0,1,0,NA,Absent,5,Ridge,Porcelain crab present
W24,3/1/2024,Butler Beach,N,W24BB13,W24BB13,W24BB13R17,10,0,2,0,NA,Absent,12,Ridge,
W24,3/1/2024,Butler Beach,N,W24BB13,W24BB13,W24BB13R26,25,0,4,0,NA,Absent,29,Ridge,Porcelain crab present
W24,3/1/2024,Butler Beach,N,W24BB13,W24BB13,W24BB13R69,29,1,2,0,NA,Absent,32,Ridge,
W24,3/1/2024,Butler Beach,N,W24BB13,W24BB13,W24BB13R77,29,0,0,0,NA,Absent,29,Ridge,
W24,3/1/2024,Butler Beach,N,W24BB13,W24BB13,W24BB13R96,13,0,2,0,NA,Absent,15,Ridge,Porcelain crab present
W24,3/4/2024,Butler Beach,N,W24BB6,W24BB6,W24BB6R4,13,0,0,0,NA,Absent,13,Ridge,"Boring sponge evidence, porcelain crab present "
W24,3/4/2024,Butler Beach,N,W24BB6,W24BB6,W24BB6R7,7,1,0,0,NA,Present,8,Ridge,"Stone crabs present, boring sponge evidence, snail shell present "
W24,3/4/2024,Butler Beach,N,W24BB6,W24BB6,W24BB6R15,13,1,2,2,NA,Absent,18,Ridge,Stone and mud crabs present 
W24,3/4/2024,Butler Beach,N,W24BB6,W24BB6,W24BB6R16,23,0,1,0,NA,Absent,24,Ridge,Porcelian and mud crabs present 
W24,3/4/2024,Butler Beach,N,W24BB6,W24BB6,W24BB6R19,17,0,3,0,NA,Absent,20,Ridge,Stone and mud crabs present 
W24,3/4/2024,Butler Beach,N,W24BB6,W24BB6,W24BB6R23,18,1,8,0,NA,Absent,27,Ridge,Stone crab and green porcelain crab present
W24,3/4/2024,Butler Beach,N,W24BB12,W24BB12,W24BB12R12,13,0,1,0,NA,Absent,14,Ridge,Mud crab present
W24,3/4/2024,Butler Beach,N,W24BB12,W24BB12,W24BB12R24,14,0,0,0,NA,Absent,14,Ridge,Stone crab present 
W24,3/4/2024,Butler Beach,N,W24BB12,W24BB12,W24BB12R32,14,3,2,0,NA,Absent,19,Ridge,
W24,3/4/2024,Butler Beach,N,W24BB12,W24BB12,W24BB12R37,17,0,1,0,NA,Absent,18,Ridge,"Shrimp, stone crab, and mud crab present "
W24,3/4/2024,Butler Beach,N,W24BB12,W24BB12,W24BB12R42,11,0,0,0,NA,Absent,11,Ridge,"Evidence of boring sponge, stone crabs present"
W24,3/4/2024,Butler Beach,N,W24BB12,W24BB12,W24BB12R53,11,0,4,0,NA,Absent,15,Ridge,"Evidence of boring sponge, stone and porcelain crabs present"
W24,3/4/2024,Butler Beach,N,W24BB8,W24BB8,W24BB8R16,11,1,1,0,NA,Absent,13,Ridge,Porcelain crab present 
W24,3/4/2024,Butler Beach,N,W24BB8,W24BB8,W24BB8R18,1,0,0,0,NA,Absent,1,Ridge,
W24,3/4/2024,Butler Beach,N,W24BB8,W24BB8,W24BB8R19,9,0,0,0,NA,Absent,9,Ridge,"Clam shell present, boring sponge evidence, mud crabs present "
W24,3/4/2024,Butler Beach,N,W24BB8,W24BB8,W24BB8R29,55,0,3,0,NA,Absent,58,Ridge,"Evidence of boring sponge, green porcelain crab present, stone crab present "
W24,3/4/2024,Butler Beach,N,W24BB8,W24BB8,W24BB8R31,36,1,3,0,NA,Absent,40,Ridge,"Green porcelain crab and stone crab present, boring sponge evidence"
W24,3/4/2024,Butler Beach,N,W24BB8,W24BB8,W24BB8R44,2,0,0,0,NA,Absent,2,Ridge,
W24,3/6/2024,Butler Beach,N,W24BB10,W24BB10,W24BB10R16,2,0,0,0,NA,Absent,2,Ridge,Stone crab
W24,3/6/2024,Butler Beach,N,W24BB10,W24BB10,W24BB10R19,0,0,0,0,NA,Absent,0,Ridge,
W24,3/6/2024,Butler Beach,N,W24BB10,W24BB10,W24BB10R26,0,0,1,0,NA,Absent,1,Ridge,Mud crab
W24,3/6/2024,Butler Beach,N,W24BB10,W24BB10,W24BB10R41,3,0,3,1,NA,Absent,7,Ridge,
W24,3/6/2024,Butler Beach,N,W24BB10,W24BB10,W24BB10R50,2,0,0,0,NA,Absent,2,Ridge,
W24,3/6/2024,Butler Beach,N,W24BB10,W24BB10,W24BB10R59,11,1,0,0,NA,Absent,12,Ridge,Stone crab
W24,3/6/2024,Butler Beach,N,W24BB1,MC1,W24BB1R10,12,0,5,2,NA,Absent,19,Ridge,Stone crab
W24,3/6/2024,Butler Beach,N,W24BB1,MC1,W24BB1R17,3,1,0,0,NA,Present,4,Ridge,"Mud crab, snail"
W24,3/6/2024,Butler Beach,N,W24BB1,MC1,W24BB1R26,10,0,9,1,NA,Absent,20,Ridge,"Mud crabs, a lot of spat, stone crab"
W24,3/6/2024,Butler Beach,N,W24BB1,MC1,W24BB1R69,10,0,0,0,NA,Present,10,Ridge,Snails
W24,3/6/2024,Butler Beach,N,W24BB1,MC1,W24BB1R77,8,0,1,0,NA,Absent,9,Ridge,
W24,3/6/2024,Butler Beach,N,W24BB1,MC1,W24BB1R97,11,0,2,0,NA,Absent,13,Ridge,
W24,3/8/2024,Butler Beach,N,W24BB9,W24BB9,W24BB9R31,25,6,1,0,NA,Absent,32,Ridge,Stone crab
W24,3/8/2024,Butler Beach,N,W24BB9,W24BB9,W24BB9R47,28,3,26,5,NA,Absent,62,Ridge,Green porcelain and stone crab present
W24,3/8/2024,Butler Beach,N,W24BB9,W24BB9,W24BB9R72,14,0,1,0,NA,Absent,15,Ridge,
W24,3/8/2024,Butler Beach,N,W24BB9,W24BB9,W24BB9R78,26,0,5,0,NA,Present,31,Ridge,Stone crab and snail present
W24,3/8/2024,Butler Beach,N,W24BB9,W24BB9,W24BB9R90,10,0,0,0,NA,Absent,10,Ridge,Evidence of boring sponge
W24,3/8/2024,Butler Beach,N,W24BB9,W24BB9,W24BB9R94,3,0,0,0,NA,Absent,3,Ridge,
W24,3/8/2024,Butler Beach,N,W24BB11,BU1,W24BB11R1,20,0,0,0,NA,Absent,20,Ridge,Stone crab present 
W24,3/8/2024,Butler Beach,N,W24BB11,BU1,W24BB11R11,4,0,0,0,NA,Absent,4,Ridge,
W24,3/8/2024,Butler Beach,N,W24BB11,BU1,W24BB11R24,5,0,0,0,NA,Absent,5,Ridge,Stone crab present 
W24,3/8/2024,Butler Beach,N,W24BB11,BU1,W24BB11R29,9,0,0,0,NA,Absent,9,Ridge,
W24,3/8/2024,Butler Beach,N,W24BB11,BU1,W24BB11R32,11,0,0,0,NA,Absent,11,Ridge,Evidence of boring sponge
W24,3/8/2024,Butler Beach,N,W24BB11,BU1,W24BB11R88,7,0,0,0,NA,Absent,7,Ridge,Green porcelain crab present
W24,3/13/2024,Fort Matanzas,N,W24FM12,W24FM12,W24FM12R1,43,1,6,0,NA,Absent,50,Ridge,Stone crab present 
W24,3/13/2024,Fort Matanzas,N,W24FM12,W24FM12,W24FM12R7,17,0,0,0,NA,Absent,17,Ridge,Porcelain crab present
W24,3/13/2024,Fort Matanzas,N,W24FM12,W24FM12,W24FM12R12,14,0,2,0,NA,Absent,16,Ridge,Stone crab present 
W24,3/13/2024,Fort Matanzas,N,W24FM12,W24FM12,W24FM12R20,17,0,0,0,NA,Absent,17,Ridge,Stone crab present 
W24,3/13/2024,Fort Matanzas,N,W24FM12,W24FM12,W24FM12R25,31,3,6,0,NA,Present,40,Ridge,Stone crab and snail present
W24,3/13/2024,Fort Matanzas,N,W24FM12,W24FM12,W24FM12R29,15,3,13,1,NA,Absent,32,Ridge,Unknown bivalve was identified as Isognomon alatus (flat tree oyster); mud and stone crabs present
W24,3/13/2024,Fort Matanzas,Y,W24FM13,FM50,W24FM13R1,16,0,0,0,NA,Absent,16,Ridge,
W24,3/13/2024,Fort Matanzas,Y,W24FM13,FM50,W24FM13R2,34,0,2,0,NA,Absent,36,Ridge,Stone crab present 
W24,3/13/2024,Fort Matanzas,Y,W24FM13,FM50,W24FM13R5,13,0,3,0,NA,Absent,16,Ridge,Stone crab present 
W24,3/13/2024,Fort Matanzas,Y,W24FM13,FM50,W24FM13R7,15,0,4,0,NA,Absent,19,Ridge,
W24,3/13/2024,Fort Matanzas,Y,W24FM13,FM50,W24FM13R19,21,0,0,0,NA,Absent,21,Ridge,
W24,3/13/2024,Fort Matanzas,Y,W24FM13,FM50,W24FM13R44,25,0,1,0,NA,Absent,26,Ridge,
W24,3/14/2024,Butler Beach,N,W24BB2,FM23,W24BB2R15,15,0,0,0,NA,Absent,15,Ridge,Shrimp present
W24,3/14/2024,Butler Beach,N,W24BB2,FM23,W24BB2R17,11,0,2,0,NA,Absent,13,Ridge,"Green procelain, stone, and mud crabs present"
W24,3/14/2024,Butler Beach,N,W24BB2,FM23,W24BB2R26,6,0,2,0,NA,Absent,8,Ridge,Green Porcelain crab present
W24,3/14/2024,Butler Beach,N,W24BB2,FM23,W24BB2R32,12,0,1,0,NA,Absent,13,Ridge,
W24,3/14/2024,Butler Beach,N,W24BB2,FM23,W24BB2R36,33,0,2,0,NA,Absent,35,Ridge,Green porcelain and stone crab present
W24,3/14/2024,Butler Beach,N,W24BB2,FM23,W24BB2R37,40,0,27,0,NA,Absent,67,Ridge,Boring sponge and green porcelain crab present
W24,3/14/2024,Butler Beach,N,W24BB7,W24BB7,W24BB7R3,13,0,1,0,NA,Absent,14,Ridge,Evidence of boring sponge
W24,3/14/2024,Butler Beach,N,W24BB7,W24BB7,W24BB7R7,14,0,12,0,NA,Absent,26,Ridge,"Evidence of boring sponge, mud crab present"
W24,3/14/2024,Butler Beach,N,W24BB7,W24BB7,W24BB7R13,8,0,0,0,NA,Present,8,Ridge,Snail present
W24,3/14/2024,Butler Beach,N,W24BB7,W24BB7,W24BB7R21,30,0,0,0,NA,Absent,30,Ridge,Stone crab present 
W24,3/14/2024,Butler Beach,N,W24BB7,W24BB7,W24BB7R23,13,0,2,0,NA,Absent,15,Ridge,Green Porcelain and stone crab present
W24,3/14/2024,Butler Beach,N,W24BB7,W24BB7,W24BB7R25,60,5,1,0,NA,Absent,66,Ridge,Stone crab present 
