Season,Date,Region,County,Harvest,Reef,ReefID,Lat,Long,ReefHeight_m,HeightDistance_m,ReefSlope,Location,TransectLength_m,RandomTransectLocation,Collected,CollectionName,Clusters_#/m^2,TotalCrownConchs_#/m^2,LiveCrownConch_#/m^2,LiveCover_%,ShellCover_%,BoxCover_%,SubstrateCover_%,OtherCover_%,Notes
S14,5/9/2014,Fort Matanzas,St Johns,Y,FM3,FM3,29.748994,-81.256516,NA,NA,NA,Ridge,NA,2,N,NA,NA,0,NA,24,NA,NA,NA,NA,
S14,5/9/2014,Fort Matanzas,St Johns,Y,FM3,FM3,29.748994,-81.256516,NA,NA,NA,Ridge,NA,8,Y,S14FM3R8,NA,0,NA,22,NA,NA,NA,NA,
S14,5/9/2014,Fort Matanzas,St Johns,Y,FM3,FM3,29.748994,-81.256516,NA,NA,NA,Ridge,NA,10,N,NA,NA,0,NA,7,NA,NA,NA,NA,
S14,5/9/2014,Fort Matanzas,St Johns,Y,FM3,FM3,29.748994,-81.256516,NA,NA,NA,Ridge,NA,12,N,NA,NA,0,NA,14,NA,NA,NA,NA,
S14,5/9/2014,Fort Matanzas,St Johns,Y,FM3,FM3,29.748994,-81.256516,NA,NA,NA,Ridge,NA,18,Y,S14FM3R18,NA,0,NA,9,NA,NA,NA,NA,
S14,5/9/2014,Fort Matanzas,St Johns,Y,FM3,FM3,29.748994,-81.256516,NA,NA,NA,Ridge,NA,20,N,NA,NA,0,NA,9,NA,NA,NA,NA,
S14,5/9/2014,Fort Matanzas,St Johns,Y,FM4,FM4,29.746007,-81.257489,NA,NA,NA,Ridge,NA,2,N,NA,NA,0,NA,17,NA,NA,NA,NA,
S14,5/9/2014,Fort Matanzas,St Johns,Y,FM4,FM4,29.746007,-81.257489,NA,NA,NA,Ridge,NA,6,Y,S14FM4R6,NA,0,NA,18,NA,NA,NA,NA,
S14,5/9/2014,Fort Matanzas,St Johns,Y,FM4,FM4,29.746007,-81.257489,NA,NA,NA,Ridge,NA,8,N,NA,NA,0,NA,12,NA,NA,NA,NA,
S14,5/9/2014,Fort Matanzas,St Johns,Y,FM4,FM4,29.746007,-81.257489,NA,NA,NA,Ridge,NA,14,N,NA,NA,0,NA,10,NA,NA,NA,NA,
S14,5/9/2014,Fort Matanzas,St Johns,Y,FM4,FM4,29.746007,-81.257489,NA,NA,NA,Ridge,NA,16,N,NA,NA,0,NA,9,NA,NA,NA,NA,
S14,5/9/2014,Fort Matanzas,St Johns,Y,FM4,FM4,29.746007,-81.257489,NA,NA,NA,Ridge,NA,18,Y,S14FM4R18,NA,0,NA,10,NA,NA,NA,NA,
S14,5/20/2014,Pellicer Flats,Flagler,N,PF1,PF1,29.66048,-81.22808,NA,NA,NA,Ridge,NA,1.5,N,NA,NA,2,NA,15,NA,NA,NA,NA,No oyster samples taken
S14,5/20/2014,Pellicer Flats,Flagler,N,PF1,PF1,29.66048,-81.22808,NA,NA,NA,Ridge,NA,2.5,N,NA,NA,2,NA,18,NA,NA,NA,NA,No oyster samples taken
S14,5/20/2014,Pellicer Flats,Flagler,N,PF1,PF1,29.66048,-81.22808,NA,NA,NA,Ridge,NA,4,N,NA,NA,1,NA,12,NA,NA,NA,NA,No oyster samples taken
S14,5/20/2014,Pellicer Flats,Flagler,N,PF2,PF2,29.66054,-81.22813,NA,NA,NA,Ridge,NA,1,N,NA,NA,2,NA,13,NA,NA,NA,NA,No oyster samples taken
S14,5/20/2014,Pellicer Flats,Flagler,N,PF2,PF2,29.66054,-81.22813,NA,NA,NA,Ridge,NA,2,N,NA,NA,2,NA,12,NA,NA,NA,NA,No oyster samples taken
S14,5/20/2014,Pellicer Flats,Flagler,N,PF2,PF2,29.66054,-81.22813,NA,NA,NA,Ridge,NA,4,N,NA,NA,3,NA,9,NA,NA,NA,NA,No oyster samples taken
S14,5/20/2014,Pellicer Flats,Flagler,N,PF3,PF3,29.66059,-81.22822,NA,NA,NA,Ridge,NA,0.5,N,NA,NA,3,NA,17,NA,NA,NA,NA,No oyster samples taken
S14,5/20/2014,Pellicer Flats,Flagler,N,PF3,PF3,29.66059,-81.22822,NA,NA,NA,Ridge,NA,2.5,N,NA,NA,3,NA,11,NA,NA,NA,NA,No oyster samples taken
S14,5/20/2014,Pellicer Flats,Flagler,N,PF3,PF3,29.66059,-81.22822,NA,NA,NA,Ridge,NA,4,N,NA,NA,4,NA,11,NA,NA,NA,NA,No oyster samples taken
S14,5/22/2014,Guana River,St Johns,N,GR1,GR1,30.01622,-81.32779,NA,NA,NA,Ridge,NA,2,N,NA,NA,0,NA,29.5,NA,NA,NA,NA,Cover averaged
S14,5/22/2014,Guana River,St Johns,N,GR1,GR1,30.01622,-81.32779,NA,NA,NA,Ridge,NA,5,Y,S14GR1R5,NA,0,NA,28,NA,NA,NA,NA,Cover averaged
S14,5/22/2014,Guana River,St Johns,N,GR1,GR1,30.01622,-81.32779,NA,NA,NA,Ridge,NA,8,N,NA,NA,0,NA,32.5,NA,NA,NA,NA,Cover averaged
S14,5/22/2014,Guana River,St Johns,N,GR1,GR1,30.01622,-81.32779,NA,NA,NA,Ridge,NA,9,Y,S14GR1R9,NA,0,NA,30,NA,NA,NA,NA,Cover averaged
S14,5/22/2014,Guana River,St Johns,N,GR1,GR1,30.01622,-81.32779,NA,NA,NA,Ridge,NA,12,N,NA,NA,0,NA,29,NA,NA,NA,NA,Cover averaged
S14,5/22/2014,Guana River,St Johns,N,GR2,GR2,30.00999,-81.32391,NA,NA,NA,Ridge,NA,3,Y,S14GR2R3,NA,0,NA,14.5,NA,NA,NA,NA,Cover averaged
S14,5/22/2014,Guana River,St Johns,N,GR2,GR2,30.00999,-81.32391,NA,NA,NA,Ridge,NA,6,Y,S14GR2R6,NA,0,NA,27.5,NA,NA,NA,NA,Cover averaged
S14,5/22/2014,Guana River,St Johns,N,GR2,GR2,30.00999,-81.32391,NA,NA,NA,Ridge,NA,15,N,NA,NA,0,NA,14,NA,NA,NA,NA,Cover averaged
S14,5/22/2014,Guana River,St Johns,N,GR2,GR2,30.00999,-81.32391,NA,NA,NA,Ridge,NA,21,N,NA,NA,0,NA,9,NA,NA,NA,NA,Cover averaged
S14,5/22/2014,Guana River,St Johns,N,GR2,GR2,30.00999,-81.32391,NA,NA,NA,Ridge,NA,24,N,NA,NA,0,NA,25.5,NA,NA,NA,NA,Cover averaged
S14,5/22/2014,Guana River,St Johns,N,GR2,GR2,30.00999,-81.32391,NA,NA,NA,Ridge,NA,27,N,NA,NA,0,NA,21,NA,NA,NA,NA,Cover averaged
S14,5/23/2014,Fort Matanzas,St Johns,Y,CO,CO,29.74758,-81.2505,NA,NA,NA,Ridge,NA,2,Y,S14COR2,NA,0,NA,18.5,NA,NA,NA,NA,"Cover averaged, Whelks, concR, and conc egg cases on reef outside of transect"
S14,5/23/2014,Fort Matanzas,St Johns,Y,CO,CO,29.74758,-81.2505,NA,NA,NA,Ridge,NA,6,N,NA,NA,0,NA,13.5,NA,NA,NA,NA,"Cover averaged, Whelks, concR, and conc egg cases on reef outside of transect"
S14,5/23/2014,Fort Matanzas,St Johns,Y,CO,CO,29.74758,-81.2505,NA,NA,NA,Ridge,NA,8,Y,S14COR8,NA,0,NA,18,NA,NA,NA,NA,"Cover averaged, Whelks, concR, and conc egg cases on reef outside of transect"
S14,5/23/2014,Fort Matanzas,St Johns,Y,CO,CO,29.74758,-81.2505,NA,NA,NA,Ridge,NA,14,N,NA,NA,0,NA,13.5,NA,NA,NA,NA,"Cover averaged, Whelks, concR, and conc egg cases on reef outside of transect"
S14,5/23/2014,Fort Matanzas,St Johns,Y,CO,CO,29.74758,-81.2505,NA,NA,NA,Ridge,NA,24,N,NA,NA,0,NA,10,NA,NA,NA,NA,"Cover averaged, Whelks, concR, and conc egg cases on reef outside of transect"
S14,5/23/2014,Fort Matanzas,St Johns,Y,CO,CO,29.74758,-81.2505,NA,NA,NA,Ridge,NA,26,N,NA,NA,0,NA,11.5,NA,NA,NA,NA,"Cover averaged, Whelks, concR, and conc egg cases on reef outside of transect"
S14,5/23/2014,Fort Matanzas,St Johns,Y,FM1,FM1,29.75108,-81.25412,NA,NA,NA,Ridge,NA,3,Y,S14FM1R3,NA,0,NA,13,NA,NA,NA,NA,Cover averaged
S14,5/23/2014,Fort Matanzas,St Johns,Y,FM1,FM1,29.75108,-81.25412,NA,NA,NA,Ridge,NA,5,Y,S14FM1R5,NA,0,NA,15,NA,NA,NA,NA,Cover averaged
S14,5/23/2014,Fort Matanzas,St Johns,Y,FM1,FM1,29.75108,-81.25412,NA,NA,NA,Ridge,NA,9,N,NA,NA,0,NA,19.5,NA,NA,NA,NA,Cover averaged
S14,5/23/2014,Fort Matanzas,St Johns,Y,FM1,FM1,29.75108,-81.25412,NA,NA,NA,Ridge,NA,13,N,NA,NA,0,NA,16,NA,NA,NA,NA,Cover averaged
S14,5/23/2014,Fort Matanzas,St Johns,Y,FM1,FM1,29.75108,-81.25412,NA,NA,NA,Ridge,NA,17,N,NA,NA,0,NA,16,NA,NA,NA,NA,Cover averaged
S14,5/23/2014,Fort Matanzas,St Johns,Y,FM1,FM1,29.75108,-81.25412,NA,NA,NA,Ridge,NA,18,N,NA,NA,0,NA,16,NA,NA,NA,NA,Cover averaged
S14,6/3/2014,Salt Run,St Johns,Y,SR1,SR1,29.88216,-81.27934,NA,NA,NA,Ridge,NA,6,Y,S14SR1R6,NA,0,NA,8,NA,NA,NA,NA,
S14,6/3/2014,Salt Run,St Johns,Y,SR1,SR1,29.88216,-81.27934,NA,NA,NA,Ridge,NA,8,Y,S14SR1R8,NA,0,NA,8,NA,NA,NA,NA,
S14,6/3/2014,Salt Run,St Johns,Y,SR1,SR1,29.88216,-81.27934,NA,NA,NA,Ridge,NA,10,N,NA,NA,0,NA,10,NA,NA,NA,NA,
S14,6/3/2014,Salt Run,St Johns,Y,SR1,SR1,29.88216,-81.27934,NA,NA,NA,Ridge,NA,12,N,NA,NA,0,NA,4,NA,NA,NA,NA,
S14,6/3/2014,Salt Run,St Johns,Y,SR1,SR1,29.88216,-81.27934,NA,NA,NA,Ridge,NA,21,N,NA,NA,0,NA,4,NA,NA,NA,NA,
S14,6/3/2014,Salt Run,St Johns,Y,SR1,SR1,29.88216,-81.27934,NA,NA,NA,Ridge,NA,36,N,NA,NA,0,NA,6,NA,NA,NA,NA,
S14,6/3/2014,Salt Run,St Johns,Y,SR2,SR2,29.879581,-81.276823,NA,NA,NA,Ridge,NA,16,Y,S14SR2R16,NA,0,NA,7,NA,NA,NA,NA,
S14,6/3/2014,Salt Run,St Johns,Y,SR2,SR2,29.879581,-81.276823,NA,NA,NA,Ridge,NA,20,N,NA,NA,0,NA,7,NA,NA,NA,NA,
S14,6/3/2014,Salt Run,St Johns,Y,SR2,SR2,29.879581,-81.276823,NA,NA,NA,Ridge,NA,24,Y,S14SR2R24,NA,0,NA,8,NA,NA,NA,NA,
S14,6/3/2014,Salt Run,St Johns,Y,SR2,SR2,29.879581,-81.276823,NA,NA,NA,Ridge,NA,28,N,NA,NA,0,NA,7,NA,NA,NA,NA,
S14,6/3/2014,Salt Run,St Johns,Y,SR2,SR2,29.879581,-81.276823,NA,NA,NA,Ridge,NA,30,N,NA,NA,0,NA,3,NA,NA,NA,NA,
S14,6/3/2014,Salt Run,St Johns,Y,SR2,SR2,29.879581,-81.276823,NA,NA,NA,Ridge,NA,34,N,NA,NA,0,NA,8,NA,NA,NA,NA,
S14,6/3/2014,Salt Run,St Johns,Y,SR3,SR3,29.878853,-81.279778,NA,NA,NA,Ridge,NA,4,Y,S14SR3R4,NA,0,NA,12,NA,NA,NA,NA,
S14,6/3/2014,Salt Run,St Johns,Y,SR3,SR3,29.878853,-81.279778,NA,NA,NA,Ridge,NA,6,Y,S14SR3R6,NA,0,NA,9,NA,NA,NA,NA,
S14,6/3/2014,Salt Run,St Johns,Y,SR3,SR3,29.878853,-81.279778,NA,NA,NA,Ridge,NA,8,N,NA,NA,0,NA,13,NA,NA,NA,NA,
S14,6/3/2014,Salt Run,St Johns,Y,SR3,SR3,29.878853,-81.279778,NA,NA,NA,Ridge,NA,10,N,NA,NA,0,NA,15,NA,NA,NA,NA,
S14,6/3/2014,Salt Run,St Johns,Y,SR3,SR3,29.878853,-81.279778,NA,NA,NA,Ridge,NA,10,N,NA,NA,0,NA,8,NA,NA,NA,NA,
S14,6/3/2014,Salt Run,St Johns,Y,SR3,SR3,29.878853,-81.279778,NA,NA,NA,Ridge,NA,20,N,NA,NA,0,NA,10,NA,NA,NA,NA,
S14,6/3/2014,Salt Run,St Johns,N,SR4,SR4,29.89749,-81.29008,NA,NA,NA,Ridge,NA,8,Y,S14SR4R8,NA,NA,NA,18,NA,NA,NA,NA,
S14,6/3/2014,Salt Run,St Johns,N,SR4,SR4,29.89749,-81.29008,NA,NA,NA,Ridge,NA,10,Y,S14SR4R10,NA,NA,NA,15,NA,NA,NA,NA,
S14,6/3/2014,Salt Run,St Johns,N,SR4,SR4,29.89749,-81.29008,NA,NA,NA,Ridge,NA,12,N,NA,NA,NA,NA,19,NA,NA,NA,NA,
S14,6/3/2014,Salt Run,St Johns,N,SR4,SR4,29.89749,-81.29008,NA,NA,NA,Ridge,NA,14,N,NA,NA,NA,NA,21,NA,NA,NA,NA,
S14,6/3/2014,Salt Run,St Johns,N,SR4,SR4,29.89749,-81.29008,NA,NA,NA,Ridge,NA,18,N,NA,NA,NA,NA,35,NA,NA,NA,NA,
S14,6/3/2014,Salt Run,St Johns,N,SR4,SR4,29.89749,-81.29008,NA,NA,NA,Ridge,NA,20,N,NA,NA,NA,NA,16,NA,NA,NA,NA,
S14,6/3/2014,Salt Run,St Johns,N,SRLRH,SRLRH,29.88608,-81.28586,NA,NA,NA,Ridge,10,1,N,NA,NA,NA,NA,6,NA,NA,NA,NA,No samples collected
S14,6/3/2014,Salt Run,St Johns,N,SRLRH,SRLRH,29.88608,-81.28586,NA,NA,NA,Ridge,10,2,N,NA,NA,NA,NA,1,NA,NA,NA,NA,No samples collected
S14,6/3/2014,Salt Run,St Johns,N,SRLRH,SRLRH,29.88608,-81.28586,NA,NA,NA,Ridge,10,7,N,NA,NA,NA,NA,2,NA,NA,NA,NA,No samples collected
S14,6/3/2014,Salt Run,St Johns,N,SRLRH,SRLRH,29.88608,-81.28586,NA,NA,NA,Ridge,10,8,N,NA,NA,NA,NA,1,NA,NA,NA,NA,No samples collected
S14,6/3/2014,Salt Run,St Johns,N,SRLRH,SRLRH,29.88608,-81.28586,NA,NA,NA,Ridge,10,9,N,NA,NA,NA,NA,0,NA,NA,NA,NA,No samples collected
S14,6/4/2014,Tolomato River,St Johns,N,TR2,TR2,30.0175,-81.3508,NA,NA,NA,Ridge,NA,2,Y,S14TR2R2,NA,NA,NA,11,NA,NA,NA,NA,
S14,6/4/2014,Tolomato River,St Johns,N,TR2,TR2,30.0175,-81.3508,NA,NA,NA,Ridge,NA,3,Y,S14TR2R3,NA,NA,NA,13,NA,NA,NA,NA,
S14,6/4/2014,Tolomato River,St Johns,N,TR2,TR2,30.0175,-81.3508,NA,NA,NA,Ridge,NA,4,N,NA,NA,NA,NA,11,NA,NA,NA,NA,
S14,6/4/2014,Tolomato River,St Johns,N,TR2,TR2,30.0175,-81.3508,NA,NA,NA,Ridge,NA,6,N,NA,NA,NA,NA,7,NA,NA,NA,NA,
S14,6/4/2014,Tolomato River,St Johns,N,TR2,TR2,30.0175,-81.3508,NA,NA,NA,Ridge,NA,8,N,NA,NA,NA,NA,11,NA,NA,NA,NA,
S14,6/4/2014,Tolomato River,St Johns,N,TR2,TR2,30.0175,-81.3508,NA,NA,NA,Ridge,NA,9,N,NA,NA,NA,NA,8,NA,NA,NA,NA,
S14,6/4/2014,Tolomato River,St Johns,Y,TR3,TR3,29.99698,-81.33707,NA,NA,NA,Ridge,NA,6,Y,S14TR3AR6,NA,0,NA,23,NA,NA,NA,NA,
S14,6/4/2014,Tolomato River,St Johns,Y,TR3,TR3,29.99698,-81.33707,NA,NA,NA,Ridge,NA,9,Y,S14TR3AR9,NA,0,NA,10,NA,NA,NA,NA,
S14,6/4/2014,Tolomato River,St Johns,Y,TR3,TR3,29.99698,-81.33707,NA,NA,NA,Ridge,NA,12,N,NA,NA,0,NA,17,NA,NA,NA,NA,
S14,6/4/2014,Tolomato River,St Johns,Y,TR3,TR3,29.99698,-81.33707,NA,NA,NA,Ridge,NA,15,N,NA,NA,0,NA,19,NA,NA,NA,NA,
S14,6/4/2014,Tolomato River,St Johns,Y,TR3,TR3,29.99698,-81.33707,NA,NA,NA,Ridge,NA,24,N,NA,NA,0,NA,22,NA,NA,NA,NA,
S14,6/4/2014,Tolomato River,St Johns,Y,TR3,TR3,29.99698,-81.33707,NA,NA,NA,Ridge,NA,27,N,NA,NA,0,NA,8,NA,NA,NA,NA,
S14,7/3/2014,Salt Run,St Johns,Y,SR1,SR1,29.88216,-81.27934,NA,NA,NA,Ridge,NA,2,Y,S14SR1R2,NA,0,NA,12.5,NA,NA,NA,NA,Cover averaged
S14,7/3/2014,Salt Run,St Johns,Y,SR1,SR1,29.88216,-81.27934,NA,NA,NA,Ridge,NA,7,Y,S14SR1R7,NA,0,NA,8,NA,NA,NA,NA,Cover averaged
S14,7/3/2014,Salt Run,St Johns,Y,SR1,SR1,29.88216,-81.27934,NA,NA,NA,Ridge,NA,14,N,NA,NA,0,NA,11.5,NA,NA,NA,NA,Cover averaged
S14,7/3/2014,Salt Run,St Johns,Y,SR1,SR1,29.88216,-81.27934,NA,NA,NA,Ridge,NA,15,N,NA,NA,0,NA,9.5,NA,NA,NA,NA,Cover averaged
S14,7/3/2014,Salt Run,St Johns,Y,SR1,SR1,29.88216,-81.27934,NA,NA,NA,Ridge,NA,26,N,NA,NA,0,NA,9,NA,NA,NA,NA,Cover averaged
S14,7/3/2014,Salt Run,St Johns,Y,SR2,SR2,29.879581,-81.276823,NA,NA,NA,Ridge,NA,1,Y,S14SR2R1 ,NA,0,NA,11,NA,NA,NA,NA,Cover averaged
S14,7/3/2014,Salt Run,St Johns,Y,SR2,SR2,29.879581,-81.276823,NA,NA,NA,Ridge,NA,7,Y,S14SR2R7,NA,0,NA,13.5,NA,NA,NA,NA,Cover averaged
S14,7/3/2014,Salt Run,St Johns,Y,SR2,SR2,29.879581,-81.276823,NA,NA,NA,Ridge,NA,20,N,NA,NA,0,NA,13,NA,NA,NA,NA,Cover averaged
S14,7/3/2014,Salt Run,St Johns,Y,SR2,SR2,29.879581,-81.276823,NA,NA,NA,Ridge,NA,24,N,NA,NA,0,NA,12.5,NA,NA,NA,NA,Cover averaged
S14,7/3/2014,Salt Run,St Johns,Y,SR2,SR2,29.879581,-81.276823,NA,NA,NA,Ridge,NA,27,N,NA,NA,0,NA,9,NA,NA,NA,NA,Cover averaged
S14,7/3/2014,Salt Run,St Johns,Y,SR2,SR2,29.879581,-81.276823,NA,NA,NA,Ridge,NA,29,N,NA,NA,0,NA,14.5,NA,NA,NA,NA,Cover averaged
S14,7/3/2014,Salt Run,St Johns,N,SR4,SR4,29.89749,-81.29008,NA,NA,NA,Ridge,NA,3,N,NA,NA,0,NA,21,NA,NA,NA,NA,Cover averaged
S14,7/3/2014,Salt Run,St Johns,N,SR4,SR4,29.89749,-81.29008,NA,NA,NA,Ridge,NA,5,Y,S14SR4R5,NA,0,NA,19,NA,NA,NA,NA,Cover averaged
S14,7/3/2014,Salt Run,St Johns,N,SR4,SR4,29.89749,-81.29008,NA,NA,NA,Ridge,NA,8,N,NA,NA,0,NA,15,NA,NA,NA,NA,Cover averaged
S14,7/3/2014,Salt Run,St Johns,N,SR4,SR4,29.89749,-81.29008,NA,NA,NA,Ridge,NA,13,N,NA,NA,0,NA,18,NA,NA,NA,NA,Cover averaged
S14,7/3/2014,Salt Run,St Johns,N,SR4,SR4,29.89749,-81.29008,NA,NA,NA,Ridge,NA,16,Y,S14SR4R16,NA,0,NA,16,NA,NA,NA,NA,Cover averaged
S14,7/3/2014,Salt Run,St Johns,N,SR4,SR4,29.89749,-81.29008,NA,NA,NA,Ridge,NA,20,N,NA,NA,0,NA,12,NA,NA,NA,NA,Cover averaged
S14,7/3/2014,Salt Run,St Johns,N,SR5,SR5,29.8969,-81.29056,NA,NA,NA,Ridge,NA,2,Y,S14SR5R2,NA,0,NA,24.5,NA,NA,NA,NA,Cover averaged
S14,7/3/2014,Salt Run,St Johns,N,SR5,SR5,29.8969,-81.29056,NA,NA,NA,Ridge,NA,3,N,NA,NA,0,NA,21,NA,NA,NA,NA,Cover averaged
S14,7/3/2014,Salt Run,St Johns,N,SR5,SR5,29.8969,-81.29056,NA,NA,NA,Ridge,NA,5,Y,S14SR5R5,NA,0,NA,21,NA,NA,NA,NA,Cover averaged
S14,7/3/2014,Salt Run,St Johns,N,SR5,SR5,29.8969,-81.29056,NA,NA,NA,Ridge,NA,6,N,NA,NA,0,NA,22,NA,NA,NA,NA,Cover averaged
S14,7/3/2014,Salt Run,St Johns,N,SR5,SR5,29.8969,-81.29056,NA,NA,NA,Ridge,NA,7,N,NA,NA,0,NA,24,NA,NA,NA,NA,Cover averaged
S14,7/8/2014,Fort Matanzas,St Johns,Y,CO,CO,29.74758,-81.2505,NA,NA,NA,Ridge,NA,5,N,NA,NA,0,NA,28,NA,NA,NA,NA,
S14,7/8/2014,Fort Matanzas,St Johns,Y,CO,CO,29.74758,-81.2505,NA,NA,NA,Ridge,NA,8,N,NA,NA,0,NA,29,NA,NA,NA,NA,
S14,7/8/2014,Fort Matanzas,St Johns,Y,CO,CO,29.74758,-81.2505,NA,NA,NA,Ridge,NA,15,Y,S14COR15,NA,0,NA,21,NA,NA,NA,NA,
S14,7/8/2014,Fort Matanzas,St Johns,Y,CO,CO,29.74758,-81.2505,NA,NA,NA,Ridge,NA,18,Y,S14COR18,NA,0,NA,20,NA,NA,NA,NA,
S14,7/8/2014,Fort Matanzas,St Johns,Y,CO,CO,29.74758,-81.2505,NA,NA,NA,Ridge,NA,19,N,NA,NA,0,NA,24,NA,NA,NA,NA,
S14,7/8/2014,Fort Matanzas,St Johns,Y,CO,CO,29.74758,-81.2505,NA,NA,NA,Ridge,NA,30,N,NA,NA,0,NA,37,NA,NA,NA,NA,
S14,7/8/2014,Fort Matanzas,St Johns,Y,FM1,FM1,29.75108,-81.25412,NA,NA,NA,Ridge,NA,8,N,NA,NA,0,NA,16,NA,NA,NA,NA,
S14,7/8/2014,Fort Matanzas,St Johns,Y,FM1,FM1,29.75108,-81.25412,NA,NA,NA,Ridge,NA,10,Y,S14FM1R10,NA,0,NA,10,NA,NA,NA,NA,
S14,7/8/2014,Fort Matanzas,St Johns,Y,FM1,FM1,29.75108,-81.25412,NA,NA,NA,Ridge,NA,12,Y,S14FM1R12,NA,0,NA,20,NA,NA,NA,NA,
S14,7/8/2014,Fort Matanzas,St Johns,Y,FM1,FM1,29.75108,-81.25412,NA,NA,NA,Ridge,NA,14,N,NA,NA,0,NA,13,NA,NA,NA,NA,
S14,7/8/2014,Fort Matanzas,St Johns,Y,FM1,FM1,29.75108,-81.25412,NA,NA,NA,Ridge,NA,18,N,NA,NA,0,NA,16,NA,NA,NA,NA,
S14,7/8/2014,Fort Matanzas,St Johns,Y,FM1,FM1,29.75108,-81.25412,NA,NA,NA,Ridge,NA,20,N,NA,NA,0,NA,18,NA,NA,NA,NA,
S14,7/8/2014,Butler Beach,St Johns,N,MC1,MC1,29.77125,-81.26589,NA,NA,NA,Ridge,NA,9,N,NA,NA,0,NA,20,NA,NA,NA,NA,
S14,7/8/2014,Butler Beach,St Johns,N,MC1,MC1,29.77125,-81.26589,NA,NA,NA,Ridge,NA,14,N,NA,NA,0,NA,25,NA,NA,NA,NA,
S14,7/8/2014,Butler Beach,St Johns,N,MC1,MC1,29.77125,-81.26589,NA,NA,NA,Ridge,NA,19,N,NA,NA,0,NA,21,NA,NA,NA,NA,
S14,7/8/2014,Butler Beach,St Johns,N,MC1,MC1,29.77125,-81.26589,NA,NA,NA,Ridge,NA,20,Y,S14MC1R20,NA,0,NA,20,NA,NA,NA,NA,
S14,7/8/2014,Butler Beach,St Johns,N,MC1,MC1,29.77125,-81.26589,NA,NA,NA,Ridge,NA,29,Y,S14MC1R29,NA,0,NA,24,NA,NA,NA,NA,
S14,7/8/2014,Butler Beach,St Johns,N,MC1,MC1,29.77125,-81.26589,NA,NA,NA,Ridge,NA,30,N,NA,NA,0,NA,22,NA,NA,NA,NA,
S14,7/8/2014,Butler Beach,St Johns,N,MC2,MC2,29.770656,-81.265736,NA,NA,NA,Ridge,NA,1,N,NA,NA,0,NA,18,NA,NA,NA,NA,
S14,7/8/2014,Butler Beach,St Johns,N,MC2,MC2,29.770656,-81.265736,NA,NA,NA,Ridge,NA,5,Y,S14MC2R5,NA,0,NA,18,NA,NA,NA,NA,
S14,7/8/2014,Butler Beach,St Johns,N,MC2,MC2,29.770656,-81.265736,NA,NA,NA,Ridge,NA,6,N,NA,NA,0,NA,20,NA,NA,NA,NA,
S14,7/8/2014,Butler Beach,St Johns,N,MC2,MC2,29.770656,-81.265736,NA,NA,NA,Ridge,NA,19,Y,S14MC2R19,NA,0,NA,15,NA,NA,NA,NA,
S14,7/8/2014,Butler Beach,St Johns,N,MC2,MC2,29.770656,-81.265736,NA,NA,NA,Ridge,NA,27,N,NA,NA,0,NA,23,NA,NA,NA,NA,
S14,7/8/2014,Butler Beach,St Johns,N,MC2,MC2,29.770656,-81.265736,NA,NA,NA,Ridge,NA,29,N,NA,NA,0,NA,20,NA,NA,NA,NA,
S14,10/30/2014,Guana River,St Johns,N,GR2,GR2,30.00999,-81.32391,NA,NA,NA,Lower Edge,30,2,Y,S14GR2E2,NA,0,NA,16,NA,NA,NA,NA,
S14,10/30/2014,Guana River,St Johns,N,GR2,GR2,30.00999,-81.32391,NA,NA,NA,Ridge,30,2,N,NA,NA,0,NA,8,NA,NA,NA,NA,
S14,10/30/2014,Guana River,St Johns,N,GR2,GR2,30.00999,-81.32391,NA,NA,NA,Lower Edge,30,4,N,NA,NA,0,NA,16,NA,NA,NA,NA,
S14,10/30/2014,Guana River,St Johns,N,GR2,GR2,30.00999,-81.32391,NA,NA,NA,Lower Edge,30,5,Y,S14GR2E5,NA,0,NA,15,NA,NA,NA,NA,
S14,10/30/2014,Guana River,St Johns,N,GR2,GR2,30.00999,-81.32391,NA,NA,NA,Lower Edge,30,9,N,NA,NA,0,NA,13,NA,NA,NA,NA,
S14,10/30/2014,Guana River,St Johns,N,GR2,GR2,30.00999,-81.32391,NA,NA,NA,Ridge,30,9,N,NA,NA,0,NA,11,NA,NA,NA,NA,
S14,10/30/2014,Guana River,St Johns,N,GR2,GR2,30.00999,-81.32391,NA,NA,NA,Ridge,30,10,N,NA,NA,0,NA,12,NA,NA,NA,NA,
S14,10/30/2014,Guana River,St Johns,N,GR2,GR2,30.00999,-81.32391,NA,NA,NA,Ridge,30,11,Y,S14GR2R11,NA,0,NA,11,NA,NA,NA,NA,
S14,10/30/2014,Guana River,St Johns,N,GR2,GR2,30.00999,-81.32391,NA,NA,NA,Ridge,30,12,N,NA,NA,0,NA,1,NA,NA,NA,NA,
S14,10/30/2014,Guana River,St Johns,N,GR2,GR2,30.00999,-81.32391,NA,NA,NA,Lower Edge,30,13,N,NA,NA,0,NA,8,NA,NA,NA,NA,
S14,10/30/2014,Guana River,St Johns,N,GR2,GR2,30.00999,-81.32391,NA,NA,NA,Lower Edge,30,23,N,NA,NA,0,NA,17,NA,NA,NA,NA,
S14,10/30/2014,Guana River,St Johns,N,GR2,GR2,30.00999,-81.32391,NA,NA,NA,Ridge,30,29,Y,S14GR2R29,NA,0,NA,14,NA,NA,NA,NA,
S14,10/30/2014,Guana River,St Johns,N,GR3,GR3,29.984411,-81.324158,NA,NA,NA,Ridge,7,2,Y,S14GR3R2,NA,0,NA,20,NA,NA,NA,NA,
S14,10/30/2014,Guana River,St Johns,N,GR3,GR3,29.984411,-81.324158,NA,NA,NA,Ridge,7,3,Y,S14GR3R3,NA,0,NA,17,NA,NA,NA,NA,
S14,10/30/2014,Guana River,St Johns,N,GR3,GR3,29.984411,-81.324158,NA,NA,NA,Ridge,7,6,N,NA,NA,0,NA,16,NA,NA,NA,NA,
S14,10/30/2014,Guana River,St Johns,N,GR3,GR3,29.984411,-81.324158,NA,NA,NA,Lower Edge,7,NA,Y,S14GR3E1,NA,0,NA,NA,NA,NA,NA,NA,"Reef under water, no transect laid. Quadrats collected Haphazardly"
S14,10/30/2014,Guana River,St Johns,N,GR3,GR3,29.984411,-81.324158,NA,NA,NA,Lower Edge,7,NA,Y,S14GR3E2,NA,0,NA,NA,NA,NA,NA,NA,"Reef under water, no transect laid. Quadrats collected Haphazardly"
S14,10/31/2014,Tolomato River,St Johns,Y,TR3,TR3,29.997772,-81.337664,NA,NA,NA,Lower Edge,5.8,1,Y,S14TR3E1,NA,0,NA,19,NA,NA,NA,NA,
S14,10/31/2014,Tolomato River,St Johns,Y,TR3,TR3,29.997772,-81.337664,NA,NA,NA,Ridge,16,2,Y,S14TR3R2,NA,0,NA,20,NA,NA,NA,NA,
S14,10/31/2014,Tolomato River,St Johns,Y,TR3,TR3,29.997772,-81.337664,NA,NA,NA,Lower Edge,5.8,3,Y,S14TR3E3,NA,0,NA,25,NA,NA,NA,NA,
S14,10/31/2014,Tolomato River,St Johns,Y,TR3,TR3,29.997772,-81.337664,NA,NA,NA,Ridge,16,4,N,NA,NA,0,NA,7,NA,NA,NA,NA,
S14,10/31/2014,Tolomato River,St Johns,Y,TR3,TR3,29.997772,-81.337664,NA,NA,NA,Ridge,16,10,Y,S14TR3R10,NA,0,NA,14,NA,NA,NA,NA,
W15,1/15/2015,Fort Matanzas,St Johns,Y,CO,CO,29.74758,-81.2505,NA,NA,NA,Ridge,30,8,Y,W15COR8,NA,0,NA,36,NA,NA,NA,NA,Tide not low enough to get cross transects
W15,1/15/2015,Fort Matanzas,St Johns,Y,CO,CO,29.74758,-81.2505,NA,NA,NA,Ridge,30,17,Y,W15COR17,NA,0,NA,40,NA,NA,NA,NA,Tide not low enough to get cross transects
W15,1/15/2015,Fort Matanzas,St Johns,Y,CO,CO,29.74758,-81.2505,NA,NA,NA,Ridge,30,25,Y,W15COR25,NA,0,NA,32,NA,NA,NA,NA,Tide not low enough to get cross transects
W15,1/15/2015,Fort Matanzas,St Johns,Y,FM1,FM1,29.75108,-81.25412,NA,NA,NA,Ridge,NA,2,Y,W15FM1R2,NA,0,NA,23,NA,NA,NA,NA,
W15,1/15/2015,Fort Matanzas,St Johns,Y,FM1,FM1,29.75108,-81.25412,NA,NA,NA,Ridge,NA,6,Y,W15FM1R6,NA,0,NA,24,NA,NA,NA,NA,
W15,1/15/2015,Fort Matanzas,St Johns,Y,FM1,FM1,29.75108,-81.25412,NA,NA,NA,Ridge,NA,15,Y,W15FM1R15,NA,0,NA,21,NA,NA,NA,NA,
W15,1/15/2015,Fort Matanzas,St Johns,Y,FM4,FM4,29.746007,-81.257489,NA,NA,NA,Ridge,NA,2,N,NA,NA,0,NA,29,NA,NA,NA,NA,
W15,1/15/2015,Fort Matanzas,St Johns,Y,FM4,FM4,29.746007,-81.257489,NA,NA,NA,Ridge,NA,11,N,NA,NA,0,NA,30,NA,NA,NA,NA,
W15,1/15/2015,Fort Matanzas,St Johns,Y,FM4,FM4,29.746007,-81.257489,NA,NA,NA,Ridge,NA,15,Y,W15FM4R15,NA,0,NA,39,NA,NA,NA,NA,
W15,1/15/2015,Fort Matanzas,St Johns,Y,FM4,FM4,29.746007,-81.257489,NA,NA,NA,Ridge,NA,23,Y,W15FM4R23,NA,0,NA,12,NA,NA,NA,NA,
W15,1/15/2015,Fort Matanzas,St Johns,Y,FM4,FM4,29.746007,-81.257489,NA,NA,NA,Ridge,NA,25,Y,W15FM4R25,NA,0,NA,23,NA,NA,NA,NA,
W15,1/15/2015,Fort Matanzas,St Johns,Y,FM4,FM4,29.746007,-81.257489,NA,NA,NA,Ridge,NA,32,N,NA,NA,0,NA,22,NA,NA,NA,NA,
W15,1/16/2015,Fort Matanzas,St Johns,Y,FM206,FM206,29.76523,-81.26073,NA,NA,NA,Ridge,NA,11,N,NA,13,0,NA,20,NA,NA,NA,NA,
W15,1/16/2015,Fort Matanzas,St Johns,Y,FM206,FM206,29.76523,-81.26073,NA,NA,NA,Ridge,NA,14,Y,W15FM206R14,13,0,NA,15,NA,NA,NA,NA,
W15,1/16/2015,Fort Matanzas,St Johns,Y,FM206,FM206,29.76523,-81.26073,NA,NA,NA,Ridge,NA,17,Y,W15FM206R17,11,0,NA,12,NA,NA,NA,NA,
W15,1/16/2015,Fort Matanzas,St Johns,Y,FM206,FM206,29.76523,-81.26073,NA,NA,NA,Ridge,NA,18,N,NA,12,0,NA,14,NA,NA,NA,NA,
W15,1/16/2015,Fort Matanzas,St Johns,Y,FM206,FM206,29.76523,-81.26073,NA,NA,NA,Ridge,NA,19,N,NA,12,0,NA,17,NA,NA,NA,NA,
W15,1/16/2015,Fort Matanzas,St Johns,Y,FM206,FM206,29.76523,-81.26073,NA,NA,NA,Ridge,NA,23,Y,W15FM206R23,11,0,NA,21,NA,NA,NA,NA,
W15,1/16/2015,Fort Matanzas,St Johns,Y,FM3,FM3,29.748994,-81.256516,NA,NA,NA,Ridge,NA,2,N,NA,42,0,NA,68,NA,NA,NA,NA,
W15,1/16/2015,Fort Matanzas,St Johns,Y,FM3,FM3,29.748994,-81.256516,NA,NA,NA,Ridge,NA,4,N,NA,8,0,NA,64,NA,NA,NA,NA,
W15,1/16/2015,Fort Matanzas,St Johns,Y,FM3,FM3,29.748994,-81.256516,NA,NA,NA,Ridge,NA,5,Y,W15FM3R5,37,0,NA,49,NA,NA,NA,NA,
W15,1/16/2015,Fort Matanzas,St Johns,Y,FM3,FM3,29.748994,-81.256516,NA,NA,NA,Ridge,NA,8,Y,W15FM3R8,25,0,NA,42,NA,NA,NA,NA,
W15,1/16/2015,Fort Matanzas,St Johns,Y,FM3,FM3,29.748994,-81.256516,NA,NA,NA,Ridge,NA,12,N,NA,27,0,NA,47,NA,NA,NA,NA,
W15,1/16/2015,Fort Matanzas,St Johns,Y,FM3,FM3,29.748994,-81.256516,NA,NA,NA,Ridge,NA,16,Y,W15FM3R16,18,0,NA,63,NA,NA,NA,NA,
W15,1/16/2015,Butler Beach,St Johns,N,MC1,MC1,29.77125,-81.26589,NA,NA,NA,Ridge,NA,10,Y,W15MC1R10,5,NA,NA,26,NA,NA,NA,NA,
W15,1/16/2015,Butler Beach,St Johns,N,MC1,MC1,29.77125,-81.26589,NA,NA,NA,Ridge,NA,12,Y,W15MC1R12,3,NA,NA,20,NA,NA,NA,NA,
W15,1/16/2015,Butler Beach,St Johns,N,MC1,MC1,29.77125,-81.26589,NA,NA,NA,Ridge,NA,13,Y,W15MC1R13,6,NA,NA,18,NA,NA,NA,NA,
W15,1/16/2015,Butler Beach,St Johns,N,MC2,MC2,29.770656,-81.265736,NA,NA,NA,Ridge,NA,1,Y,W15MC2R1,NA,0,NA,25,NA,NA,NA,NA,Did not count clumps on first quadrat
W15,1/16/2015,Butler Beach,St Johns,N,MC2,MC2,29.770656,-81.265736,NA,NA,NA,Ridge,NA,22,N,NA,3,0,NA,21,NA,NA,NA,NA,
W15,1/16/2015,Butler Beach,St Johns,N,MC2,MC2,29.770656,-81.265736,NA,NA,NA,Ridge,NA,24,N,NA,6,0,NA,22,NA,NA,NA,NA,
W15,1/16/2015,Butler Beach,St Johns,N,MC2,MC2,29.770656,-81.265736,NA,NA,NA,Ridge,NA,27,Y,W15MC2R27,3,0,NA,20,NA,NA,NA,NA,
W15,1/16/2015,Butler Beach,St Johns,N,MC2,MC2,29.770656,-81.265736,NA,NA,NA,Ridge,NA,41,Y,W15MC2R41,7,0,NA,22,NA,NA,NA,NA,
W15,1/16/2015,Butler Beach,St Johns,N,MC2,MC2,29.770656,-81.265736,NA,NA,NA,Ridge,NA,43,N,NA,7,0,NA,22,NA,NA,NA,NA,
W15,1/27/2015,Salt Run,St Johns,Y,SR2,SR2,29.879581,-81.276823,NA,NA,NA,Ridge,NA,16,N,NA,5,0,NA,20,NA,NA,NA,NA,
W15,1/27/2015,Salt Run,St Johns,Y,SR2,SR2,29.879581,-81.276823,NA,NA,NA,Ridge,NA,20,N,NA,1,0,NA,7,NA,NA,NA,NA,
W15,1/27/2015,Salt Run,St Johns,Y,SR2,SR2,29.879581,-81.276823,NA,NA,NA,Ridge,NA,21,Y,W15SR2R21,2,0,NA,9,NA,NA,NA,NA,
W15,1/27/2015,Salt Run,St Johns,Y,SR2,SR2,29.879581,-81.276823,NA,NA,NA,Ridge,NA,42,Y,W15SR2R42,0,0,NA,9,NA,NA,NA,NA,
W15,1/27/2015,Salt Run,St Johns,Y,SR2,SR2,29.879581,-81.276823,NA,NA,NA,Ridge,NA,45,N,NA,1,0,NA,13,NA,NA,NA,NA,
W15,1/27/2015,Salt Run,St Johns,Y,SR2,SR2,29.879581,-81.276823,NA,NA,NA,Ridge,NA,50,Y,W15SR2R50,0,0,NA,11,NA,NA,NA,NA,
W15,1/27/2015,Salt Run,St Johns,N,SR4,SR4,29.89749,-81.29008,NA,NA,NA,Ridge,23,1,N,NA,15,0,NA,18,NA,NA,NA,NA,
W15,1/27/2015,Salt Run,St Johns,N,SR4,SR4,29.89749,-81.29008,NA,NA,NA,Ridge,23,5,Y,W15SR4R5,11,0,NA,25,NA,NA,NA,NA,
W15,1/27/2015,Salt Run,St Johns,N,SR4,SR4,29.89749,-81.29008,NA,NA,NA,Ridge,23,9,N,NA,20,0,NA,38,NA,NA,NA,NA,
W15,1/27/2015,Salt Run,St Johns,N,SR4,SR4,29.89749,-81.29008,NA,NA,NA,Ridge,23,19,Y,W15SR4R19,11,0,NA,43,NA,NA,NA,NA,
W15,1/27/2015,Salt Run,St Johns,N,SR4,SR4,29.89749,-81.29008,NA,NA,NA,Ridge,23,20,Y,W15SR4R20,19,0,NA,39,NA,NA,NA,NA,
W15,1/27/2015,Salt Run,St Johns,N,SR4,SR4,29.89749,-81.29008,NA,NA,NA,Ridge,23,21,N,NA,21,0,NA,38,NA,NA,NA,NA,
W15,1/27/2015,Salt Run,St Johns,N,SR5,SR5,29.8969,-81.29056,NA,NA,NA,Ridge,9.5,1,N,NA,35,0,NA,38,NA,NA,NA,NA,
W15,1/27/2015,Salt Run,St Johns,N,SR5,SR5,29.8969,-81.29056,NA,NA,NA,Ridge,9.5,3,Y,W15SR5R3,18,0,NA,26,NA,NA,NA,NA,
W15,1/27/2015,Salt Run,St Johns,N,SR5,SR5,29.8969,-81.29056,NA,NA,NA,Ridge,9.5,5,Y,W15SR5R5,27,0,NA,48,NA,NA,NA,NA,
W15,1/27/2015,Salt Run,St Johns,N,SR5,SR5,29.8969,-81.29056,NA,NA,NA,Ridge,9.5,8,Y,W15SR5R8,34,0,NA,44,NA,NA,NA,NA,
W15,1/27/2015,Salt Run,St Johns,N,SR7,SR7,29.87136,-81.27489,NA,NA,NA,Ridge,NA,5,Y,W15SR7R5,16,0,NA,42,NA,NA,NA,NA,
W15,1/27/2015,Salt Run,St Johns,N,SR7,SR7,29.87136,-81.27489,NA,NA,NA,Ridge,NA,12,Y,W15SR7R12,19,0,NA,39,NA,NA,NA,NA,
W15,1/27/2015,Salt Run,St Johns,N,SR7,SR7,29.87136,-81.27489,NA,NA,NA,Ridge,NA,14,N,NA,15,0,NA,36,NA,NA,NA,NA,
W15,1/27/2015,Salt Run,St Johns,N,SR7,SR7,29.87136,-81.27489,NA,NA,NA,Ridge,NA,18,Y,W15SR7R18,19,0,NA,40,NA,NA,NA,NA,
W15,1/27/2015,Salt Run,St Johns,N,SR7,SR7,29.87136,-81.27489,NA,NA,NA,Ridge,NA,28,N,NA,20,0,NA,44,NA,NA,NA,NA,
W15,1/27/2015,Salt Run,St Johns,N,SR7,SR7,29.87136,-81.27489,NA,NA,NA,Ridge,NA,29,N,NA,18,0,NA,45,NA,NA,NA,NA,
W15,1/27/2015,Salt Run,St Johns,N,SR8,SR8,29.87432,-81.27333,NA,NA,NA,Ridge,NA,1,Y,W15SR8R1,16,0,NA,34,NA,NA,NA,NA,
W15,1/27/2015,Salt Run,St Johns,N,SR8,SR8,29.87432,-81.27333,NA,NA,NA,Ridge,NA,4,N,NA,20,0,NA,25,NA,NA,NA,NA,
W15,1/27/2015,Salt Run,St Johns,N,SR8,SR8,29.87432,-81.27333,NA,NA,NA,Ridge,NA,6,N,NA,18,0,NA,23,NA,NA,NA,NA,
W15,1/27/2015,Salt Run,St Johns,N,SR8,SR8,29.87432,-81.27333,NA,NA,NA,Ridge,NA,15,Y,W15SR8R15,6,0,NA,22,NA,NA,NA,NA,
W15,1/27/2015,Salt Run,St Johns,N,SR8,SR8,29.87432,-81.27333,NA,NA,NA,Ridge,NA,17,Y,W15SR8R17,14,0,NA,24,NA,NA,NA,NA,
W15,1/27/2015,Salt Run,St Johns,N,SR8,SR8,29.87432,-81.27333,NA,NA,NA,Ridge,NA,20,N,NA,15,0,NA,20,NA,NA,NA,NA,
W15,1/28/2015,Salt Run,St Johns,Y,SR1,SR1,29.88216,-81.27934,NA,NA,NA,Ridge,NA,1,Y,W15SR1R1,2,0,NA,13,NA,NA,NA,NA,
W15,1/28/2015,Salt Run,St Johns,Y,SR1,SR1,29.88216,-81.27934,NA,NA,NA,Ridge,NA,2,Y,W15SR1R2,1,0,NA,8,NA,NA,NA,NA,
W15,1/28/2015,Salt Run,St Johns,Y,SR1,SR1,29.88216,-81.27934,NA,NA,NA,Ridge,NA,4,Y,W15SR1R4,9,0,NA,22,NA,NA,NA,NA,
W15,1/28/2015,Salt Run,St Johns,Y,SR1,SR1,29.88216,-81.27934,NA,NA,NA,Ridge,NA,6,N,NA,1,0,NA,14,NA,NA,NA,NA,
W15,1/28/2015,Salt Run,St Johns,Y,SR3,SR3,29.878853,-81.279778,NA,NA,NA,Ridge,NA,3,N,NA,13,0,NA,26,NA,NA,NA,NA,
W15,1/28/2015,Salt Run,St Johns,Y,SR3,SR3,29.878853,-81.279778,NA,NA,NA,Ridge,NA,9,Y,W15SR3R9,9,0,NA,8,NA,NA,NA,NA,
W15,1/28/2015,Salt Run,St Johns,Y,SR3,SR3,29.878853,-81.279778,NA,NA,NA,Ridge,NA,10,N,NA,10,0,NA,20,NA,NA,NA,NA,
W15,1/28/2015,Salt Run,St Johns,Y,SR3,SR3,29.878853,-81.279778,NA,NA,NA,Ridge,NA,11,Y,W15SR3R11,9,0,NA,17,NA,NA,NA,NA,
W15,1/28/2015,Salt Run,St Johns,Y,SR3,SR3,29.878853,-81.279778,NA,NA,NA,Ridge,NA,18,N,NA,11,0,NA,23,NA,NA,NA,NA,
W15,1/28/2015,Salt Run,St Johns,Y,SR3,SR3,29.878853,-81.279778,NA,NA,NA,Ridge,NA,19,Y,W15SR3R19,15,0,NA,30,NA,NA,NA,NA,
W15,1/28/2015,Salt Run,St Johns,Y,SR6,SR6,29.87972,-81.28076,NA,NA,NA,Ridge,NA,6,Y,W15SR6R6,8,0,NA,20,NA,NA,NA,NA,
W15,1/28/2015,Salt Run,St Johns,Y,SR6,SR6,29.87972,-81.28076,NA,NA,NA,Ridge,NA,7,N,NA,9,0,NA,16,NA,NA,NA,NA,
W15,1/28/2015,Salt Run,St Johns,Y,SR6,SR6,29.87972,-81.28076,NA,NA,NA,Ridge,NA,12,N,NA,10,0,NA,18,NA,NA,NA,NA,
W15,1/28/2015,Salt Run,St Johns,Y,SR6,SR6,29.87972,-81.28076,NA,NA,NA,Ridge,NA,25,Y,W15SR6R25,10,0,NA,8,NA,NA,NA,NA,
W15,1/28/2015,Salt Run,St Johns,Y,SR6,SR6,29.87972,-81.28076,NA,NA,NA,Ridge,NA,28,N,NA,12,0,NA,12,NA,NA,NA,NA,
W15,1/28/2015,Salt Run,St Johns,Y,SR6,SR6,29.87972,-81.28076,NA,NA,NA,Ridge,NA,29,Y,W15SR6R29,7,0,NA,5,NA,NA,NA,NA,
W15,1/28/2015,Salt Run,St Johns,Y,SR9,SR9,29.8787,-81.27686,NA,NA,NA,Ridge,12,1,Y,W15SR9R1,3,0,NA,6,NA,NA,NA,NA,
W15,1/28/2015,Salt Run,St Johns,Y,SR9,SR9,29.8787,-81.27686,NA,NA,NA,Ridge,12,2,Y,W15SR9R2,1,0,NA,9,NA,NA,NA,NA,
W15,1/28/2015,Salt Run,St Johns,Y,SR9,SR9,29.8787,-81.27686,NA,NA,NA,Ridge,12,5,N,NA,5,0,NA,9,NA,NA,NA,NA,
W15,1/28/2015,Salt Run,St Johns,Y,SR9,SR9,29.8787,-81.27686,NA,NA,NA,Ridge,12,9,Y,W15SR9R9,2,0,NA,12,NA,NA,NA,NA,
W15,1/29/2015,Guana River,St Johns,N,GR6,GR6,30.002381,-81.326086,NA,NA,NA,Ridge,NA,5,Y,W15GR6R5,13,0,NA,37,NA,NA,NA,NA,
W15,1/29/2015,Guana River,St Johns,N,GR6,GR6,30.002381,-81.326086,NA,NA,NA,Ridge,NA,6,N,NA,14,0,NA,24,NA,NA,NA,NA,
W15,1/29/2015,Guana River,St Johns,N,GR6,GR6,30.002381,-81.326086,NA,NA,NA,Ridge,NA,7,Y,W15GR6R7,23,0,NA,28,NA,NA,NA,NA,
W15,1/29/2015,Guana River,St Johns,N,GR6,GR6,30.002381,-81.326086,NA,NA,NA,Ridge,NA,9,Y,W15GR6R9,18,0,NA,26,NA,NA,NA,NA,
W15,1/29/2015,Guana River,St Johns,N,GR7,GR7,30.00067,-81.32702,NA,NA,NA,Ridge,NA,10,N,NA,9,0,NA,12,NA,NA,NA,NA,
W15,1/29/2015,Guana River,St Johns,N,GR7,GR7,30.00067,-81.32702,NA,NA,NA,Ridge,NA,11,N,NA,6,0,NA,10,NA,NA,NA,NA,
W15,1/29/2015,Guana River,St Johns,N,GR7,GR7,30.00067,-81.32702,NA,NA,NA,Ridge,NA,12,Y,W15GR7R12,8,0,NA,13,NA,NA,NA,NA,
W15,1/29/2015,Guana River,St Johns,N,GR7,GR7,30.00067,-81.32702,NA,NA,NA,Ridge,NA,14,Y,W15GR7R14,5,0,NA,5,NA,NA,NA,NA,
W15,1/29/2015,Guana River,St Johns,N,GR7,GR7,30.00067,-81.32702,NA,NA,NA,Ridge,NA,21,N,NA,18,0,NA,15,NA,NA,NA,NA,
W15,1/29/2015,Guana River,St Johns,N,GR7,GR7,30.00067,-81.32702,NA,NA,NA,Ridge,NA,23,Y,W15GR7R23,4,0,NA,7,NA,NA,NA,NA,
W15,1/29/2015,Guana River,St Johns,N,GR8,GR8,29.99445,-81.321489,NA,NA,NA,Ridge,NA,6,Y,W15GR8R6,20,0,NA,36,NA,NA,NA,NA,
W15,1/29/2015,Guana River,St Johns,N,GR8,GR8,29.99445,-81.321489,NA,NA,NA,Ridge,NA,10,Y,W15GR8R10,13,0,NA,29,NA,NA,NA,NA,
W15,1/29/2015,Guana River,St Johns,N,GR8,GR8,29.99445,-81.321489,NA,NA,NA,Ridge,NA,22,N,NA,17,0,NA,38,NA,NA,NA,NA,
W15,1/29/2015,Guana River,St Johns,N,GR8,GR8,29.99445,-81.321489,NA,NA,NA,Ridge,NA,34,Y,W15GR8R34,15,0,NA,28,NA,NA,NA,NA,
W15,1/29/2015,Guana River,St Johns,N,GR8,GR8,29.99445,-81.321489,NA,NA,NA,Ridge,NA,41,N,NA,17,0,NA,30,NA,NA,NA,NA,
W15,1/29/2015,Guana River,St Johns,N,GR8,GR8,29.99445,-81.321489,NA,NA,NA,Ridge,NA,53,N,NA,26,0,NA,28,NA,NA,NA,NA,
W15,1/30/2015,Guana River,St Johns,N,GR1,GR1,30.01622,-81.32779,NA,NA,NA,Ridge,NA,3,N,NA,17,0,NA,34,NA,NA,NA,NA,
W15,1/30/2015,Guana River,St Johns,N,GR1,GR1,30.01622,-81.32779,NA,NA,NA,Ridge,NA,4,N,NA,14,0,NA,35,NA,NA,NA,NA,
W15,1/30/2015,Guana River,St Johns,N,GR1,GR1,30.01622,-81.32779,NA,NA,NA,Ridge,NA,7,Y,W15GR1R7,9,0,NA,25,NA,NA,NA,NA,
W15,1/30/2015,Guana River,St Johns,N,GR1,GR1,30.01622,-81.32779,NA,NA,NA,Ridge,NA,8,Y,W15GR1R8,15,0,NA,34,NA,NA,NA,NA,
W15,1/30/2015,Guana River,St Johns,N,GR1,GR1,30.01622,-81.32779,NA,NA,NA,Ridge,NA,9,Y,W15GR1R9,11,0,NA,34,NA,NA,NA,NA,
W15,1/30/2015,Guana River,St Johns,N,GR1,GR1,30.01622,-81.32779,NA,NA,NA,Ridge,NA,11,N,NA,12,0,NA,35,NA,NA,NA,NA,
W15,1/30/2015,Guana River,St Johns,N,GR2,GR2,30.00999,-81.32391,NA,NA,NA,Ridge,30,2,Y,W15GR2R2,26,0,NA,29,NA,NA,NA,NA,
W15,1/30/2015,Guana River,St Johns,N,GR2,GR2,30.00999,-81.32391,NA,NA,NA,Ridge,30,4,Y,W15GR2R4,30,0,NA,33,NA,NA,NA,NA,
W15,1/30/2015,Guana River,St Johns,N,GR2,GR2,30.00999,-81.32391,NA,NA,NA,Ridge,30,25,N,NA,17,0,NA,22,NA,NA,NA,NA,
W15,1/30/2015,Guana River,St Johns,N,GR2,GR2,30.00999,-81.32391,NA,NA,NA,Ridge,30,27,N,NA,19,0,NA,30,NA,NA,NA,NA,
W15,1/30/2015,Guana River,St Johns,N,GR2,GR2,30.00999,-81.32391,NA,NA,NA,Ridge,30,28,Y,W15GR2R28,10,0,NA,16,NA,NA,NA,NA,
W15,1/30/2015,Guana River,St Johns,N,GR2,GR2,30.00999,-81.32391,NA,NA,NA,Ridge,30,29,N,NA,25,0,NA,39,NA,NA,NA,NA,
W15,1/30/2015,Guana River,St Johns,N,GR4,GR4,30.0183,-81.326731,NA,NA,NA,Ridge,10,1,N,NA,16,0,NA,26,NA,NA,NA,NA,
W15,1/30/2015,Guana River,St Johns,N,GR4,GR4,30.0183,-81.326731,NA,NA,NA,Ridge,10,2,Y,W15GR4R2,9,0,NA,23,NA,NA,NA,NA,
W15,1/30/2015,Guana River,St Johns,N,GR4,GR4,30.0183,-81.326731,NA,NA,NA,Ridge,10,5,Y,W15GR4R5,16,0,NA,30,NA,NA,NA,NA,
W15,1/30/2015,Guana River,St Johns,N,GR4,GR4,30.0183,-81.326731,NA,NA,NA,Ridge,10,6,Y,W15GR4R6,12,0,NA,33,NA,NA,NA,NA,
W15,1/30/2015,Guana River,St Johns,N,GR5,GR5,30.014183,-81.326075,NA,NA,NA,Ridge,30,3,Y,W15GR5R3,30,0,NA,30,NA,NA,NA,NA,
W15,1/30/2015,Guana River,St Johns,N,GR5,GR5,30.014183,-81.326075,NA,NA,NA,Ridge,30,11,N,NA,15,0,NA,30,NA,NA,NA,NA,
W15,1/30/2015,Guana River,St Johns,N,GR5,GR5,30.014183,-81.326075,NA,NA,NA,Ridge,30,19,N,NA,22,0,NA,39,NA,NA,NA,NA,
W15,1/30/2015,Guana River,St Johns,N,GR5,GR5,30.014183,-81.326075,NA,NA,NA,Ridge,30,20,Y,W15GR5R20,23,0,NA,44,NA,NA,NA,NA,
W15,1/30/2015,Guana River,St Johns,N,GR5,GR5,30.014183,-81.326075,NA,NA,NA,Ridge,30,24,Y,W15GR5R24,23,0,NA,27,NA,NA,NA,NA,
W15,1/30/2015,Guana River,St Johns,N,GR5,GR5,30.014183,-81.326075,NA,NA,NA,Ridge,30,27,N,NA,13,0,NA,21,NA,NA,NA,NA,
W15,2/10/2015,St Augustine,St Johns,N,SA22,SA22,29.87156,-81.30634,NA,NA,NA,Ridge,22,8,Y,W15SA22R8,12,0,NA,27,NA,NA,NA,NA,
W15,2/10/2015,St Augustine,St Johns,N,SA22,SA22,29.87156,-81.30634,NA,NA,NA,Ridge,22,10,Y,W15SA22R10,11,0,NA,22,NA,NA,NA,NA,
W15,2/10/2015,St Augustine,St Johns,N,SA22,SA22,29.87156,-81.30634,NA,NA,NA,Ridge,22,11,N,NA,16,0,NA,18,NA,NA,NA,NA,
W15,2/10/2015,St Augustine,St Johns,N,SA22,SA22,29.87156,-81.30634,NA,NA,NA,Ridge,22,13,N,NA,11,0,NA,16,NA,NA,NA,NA,
W15,2/10/2015,St Augustine,St Johns,N,SA22,SA22,29.87156,-81.30634,NA,NA,NA,Ridge,22,17,Y,W15SA22R17,7,0,NA,7,NA,NA,NA,NA,
W15,2/10/2015,St Augustine,St Johns,N,SA22,SA22,29.87156,-81.30634,NA,NA,NA,Ridge,22,18,N,NA,5,0,NA,9,NA,NA,NA,NA,
W15,2/10/2015,St Augustine,St Johns,N,SA7A,SA7A,29.8622,-81.31141,NA,NA,NA,Ridge,29,6,Y,W15SA7AR6,14,0,NA,8,NA,NA,NA,NA,
W15,2/10/2015,St Augustine,St Johns,N,SA7A,SA7A,29.8622,-81.31141,NA,NA,NA,Ridge,29,13,N,NA,8,0,NA,23,NA,NA,NA,NA,
W15,2/10/2015,St Augustine,St Johns,N,SA7A,SA7A,29.8622,-81.31141,NA,NA,NA,Ridge,29,23,Y,W15SA7AR23,15,0,NA,18,NA,NA,NA,NA,
W15,2/10/2015,St Augustine,St Johns,N,SA7A,SA7A,29.8622,-81.31141,NA,NA,NA,Ridge,29,25,Y,W15SA7AR25,15,0,NA,27,NA,NA,NA,NA,
W15,2/10/2015,St Augustine,St Johns,N,SA7A,SA7A,29.8622,-81.31141,NA,NA,NA,Ridge,29,27,N,NA,5,0,NA,15,NA,NA,NA,NA,
W15,2/10/2015,St Augustine,St Johns,N,SA9,SA9,29.87027,-81.31302,NA,NA,NA,Ridge,13,1,N,NA,18,0,NA,37,NA,NA,NA,NA,
W15,2/10/2015,St Augustine,St Johns,N,SA9,SA9,29.87027,-81.31302,NA,NA,NA,Ridge,13,2,N,NA,6,0,NA,12,NA,NA,NA,NA,
W15,2/10/2015,St Augustine,St Johns,N,SA9,SA9,29.87027,-81.31302,NA,NA,NA,Ridge,13,5,N,NA,9,0,NA,19,NA,NA,NA,NA,
W15,2/10/2015,St Augustine,St Johns,N,SA9,SA9,29.87027,-81.31302,NA,NA,NA,Ridge,13,7,Y,W15SA9R7,12,0,NA,30,NA,NA,NA,NA,
W15,2/10/2015,St Augustine,St Johns,N,SA9,SA9,29.87027,-81.31302,NA,NA,NA,Ridge,13,9,Y,W15SA9R9,12,0,NA,16,NA,NA,NA,NA,
W15,2/10/2015,St Augustine,St Johns,N,SA9,SA9,29.87027,-81.31302,NA,NA,NA,Ridge,13,11,Y,W15SA9R11,13,0,NA,14,NA,NA,NA,NA,
W15,2/11/2015,St Augustine,St Johns,N,SA5A,SA5A,29.85258,-81.31143,NA,NA,NA,Ridge,5.5,1,Y,W15SA5AR1,25,0,NA,27,NA,NA,NA,NA,
W15,2/11/2015,St Augustine,St Johns,N,SA5A,SA5A,29.85258,-81.31143,NA,NA,NA,Ridge,5.5,2,Y,W15SA5AR2,25,0,NA,30,NA,NA,NA,NA,
W15,2/11/2015,St Augustine,St Johns,N,SA5B,SA5B,29.85041,-81.31085,NA,NA,NA,Ridge,6,1,Y,W15SA5BR1,10,0,NA,16,NA,NA,NA,NA,
W15,2/11/2015,St Augustine,St Johns,N,SA5B,SA5B,29.85041,-81.31085,NA,NA,NA,Ridge,6,2,N,NA,13,0,NA,22,NA,NA,NA,NA,
W15,2/11/2015,St Augustine,St Johns,N,SA5B,SA5B,29.85041,-81.31085,NA,NA,NA,Ridge,6,3,Y,W15SA5BR3,10,0,NA,19,NA,NA,NA,NA,
W15,2/18/2015,Guana River,St Johns,N,GR2,GR2,30.00999,-81.32391,NA,NA,NA,Lower Edge,30,1,Y,W15GR2E1,21,0,NA,29,NA,NA,NA,NA,
W15,2/18/2015,Guana River,St Johns,N,GR2,GR2,30.00999,-81.32391,NA,NA,NA,Lower Edge,30,5,Y,W15GR2E5,13,0,NA,21,NA,NA,NA,NA,
W15,2/18/2015,Guana River,St Johns,N,GR2,GR2,30.00999,-81.32391,NA,NA,NA,Lower Edge,30,12,N,NA,6,0,NA,15,NA,NA,NA,NA,
W15,2/18/2015,Guana River,St Johns,N,GR2,GR2,30.00999,-81.32391,NA,NA,NA,Ridge,30,12,N,NA,9,0,NA,9,NA,NA,NA,NA,
W15,2/18/2015,Guana River,St Johns,N,GR2,GR2,30.00999,-81.32391,NA,NA,NA,Lower Edge,30,13,Y,W15GR2E13,7,0,NA,15,NA,NA,NA,NA,
W15,2/18/2015,Guana River,St Johns,N,GR2,GR2,30.00999,-81.32391,NA,NA,NA,Lower Edge,30,14,N,NA,13,0,NA,18,NA,NA,NA,NA,
W15,2/18/2015,Guana River,St Johns,N,GR2,GR2,30.00999,-81.32391,NA,NA,NA,Ridge,30,17,Y,W15GR2R17,11,0,NA,18,NA,NA,NA,NA,
W15,2/18/2015,Guana River,St Johns,N,GR2,GR2,30.00999,-81.32391,NA,NA,NA,Ridge,30,20,Y,W15GR2R20,11,0,NA,15,NA,NA,NA,NA,
W15,2/18/2015,Guana River,St Johns,N,GR2,GR2,30.00999,-81.32391,NA,NA,NA,Lower Edge,30,24,N,NA,11,0,NA,18,NA,NA,NA,NA,
W15,2/18/2015,Guana River,St Johns,N,GR2,GR2,30.00999,-81.32391,NA,NA,NA,Ridge,30,24,N,NA,15,0,NA,29,NA,NA,NA,NA,
W15,2/18/2015,Guana River,St Johns,N,GR2,GR2,30.00999,-81.32391,NA,NA,NA,Ridge,30,26,N,NA,12,0,NA,23,NA,NA,NA,NA,
W15,2/18/2015,Guana River,St Johns,N,GR2,GR2,30.00999,-81.32391,NA,NA,NA,Ridge,30,27,Y,W15GR2R27,11,0,NA,19,NA,NA,NA,NA,
W15,2/18/2015,Guana River,St Johns,N,GR3,GR3,29.984411,-81.324158,NA,NA,NA,Lower Edge,7,1,N,NA,7,0,NA,25,NA,NA,NA,NA,
W15,2/18/2015,Guana River,St Johns,N,GR3,GR3,29.984411,-81.324158,NA,NA,NA,Ridge,7,3,Y,W15GR3R3,16,0,NA,21,NA,NA,NA,NA,
W15,2/18/2015,Guana River,St Johns,N,GR3,GR3,29.984411,-81.324158,NA,NA,NA,Lower Edge,7,4,Y,W15GR3E4,13,0,NA,27,NA,NA,NA,NA,
W15,2/18/2015,Guana River,St Johns,N,GR3,GR3,29.984411,-81.324158,NA,NA,NA,Ridge,7,4,N,NA,14,0,NA,27,NA,NA,NA,NA,
W15,2/18/2015,Guana River,St Johns,N,GR3,GR3,29.984411,-81.324158,NA,NA,NA,Lower Edge,7,6,Y,W15GR3E6,13,0,NA,21,NA,NA,NA,NA,
W15,2/18/2015,Guana River,St Johns,N,GR3,GR3,29.984411,-81.324158,NA,NA,NA,Ridge,7,7,Y,W15GR3R7,16,0,NA,28,NA,NA,NA,NA,
W15,2/18/2015,Tolomato River,St Johns,Y,TR3,TR3,29.997772,-81.337664,NA,NA,NA,Lower Edge,6,3,Y,W15TR3E3,19,0,NA,19,NA,NA,NA,NA,
W15,2/18/2015,Tolomato River,St Johns,Y,TR3,TR3,29.997772,-81.337664,NA,NA,NA,Ridge,16,3,N,NA,5,0,NA,5,NA,NA,NA,NA,
W15,2/18/2015,Tolomato River,St Johns,Y,TR3,TR3,29.997772,-81.337664,NA,NA,NA,Lower Edge,6,5,Y,W15TR3E5,18,0,NA,19,NA,NA,NA,NA,
W15,2/18/2015,Tolomato River,St Johns,Y,TR3,TR3,29.997772,-81.337664,NA,NA,NA,Ridge,16,5,Y,W15TR3R5,8,0,NA,25,NA,NA,NA,NA,
W15,2/18/2015,Tolomato River,St Johns,Y,TR3,TR3,29.997772,-81.337664,NA,NA,NA,Lower Edge,6,8,N,NA,8,0,NA,18,NA,NA,NA,NA,
W15,2/18/2015,Tolomato River,St Johns,Y,TR3,TR3,29.997772,-81.337664,NA,NA,NA,Ridge,16,10,Y,W15TR3R10,11,0,NA,23,NA,NA,NA,NA,
S15,6/9/2015,Fort Matanzas,St Johns,Y,FMNR6,FMNR6,29.726781,-81.252361,0.83185,NA,NA,Ridge,10,0,N,NA,24,0,NA,28,NA,NA,NA,NA,
S15,6/9/2015,Fort Matanzas,St Johns,Y,FMNR6,FMNR6,29.726781,-81.252361,0.83185,NA,NA,Ridge,10,1,Y,S15FMNR6R1,19,0,NA,27,NA,NA,NA,NA,
S15,6/9/2015,Fort Matanzas,St Johns,Y,FMNR6,FMNR6,29.726781,-81.252361,0.83185,NA,NA,Ridge,10,2,Y,S15FMNR6R2,21,0,NA,21,NA,NA,NA,NA,
S15,6/9/2015,Fort Matanzas,St Johns,Y,FMNR6,FMNR6,29.726781,-81.252361,0.83185,NA,NA,Ridge,10,4,Y,S15FMNR6R4,17,0,NA,15,NA,NA,NA,NA,
S15,6/9/2015,Fort Matanzas,St Johns,Y,FMNR6,FMNR6,29.726781,-81.252361,0.83185,NA,NA,Ridge,10,7,N,NA,18,0,NA,26,NA,NA,NA,NA,
S15,6/9/2015,Pellicer Flats,Flagler,N,PF3A,PF3A,29.6609,-81.22843,NA,NA,NA,Ridge,NA,0,Y,S15PF3AR0,29,8,NA,33,NA,NA,NA,NA,
S15,6/9/2015,Pellicer Flats,Flagler,N,PF3A,PF3A,29.6609,-81.22843,NA,NA,NA,Ridge,NA,3,Y,S15PF3AR3,23,7,NA,16,NA,NA,NA,NA,Hole from Carrie Schuman's sediment bucket on edge of quadrat
S15,6/9/2015,Pellicer Flats,Flagler,N,PF3A,PF3A,29.6609,-81.22843,NA,NA,NA,Ridge,NA,5,N,NA,27,5,NA,11,NA,NA,NA,NA,
S15,6/9/2015,Pellicer Flats,Flagler,N,PF3A,PF3A,29.6609,-81.22843,NA,NA,NA,Ridge,NA,7,Y,S15PF3AR7,33,9,NA,24,NA,NA,NA,NA,
S15,6/9/2015,Pellicer Flats,Flagler,N,PF3A,PF3A,29.6609,-81.22843,NA,NA,NA,Ridge,NA,8,N,NA,36,11,NA,24,NA,NA,NA,NA,
S15,6/10/2015,Butler Beach,St Johns,N,BBNR1,BBNR1,29.80326606,-81.28237789,1.1049,NA,NA,Ridge,20,0,Y,S15BBNR1R0,16,0,NA,25,NA,NA,NA,NA,
S15,6/10/2015,Butler Beach,St Johns,N,BBNR1,BBNR1,29.80326606,-81.28237789,1.1049,NA,NA,Ridge,20,4,Y,S15BBNR1R4,10,0,NA,25,NA,NA,NA,NA,
S15,6/10/2015,Butler Beach,St Johns,N,BBNR1,BBNR1,29.80326606,-81.28237789,1.1049,NA,NA,Ridge,20,5,Y,S15BBNR1R5,13,0,NA,24,NA,NA,NA,NA,
S15,6/10/2015,Butler Beach,St Johns,N,BBNR1,BBNR1,29.80326606,-81.28237789,1.1049,NA,NA,Ridge,20,10,N,NA,4,0,NA,14,NA,NA,NA,NA,
S15,6/10/2015,Butler Beach,St Johns,N,BBNR1,BBNR1,29.80326606,-81.28237789,1.1049,NA,NA,Ridge,20,17,N,NA,11,0,NA,25,NA,NA,NA,NA,
S15,6/10/2015,Tolomato River,St Johns,Y,TRNR1,TRNR1,29.9974,-81.33768,0.9525,NA,NA,Ridge,NA,0,Y,S15TRNR1R0,22,0,NA,64,NA,NA,NA,NA,
S15,6/10/2015,Tolomato River,St Johns,Y,TRNR1,TRNR1,29.9974,-81.33768,0.9525,NA,NA,Ridge,NA,2,N,NA,18,0,NA,19,NA,NA,NA,NA,
S15,6/10/2015,Tolomato River,St Johns,Y,TRNR1,TRNR1,29.9974,-81.33768,0.9525,NA,NA,Ridge,NA,4,N,NA,NA,0,NA,17,NA,NA,NA,NA,clumps not counted 
S15,6/10/2015,Tolomato River,St Johns,Y,TRNR1,TRNR1,29.9974,-81.33768,0.9525,NA,NA,Ridge,NA,17,Y,S15TRNR1R17,21,0,NA,17,NA,NA,NA,NA,
S15,6/10/2015,Tolomato River,St Johns,N,TRNR1,TRNR1,29.9974,-81.33768,0.9525,NA,NA,Ridge,NA,22,Y,S15TRNR1R22,11,0,NA,39,NA,NA,NA,NA,
S15,6/10/2015,Tolomato River,St Johns,N,VBNR1,VBNR1,29.930953,-81.318159,1.0033,NA,NA,Ridge,10,0,N,NA,11,0,NA,19,NA,NA,NA,NA,
S15,6/10/2015,Tolomato River,St Johns,N,VBNR1,VBNR1,29.930953,-81.318159,1.0033,NA,NA,Ridge,10,2,N,NA,3,0,NA,10,NA,NA,NA,NA,
S15,6/10/2015,Tolomato River,St Johns,N,VBNR1,VBNR1,29.930953,-81.318159,1.0033,NA,NA,Ridge,10,3,Y,S15VBNR1R3,13,0,NA,23,NA,NA,NA,NA,
S15,6/10/2015,Tolomato River,St Johns,N,VBNR1,VBNR1,29.930953,-81.318159,1.0033,NA,NA,Ridge,10,4,Y,S15VBNR1R4,14,0,NA,26,NA,NA,NA,NA,
S15,6/10/2015,Tolomato River,St Johns,N,VBNR1,VBNR1,29.930953,-81.318159,1.0033,NA,NA,Ridge,10,6,Y,S15VBNR1R6,11,0,NA,18,NA,NA,NA,NA,
S15,6/22/2015,Fort Matanzas,St Johns,Y,FM1,FM1,29.75108,-81.25412,0.6477,NA,NA,Ridge,20,2,N,NA,20,0,NA,26,NA,NA,NA,NA,
S15,6/22/2015,Fort Matanzas,St Johns,Y,FM1,FM1,29.75108,-81.25412,0.6477,NA,NA,Ridge,20,5,N,NA,12,0,NA,26,NA,NA,NA,NA,
S15,6/22/2015,Fort Matanzas,St Johns,Y,FM1,FM1,29.75108,-81.25412,0.6477,NA,NA,Ridge,20,7,Y,S15FM1R7,21,0,NA,20,NA,NA,NA,NA,
S15,6/22/2015,Fort Matanzas,St Johns,Y,FM1,FM1,29.75108,-81.25412,0.6477,NA,NA,Ridge,20,13,N,NA,16,0,NA,19,NA,NA,NA,NA,
S15,6/22/2015,Fort Matanzas,St Johns,Y,FM1,FM1,29.75108,-81.25412,0.6477,NA,NA,Ridge,20,14,Y,S15FM1R14,16,0,NA,18,NA,NA,NA,NA,
S15,6/22/2015,Fort Matanzas,St Johns,Y,FM1,FM1,29.75108,-81.25412,0.6477,NA,NA,Ridge,20,15,Y,S15FM1R15,14,0,NA,23,NA,NA,NA,NA,
S15,6/22/2015,Fort Matanzas,St Johns,Y,FM3,FM3A,29.7495,-81.2569,0.9144,NA,NA,Ridge,30,2,Y,S15FM3R2,21,0,NA,27,NA,NA,NA,NA,
S15,6/22/2015,Fort Matanzas,St Johns,Y,FM3,FM3A,29.7495,-81.2569,0.9144,NA,NA,Ridge,30,9,Y,S15FM3R9,11,0,NA,26,NA,NA,NA,NA,
S15,6/22/2015,Fort Matanzas,St Johns,Y,FM3,FM3A,29.7495,-81.2569,0.9144,NA,NA,Ridge,30,11,N,NA,17,0,NA,25,NA,NA,NA,NA,
S15,6/22/2015,Fort Matanzas,St Johns,Y,FM3,FM3A,29.7495,-81.2569,0.9144,NA,NA,Ridge,30,17,Y,S15FM3R17,14,0,NA,25,NA,NA,NA,NA,
S15,6/22/2015,Fort Matanzas,St Johns,Y,FM3,FM3A,29.7495,-81.2569,0.9144,NA,NA,Ridge,30,21,N,NA,15,0,NA,19,NA,NA,NA,NA,
S15,6/22/2015,Fort Matanzas,St Johns,Y,FM3,FM3A,29.7495,-81.2569,0.9144,NA,NA,Ridge,30,29,N,NA,11,0,NA,17,NA,NA,NA,NA,
S15,6/22/2015,Butler Beach,St Johns,N,MC1,MC1,29.77125,-81.26589,0.8509,NA,NA,Ridge,40,4,Y,S15MC1R4,23,0,NA,17,NA,NA,NA,NA,
S15,6/22/2015,Butler Beach,St Johns,N,MC1,MC1,29.77125,-81.26589,0.8509,NA,NA,Ridge,40,8,Y,S15MC1R8,32,0,NA,35,NA,NA,NA,NA,
S15,6/22/2015,Butler Beach,St Johns,N,MC1,MC1,29.77125,-81.26589,0.8509,NA,NA,Ridge,40,13,Y,S15MC1R13,14,0,NA,18,NA,NA,NA,NA,
S15,6/22/2015,Butler Beach,St Johns,N,MC1,MC1,29.77125,-81.26589,0.8509,NA,NA,Ridge,40,27,N,NA,31,0,NA,36,NA,NA,NA,NA,
S15,6/22/2015,Butler Beach,St Johns,N,MC1,MC1,29.77125,-81.26589,0.8509,NA,NA,Ridge,40,28,N,NA,24,0,NA,26,NA,NA,NA,NA,
S15,6/22/2015,Butler Beach,St Johns,N,MC1,MC1,29.77125,-81.26589,0.8509,NA,NA,Ridge,40,29,N,NA,23,0,NA,46,NA,NA,NA,NA,
S15,6/22/2015,Butler Beach,St Johns,N,MC2,MC2,29.770655,-81.265737,0.9398,NA,NA,Ridge,20,1,Y,S15MC2R1,35,0,NA,44,NA,NA,NA,NA,
S15,6/22/2015,Butler Beach,St Johns,N,MC2,MC2,29.770655,-81.265737,0.9398,NA,NA,Ridge,20,3,N,NA,21,0,NA,32,NA,NA,NA,NA,
S15,6/22/2015,Butler Beach,St Johns,N,MC2,MC2,29.770655,-81.265737,0.9398,NA,NA,Ridge,20,8,Y,S15MC2R8,25,0,NA,30,NA,NA,NA,NA,
S15,6/22/2015,Butler Beach,St Johns,N,MC2,MC2,29.770655,-81.265737,0.9398,NA,NA,Ridge,20,11,N,NA,31,0,NA,36,NA,NA,NA,NA,
S15,6/22/2015,Butler Beach,St Johns,N,MC2,MC2,29.770655,-81.265737,0.9398,NA,NA,Ridge,20,17,N,NA,16,0,NA,17,NA,NA,NA,NA,
S15,6/22/2015,Butler Beach,St Johns,N,MC2,MC2,29.770655,-81.265737,0.9398,NA,NA,Ridge,20,19,Y,S15MC2R19,22,0,NA,15,NA,NA,NA,NA,
S15,6/23/2015,Salt Run,St Johns,Y,SR1,SR1,29.88216,-81.27934,0.508,NA,NA,Ridge,15,0,Y,S15SR1R0,2,0,NA,10,NA,NA,NA,NA,
S15,6/23/2015,Salt Run,St Johns,Y,SR1,SR1,29.88216,-81.27934,0.508,NA,NA,Ridge,15,2,N,NA,1,0,NA,21,NA,NA,NA,NA,
S15,6/23/2015,Salt Run,St Johns,Y,SR1,SR1,29.88216,-81.27934,0.508,NA,NA,Ridge,15,5,N,NA,0,0,NA,10,NA,NA,NA,NA,
S15,6/23/2015,Salt Run,St Johns,Y,SR1,SR1,29.88216,-81.27934,0.508,NA,NA,Ridge,15,6,N,NA,0,0,NA,9,NA,NA,NA,NA,
S15,6/23/2015,Salt Run,St Johns,Y,SR1,SR1,29.88216,-81.27934,0.508,NA,NA,Ridge,15,12,Y,S15SR1R12,1,0,NA,17,NA,NA,NA,NA,
S15,6/23/2015,Salt Run,St Johns,Y,SR1,SR1,29.88216,-81.27934,0.508,NA,NA,Ridge,15,14,Y,S15SR1R14,1,0,NA,15,NA,NA,NA,NA,
S15,6/23/2015,Salt Run,St Johns,N,SR10,SR10,29.874287,-81.275857,0.7239,8.8,0.082261364,Ridge,20,1,N,NA,6,0,NA,22,NA,NA,NA,NA,
S15,6/23/2015,Salt Run,St Johns,N,SR10,SR10,29.874287,-81.275857,0.7239,8.8,0.082261364,Ridge,20,6,Y,S15SR10R6,4,0,NA,23,NA,NA,NA,NA,
S15,6/23/2015,Salt Run,St Johns,N,SR10,SR10,29.874287,-81.275857,0.7239,8.8,0.082261364,Ridge,20,7,N,NA,5,0,NA,22,NA,NA,NA,NA,
S15,6/23/2015,Salt Run,St Johns,N,SR10,SR10,29.874287,-81.275857,0.7239,8.8,0.082261364,Ridge,20,9,N,NA,4,0,NA,21,NA,NA,NA,NA,
S15,6/23/2015,Salt Run,St Johns,N,SR10,SR10,29.874287,-81.275857,0.7239,8.8,0.082261364,Ridge,20,15,Y,S15SR10R15,4,0,NA,21,NA,NA,NA,NA,
S15,6/23/2015,Salt Run,St Johns,N,SR10,SR10,29.874287,-81.275857,0.7239,8.8,0.082261364,Ridge,20,17,Y,S15SR10R17,4,0,NA,29,NA,NA,NA,NA,
S15,6/23/2015,Salt Run,St Johns,Y,SR2,SR2,29.879581,-81.276823,0.127,2,0.0635,Ridge,25,1,N,NA,3,0,NA,25,NA,NA,NA,NA,
S15,6/23/2015,Salt Run,St Johns,Y,SR2,SR2,29.879581,-81.276823,0.127,2,0.0635,Ridge,25,4,Y,S15SR2R4,6,0,NA,25,NA,NA,NA,NA,
S15,6/23/2015,Salt Run,St Johns,Y,SR2,SR2,29.879581,-81.276823,0.127,2,0.0635,Ridge,25,5,N,NA,13,0,NA,18,NA,NA,NA,NA,
S15,6/23/2015,Salt Run,St Johns,Y,SR2,SR2,29.879581,-81.276823,0.127,2,0.0635,Ridge,25,8,N,NA,6,0,NA,16,NA,NA,NA,NA,
S15,6/23/2015,Salt Run,St Johns,Y,SR2,SR2,29.879581,-81.276823,0.127,2,0.0635,Ridge,25,12,Y,S15SR2R12,13,0,NA,19,NA,NA,NA,NA,
S15,6/23/2015,Salt Run,St Johns,Y,SR2,SR2,29.879581,-81.276823,0.127,2,0.0635,Ridge,25,24,Y,S15SR2R24,4,0,NA,23,NA,NA,NA,NA,
S15,6/23/2015,Salt Run,St Johns,N,SR4,SR4,29.89749,-81.29008,0.4191,NA,NA,Ridge,15,1,Y,S15SR4R1,18,0,NA,28,NA,NA,NA,NA,
S15,6/23/2015,Salt Run,St Johns,N,SR4,SR4,29.89749,-81.29008,0.4191,NA,NA,Ridge,15,2,N,NA,11,0,NA,37,NA,NA,NA,NA,
S15,6/23/2015,Salt Run,St Johns,N,SR4,SR4,29.89749,-81.29008,0.4191,NA,NA,Ridge,15,7,Y,S15SR4R7,14,0,NA,36,NA,NA,NA,NA,
S15,6/23/2015,Salt Run,St Johns,N,SR4,SR4,29.89749,-81.29008,0.4191,NA,NA,Ridge,15,10,N,NA,19,0,NA,34,NA,NA,NA,NA,
S15,6/23/2015,Salt Run,St Johns,N,SR4,SR4,29.89749,-81.29008,0.4191,NA,NA,Ridge,15,12,Y,S15SR4R12,32,0,NA,45,NA,NA,NA,NA,
S15,6/23/2015,Salt Run,St Johns,N,SR4,SR4,29.89749,-81.29008,0.4191,NA,NA,Ridge,15,14,N,NA,27,0,NA,28,NA,NA,NA,NA,
S15,6/23/2015,Salt Run,St Johns,N,SR5,SR5,29.8969,-81.29056,0.4064,NA,NA,Ridge,22,1,N,NA,28,0,NA,39,NA,NA,NA,NA,
S15,6/23/2015,Salt Run,St Johns,N,SR5,SR5,29.8969,-81.29056,0.4064,NA,NA,Ridge,22,4,Y,S15SR5R4,18,0,NA,64,NA,NA,NA,NA,
S15,6/23/2015,Salt Run,St Johns,N,SR5,SR5,29.8969,-81.29056,0.4064,NA,NA,Ridge,22,5,Y,S15SR5R5,21,0,NA,47,NA,NA,NA,NA,
S15,6/23/2015,Salt Run,St Johns,N,SR5,SR5,29.8969,-81.29056,0.4064,NA,NA,Ridge,22,6,N,NA,24,0,NA,51,NA,NA,NA,NA,
S15,6/23/2015,Salt Run,St Johns,N,SR5,SR5,29.8969,-81.29056,0.4064,NA,NA,Ridge,22,7,Y,S15SR5R7,28,0,NA,60,NA,NA,NA,NA,
S15,6/23/2015,Salt Run,St Johns,N,SR5,SR5,29.8969,-81.29056,0.4064,NA,NA,Ridge,22,17,N,NA,32,0,NA,42,NA,NA,NA,NA,
S15,6/23/2015,Salt Run,St Johns,N,SR8,SR8,29.874306,-81.273333,0.5969,NA,NA,Ridge,10,2,Y,S15SR8R2,5,0,NA,26,NA,NA,NA,NA,
S15,6/23/2015,Salt Run,St Johns,N,SR8,SR8,29.874306,-81.273333,0.5969,NA,NA,Ridge,10,3,N,NA,7,0,NA,19,NA,NA,NA,NA,
S15,6/23/2015,Salt Run,St Johns,N,SR8,SR8,29.874306,-81.273333,0.5969,NA,NA,Ridge,10,5,Y,S15SR8R5,8,0,NA,24,NA,NA,NA,NA,
S15,6/23/2015,Salt Run,St Johns,N,SR8,SR8,29.874306,-81.273333,0.5969,NA,NA,Ridge,10,6,N,NA,7,0,NA,25,NA,NA,NA,NA,
S15,6/23/2015,Salt Run,St Johns,N,SR8,SR8,29.874306,-81.273333,0.5969,NA,NA,Ridge,10,9,N,NA,5,0,NA,26,NA,NA,NA,NA,
S15,6/23/2015,Salt Run,St Johns,N,SR8,SR8,29.874306,-81.273333,0.5969,NA,NA,Ridge,10,10,Y,S15SR8R10,4,0,NA,14,NA,NA,NA,NA,
S15,6/24/2015,Tolomato River,St Johns,N,TR10,TR10,29.979388,-81.325158,NA,NA,NA,Ridge,10,0,Y,S15TR10R0,6,0,NA,18,NA,NA,NA,NA,
S15,6/24/2015,Tolomato River,St Johns,N,TR10,TR10,29.979388,-81.325158,NA,NA,NA,Ridge,10,1,N,NA,5,0,NA,24,NA,NA,NA,NA,
S15,6/24/2015,Tolomato River,St Johns,N,TR10,TR10,29.979388,-81.325158,NA,NA,NA,Ridge,10,5,N,NA,13,0,NA,20,NA,NA,NA,NA,
S15,6/24/2015,Tolomato River,St Johns,N,TR10,TR10,29.979388,-81.325158,NA,NA,NA,Ridge,10,6,N,NA,14,0,NA,25,NA,NA,NA,NA,
S15,6/24/2015,Tolomato River,St Johns,N,TR10,TR10,29.979388,-81.325158,NA,NA,NA,Ridge,10,7,Y,S15TR10R7,13,0,NA,30,NA,NA,NA,NA,
S15,6/24/2015,Tolomato River,St Johns,N,TR10,TR10,29.979388,-81.325158,NA,NA,NA,Ridge,10,8,Y,S15TR10R8,6,0,NA,27,NA,NA,NA,NA,
S15,6/24/2015,Tolomato River,St Johns,N,TR13,TR13,29.985413,-81.331717,0.508,NA,NA,Ridge,20,1,N,NA,7,0,NA,33,NA,NA,NA,NA,
S15,6/24/2015,Tolomato River,St Johns,N,TR13,TR13,29.985413,-81.331717,0.508,NA,NA,Ridge,20,2,Y,S15TR13R2,3,0,NA,42,NA,NA,NA,NA,
S15,6/24/2015,Tolomato River,St Johns,N,TR13,TR13,29.985413,-81.331717,0.508,NA,NA,Ridge,20,3,Y,S15TR13R3,4,0,NA,31,NA,NA,NA,NA,
S15,6/24/2015,Tolomato River,St Johns,N,TR13,TR13,29.985413,-81.331717,0.508,NA,NA,Ridge,20,8,N,NA,5,0,NA,28,NA,NA,NA,NA,
S15,6/24/2015,Tolomato River,St Johns,N,TR13,TR13,29.985413,-81.331717,0.508,NA,NA,Ridge,20,9,N,NA,3,0,NA,28,NA,NA,NA,NA,
S15,6/24/2015,Tolomato River,St Johns,N,TR13,TR13,29.985413,-81.331717,0.508,NA,NA,Ridge,20,11,Y,S15TR13R11,14,0,NA,27,NA,NA,NA,NA,
S15,6/24/2015,Tolomato River,St Johns,Y,TR16,TR16,30.00297,-81.345473,0.51435,NA,NA,Ridge,9,2,Y,S15TR16R2,43,0,NA,34,NA,NA,NA,NA,
S15,6/24/2015,Tolomato River,St Johns,Y,TR16,TR16,30.00297,-81.345473,0.51435,NA,NA,Ridge,9,3,N,NA,25,0,NA,25,NA,NA,NA,NA,
S15,6/24/2015,Tolomato River,St Johns,Y,TR16,TR16,30.00297,-81.345473,0.51435,NA,NA,Ridge,9,4,N,NA,38,0,NA,30,NA,NA,NA,NA,
S15,6/24/2015,Tolomato River,St Johns,Y,TR16,TR16,30.00297,-81.345473,0.51435,NA,NA,Ridge,9,5,Y,S15TR16R5,34,0,NA,25,NA,NA,NA,NA,
S15,6/24/2015,Tolomato River,St Johns,Y,TR16,TR16,30.00297,-81.345473,0.51435,NA,NA,Ridge,9,6,N,NA,23,0,NA,23,NA,NA,NA,NA,
S15,6/24/2015,Tolomato River,St Johns,Y,TR16,TR16,30.00297,-81.345473,0.51435,NA,NA,Ridge,9,7,Y,S15TR16R7,27,0,NA,21,NA,NA,NA,NA,
S15,6/24/2015,Tolomato River,St Johns,N,TR2,TR2A,29.998128,-81.341353,0.7366,NA,NA,Ridge,12,2,N,NA,10,0,NA,12,NA,NA,NA,NA,
S15,6/24/2015,Tolomato River,St Johns,N,TR2,TR2A,29.998128,-81.341353,0.7366,NA,NA,Ridge,12,5,Y,S15TR2R5,17,0,NA,13,NA,NA,NA,NA,
S15,6/24/2015,Tolomato River,St Johns,N,TR2,TR2A,29.998128,-81.341353,0.7366,NA,NA,Ridge,12,6,N,NA,19,0,NA,8,NA,NA,NA,NA,
S15,6/24/2015,Tolomato River,St Johns,N,TR2,TR2A,29.998128,-81.341353,0.7366,NA,NA,Ridge,12,7,Y,S15TR2R7,14,0,NA,11,NA,NA,NA,NA,
S15,6/24/2015,Tolomato River,St Johns,N,TR2,TR2A,29.998128,-81.341353,0.7366,NA,NA,Ridge,12,9,N,NA,16,0,NA,13,NA,NA,NA,NA,
S15,6/24/2015,Tolomato River,St Johns,N,TR2,TR2A,29.998128,-81.341353,0.7366,NA,NA,Ridge,12,10,Y,S15TR2R10,9,0,NA,7,NA,NA,NA,NA,
S15,6/24/2015,Tolomato River,St Johns,N,TR7,TR7,30.01044,-81.35172,1.1557,NA,NA,Ridge,13,1,Y,S15TR7R1,11,0,NA,12,NA,NA,NA,NA,
S15,6/24/2015,Tolomato River,St Johns,N,TR7,TR7,30.01044,-81.35172,1.1557,NA,NA,Ridge,13,2,N,NA,29,0,NA,22,NA,NA,NA,NA,
S15,6/24/2015,Tolomato River,St Johns,N,TR7,TR7,30.01044,-81.35172,1.1557,NA,NA,Ridge,13,5,N,NA,46,0,NA,28,NA,NA,NA,NA,
S15,6/24/2015,Tolomato River,St Johns,N,TR7,TR7,30.01044,-81.35172,1.1557,NA,NA,Ridge,13,7,Y,S15TR7R7,6,0,NA,4,NA,NA,NA,NA,in dead patch
S15,6/24/2015,Tolomato River,St Johns,N,TR7,TR7,30.01044,-81.35172,1.1557,NA,NA,Ridge,13,10,N,NA,5,0,NA,4,NA,NA,NA,NA,in dead patch
S15,6/24/2015,Tolomato River,St Johns,N,TR7,TR7,30.01044,-81.35172,1.1557,NA,NA,Ridge,13,12,Y,S15TR7R12,28,0,NA,15,NA,NA,NA,NA,
S15,6/25/2015,Butler Beach,St Johns,N,BB15A,BB15A,29.798435,-81.277819,1.1557,NA,NA,Ridge,20,1,N,NA,13,0,NA,40,NA,NA,NA,NA,
S15,6/25/2015,Butler Beach,St Johns,N,BB15A,BB15A,29.798435,-81.277819,1.1557,NA,NA,Ridge,20,2,N,NA,14,0,NA,36,NA,NA,NA,NA,
S15,6/25/2015,Butler Beach,St Johns,N,BB15A,BB15A,29.798435,-81.277819,1.1557,NA,NA,Ridge,20,3,Y,S15BB15AR3,17,0,NA,40,NA,NA,NA,NA,
S15,6/25/2015,Butler Beach,St Johns,N,BB15A,BB15A,29.798435,-81.277819,1.1557,NA,NA,Ridge,20,5,N,NA,10,0,NA,37,NA,NA,NA,NA,
S15,6/25/2015,Butler Beach,St Johns,N,BB15A,BB15A,29.798435,-81.277819,1.1557,NA,NA,Ridge,20,16,Y,S15BB15AR16,22,0,NA,37,NA,NA,NA,NA,
S15,6/25/2015,Butler Beach,St Johns,N,BB15A,BB15A,29.798435,-81.277819,1.1557,NA,NA,Ridge,20,20,Y,S15BB15AR20,37,0,NA,30,NA,NA,NA,NA,
S15,7/7/2015,Fort Matanzas,St Johns,Y,CO,CO,29.74758,-81.2505,0.8382,NA,NA,Ridge,45,2,Y,S15COR2,13,0,NA,26,NA,NA,NA,NA,
S15,7/7/2015,Fort Matanzas,St Johns,Y,CO,CO,29.74758,-81.2505,0.8382,NA,NA,Ridge,45,5,Y,S15COR5,19,0,NA,32,NA,NA,NA,NA,
S15,7/7/2015,Fort Matanzas,St Johns,Y,CO,CO,29.74758,-81.2505,0.8382,NA,NA,Ridge,45,12,Y,S15COR12,18,0,NA,36,NA,NA,NA,NA,
S15,7/7/2015,Fort Matanzas,St Johns,Y,CO,CO,29.74758,-81.2505,0.8382,NA,NA,Ridge,45,29,N,NA,12,0,NA,27,NA,NA,NA,NA,
S15,7/7/2015,Fort Matanzas,St Johns,Y,CO,CO,29.74758,-81.2505,0.8382,NA,NA,Ridge,45,32,N,NA,14,0,NA,26,NA,NA,NA,NA,
S15,7/7/2015,Fort Matanzas,St Johns,Y,CO,CO,29.74758,-81.2505,0.8382,NA,NA,Ridge,45,42,N,NA,16,0,NA,39,NA,NA,NA,NA,
S15,7/7/2015,Fort Matanzas,St Johns,Y,FM206,FM206,29.76523,-81.26073,0.7747,8.9,0.087044944,Ridge,30,3,N,NA,8,0,NA,23,NA,NA,NA,NA,
S15,7/7/2015,Fort Matanzas,St Johns,Y,FM206,FM206,29.76523,-81.26073,0.7747,8.9,0.087044944,Ridge,30,7,Y,S15FM206R7,3,0,NA,28,NA,NA,NA,NA,
S15,7/7/2015,Fort Matanzas,St Johns,Y,FM206,FM206,29.76523,-81.26073,0.7747,8.9,0.087044944,Ridge,30,10,N,NA,10,0,NA,14,NA,NA,NA,NA,
S15,7/7/2015,Fort Matanzas,St Johns,Y,FM206,FM206,29.76523,-81.26073,0.7747,8.9,0.087044944,Ridge,30,17,N,NA,12,0,NA,21,NA,NA,NA,NA,
S15,7/7/2015,Fort Matanzas,St Johns,Y,FM206,FM206,29.76523,-81.26073,0.7747,8.9,0.087044944,Ridge,30,22,Y,S15FM206R22,7,0,NA,27,NA,NA,NA,NA,
S15,7/7/2015,Fort Matanzas,St Johns,Y,FM206,FM206,29.76523,-81.26073,0.7747,8.9,0.087044944,Ridge,30,28,Y,S15FM206R28,9,0,NA,20,NA,NA,NA,NA,
S15,7/7/2015,Fort Matanzas,St Johns,Y,FM4,FM4,29.746007,-81.257489,0.889,8.6,0.103372093,Ridge,29,3,N,NA,11,0,NA,16,NA,NA,NA,NA,
S15,7/7/2015,Fort Matanzas,St Johns,Y,FM4,FM4,29.746007,-81.257489,0.889,8.6,0.103372093,Ridge,29,6,Y,S15FM4R6,20,0,NA,37,NA,NA,NA,NA,
S15,7/7/2015,Fort Matanzas,St Johns,Y,FM4,FM4,29.746007,-81.257489,0.889,8.6,0.103372093,Ridge,29,10,Y,S15FM4R10,17,0,NA,33,NA,NA,NA,NA,
S15,7/7/2015,Fort Matanzas,St Johns,Y,FM4,FM4,29.746007,-81.257489,0.889,8.6,0.103372093,Ridge,29,12,N,NA,13,0,NA,21,NA,NA,NA,NA,
S15,7/7/2015,Fort Matanzas,St Johns,Y,FM4,FM4,29.746007,-81.257489,0.889,8.6,0.103372093,Ridge,29,16,N,NA,15,0,NA,29,NA,NA,NA,NA,
S15,7/7/2015,Fort Matanzas,St Johns,Y,FM4,FM4,29.746007,-81.257489,0.889,8.6,0.103372093,Ridge,29,27,Y,S15FM4R27,5,0,NA,18,NA,NA,NA,NA,
S15,7/8/2015,St Augustine,St Johns,N,SA22,SA22,29.87156,-81.30634,0.53975,7.5,0.071966667,Ridge,20,5,N,NA,19,0,NA,27,NA,NA,NA,NA,
S15,7/8/2015,St Augustine,St Johns,N,SA22,SA22,29.87156,-81.30634,0.53975,7.5,0.071966667,Ridge,20,11,N,NA,20,0,NA,20,NA,NA,NA,NA,
S15,7/8/2015,St Augustine,St Johns,N,SA22,SA22,29.87156,-81.30634,0.53975,7.5,0.071966667,Ridge,20,13,N,NA,8,0,NA,19,NA,NA,NA,NA,
S15,7/8/2015,St Augustine,St Johns,N,SA22,SA22,29.87156,-81.30634,0.53975,7.5,0.071966667,Ridge,20,15,Y,S15SA22R15,13,0,NA,25,NA,NA,NA,NA,
S15,7/8/2015,St Augustine,St Johns,N,SA22,SA22,29.87156,-81.30634,0.53975,7.5,0.071966667,Ridge,20,17,Y,S15SA22R17,12,0,NA,16,NA,NA,NA,NA,
S15,7/8/2015,St Augustine,St Johns,N,SA22,SA22,29.87156,-81.30634,0.53975,7.5,0.071966667,Ridge,20,18,Y,S15SA22R18,11,0,NA,24,NA,NA,NA,NA,
S15,7/8/2015,St Augustine,St Johns,N,SA5,SA5,29.85402,-81.311931,0.635,3.7,0.171621622,Ridge,12,2,N,NA,23,0,NA,33,NA,NA,NA,NA,
S15,7/8/2015,St Augustine,St Johns,N,SA5,SA5,29.85402,-81.311931,0.635,3.7,0.171621622,Ridge,12,4,Y,S15SA5R4,14,0,NA,30,NA,NA,NA,NA,
S15,7/8/2015,St Augustine,St Johns,N,SA5,SA5,29.85402,-81.311931,0.635,3.7,0.171621622,Ridge,12,5,N,NA,11,0,NA,32,NA,NA,NA,NA,
S15,7/8/2015,St Augustine,St Johns,N,SA5,SA5,29.85402,-81.311931,0.635,3.7,0.171621622,Ridge,12,6,Y,S15SA5R6,18,0,NA,32,NA,NA,NA,NA,
S15,7/8/2015,St Augustine,St Johns,N,SA5,SA5,29.85402,-81.311931,0.635,3.7,0.171621622,Ridge,12,8,N,NA,17,0,NA,26,NA,NA,NA,NA,
S15,7/8/2015,St Augustine,St Johns,N,SA5,SA5,29.85402,-81.311931,0.635,3.7,0.171621622,Ridge,12,11,Y,S15SA5R11,26,0,NA,24,NA,NA,NA,NA,
S15,7/8/2015,St Augustine,St Johns,N,SA5A,SA5A,29.85258,-81.31143,NA,NA,NA,Ridge,NA,R1,Y,S15SA5AR1,21,0,NA,32,NA,NA,NA,NA,
S15,7/8/2015,St Augustine,St Johns,N,SA5A,SA5A,29.85258,-81.31143,NA,NA,NA,Ridge,NA,R2,Y,S15SA5AR2,21,0,NA,24,NA,NA,NA,NA,
S15,7/8/2015,St Augustine,St Johns,N,SA5A,SA5A,29.85258,-81.31143,NA,NA,NA,Ridge,NA,R3,Y,S15SA5AR3,19,0,NA,14,NA,NA,NA,NA,
S15,7/8/2015,St Augustine,St Johns,N,SA5B,SA5B,29.85041,-81.31085,NA,NA,NA,Ridge,5,0,N,NA,21,0,NA,21,NA,NA,NA,NA,
S15,7/8/2015,St Augustine,St Johns,N,SA5B,SA5B,29.85041,-81.31085,NA,NA,NA,Ridge,5,1,Y,S15SA5BR1,20,0,NA,21,NA,NA,NA,NA,
S15,7/8/2015,St Augustine,St Johns,N,SA5B,SA5B,29.85041,-81.31085,NA,NA,NA,Ridge,5,2,Y,S15SA5BR2,24,0,NA,25,NA,NA,NA,NA,
S15,7/8/2015,St Augustine,St Johns,N,SA5B,SA5B,29.85041,-81.31085,NA,NA,NA,Ridge,5,3,Y,S15SA5BR3,20,0,NA,29,NA,NA,NA,NA,
S15,7/8/2015,St Augustine,St Johns,N,SA5B,SA5B,29.85041,-81.31085,NA,NA,NA,Ridge,5,4,N,NA,15,0,NA,28,NA,NA,NA,NA,
S15,7/8/2015,St Augustine,St Johns,N,SA6,SA6,29.85297,-81.311661,0.7747,NA,NA,Ridge,19.7,1,N,NA,20,0,NA,21,NA,NA,NA,NA,
S15,7/8/2015,St Augustine,St Johns,N,SA6,SA6,29.85297,-81.311661,0.7747,NA,NA,Ridge,19.7,2,N,NA,8,0,NA,22,NA,NA,NA,NA,
S15,7/8/2015,St Augustine,St Johns,N,SA6,SA6,29.85297,-81.311661,0.7747,NA,NA,Ridge,19.7,4,Y,S15SA6R4,14,0,NA,16,NA,NA,NA,NA,In dead patch
S15,7/8/2015,St Augustine,St Johns,N,SA6,SA6,29.85297,-81.311661,0.7747,NA,NA,Ridge,19.7,5,Y,S15SA6R5,17,0,NA,26,NA,NA,NA,NA,In dead patch
S15,7/8/2015,St Augustine,St Johns,N,SA6,SA6,29.85297,-81.311661,0.7747,NA,NA,Ridge,19.7,7,Y,S15SA6R7,31,0,NA,29,NA,NA,NA,NA,
S15,7/8/2015,St Augustine,St Johns,N,SA6,SA6,29.85297,-81.311661,0.7747,NA,NA,Ridge,19.7,13,N,NA,9,0,NA,15,NA,NA,NA,NA,
S15,7/8/2015,St Augustine,St Johns,N,SA7A,SA7A,29.8622,-81.31141,NA,NA,NA,Ridge,10,3,Y,S15SA7AR3,14,0,NA,24,NA,NA,NA,NA,
S15,7/8/2015,St Augustine,St Johns,N,SA7A,SA7A,29.8622,-81.31141,NA,NA,NA,Ridge,10,5,N,NA,16,0,NA,24,NA,NA,NA,NA,
S15,7/8/2015,St Augustine,St Johns,N,SA7A,SA7A,29.8622,-81.31141,NA,NA,NA,Ridge,10,7,Y,S15SA7AR7,12,0,NA,18,NA,NA,NA,NA,
S15,7/8/2015,St Augustine,St Johns,N,SA7A,SA7A,29.8622,-81.31141,NA,NA,NA,Ridge,10,8,N,NA,21,0,NA,22,NA,NA,NA,NA,
S15,7/8/2015,St Augustine,St Johns,N,SA7A,SA7A,29.8622,-81.31141,NA,NA,NA,Ridge,10,9,Y,S15SA7AR9,16,0,NA,28,NA,NA,NA,NA,
S15,7/8/2015,St Augustine,St Johns,N,SA7A,SA7A,29.8622,-81.31141,NA,NA,NA,Ridge,10,10,N,NA,17,0,NA,19,NA,NA,NA,NA,
S15,7/8/2015,St Augustine,St Johns,N,SA9,SA9,29.87027,-81.31302,0.76835,8.8,0.0873125,Ridge,10,1,N,NA,38,0,NA,55,NA,NA,NA,NA,
S15,7/8/2015,St Augustine,St Johns,N,SA9,SA9,29.87027,-81.31302,0.76835,8.8,0.0873125,Ridge,10,2,Y,S15SA9R2,22,0,NA,39,NA,NA,NA,NA,
S15,7/8/2015,St Augustine,St Johns,N,SA9,SA9,29.87027,-81.31302,0.76835,8.8,0.0873125,Ridge,10,3,Y,S15SA9R3,16,0,NA,26,NA,NA,NA,NA,
S15,7/8/2015,St Augustine,St Johns,N,SA9,SA9,29.87027,-81.31302,0.76835,8.8,0.0873125,Ridge,10,6,N,NA,18,0,NA,26,NA,NA,NA,NA,
S15,7/8/2015,St Augustine,St Johns,N,SA9,SA9,29.87027,-81.31302,0.76835,8.8,0.0873125,Ridge,10,7,Y,S15SA9R7,19,0,NA,38,NA,NA,NA,NA,
S15,7/8/2015,St Augustine,St Johns,N,SA9,SA9,29.87027,-81.31302,0.76835,8.8,0.0873125,Ridge,10,9,N,NA,15,0,NA,19,NA,NA,NA,NA,
S15,7/9/2015,Salt Run,St Johns,Y,SR2S,SR2S,29.87925,-81.277053,0.9652,7.7,0.125350649,Ridge,20,3,N,NA,5,0,NA,23,NA,NA,NA,NA,
S15,7/9/2015,Salt Run,St Johns,Y,SR2S,SR2S,29.87925,-81.277053,0.9652,7.7,0.125350649,Ridge,20,4,N,NA,3,0,NA,19,NA,NA,NA,NA,
S15,7/9/2015,Salt Run,St Johns,Y,SR2S,SR2S,29.87925,-81.277053,0.9652,7.7,0.125350649,Ridge,20,6,Y,S15SR2SR6,9,0,NA,16,NA,NA,NA,NA,
S15,7/9/2015,Salt Run,St Johns,Y,SR2S,SR2S,29.87925,-81.277053,0.9652,7.7,0.125350649,Ridge,20,12,Y,S15SR2SR12,2,0,NA,11,NA,NA,NA,NA,
S15,7/9/2015,Salt Run,St Johns,Y,SR2S,SR2S,29.87925,-81.277053,0.9652,7.7,0.125350649,Ridge,20,13,N,NA,3,0,NA,17,NA,NA,NA,NA,
S15,7/9/2015,Salt Run,St Johns,Y,SR2S,SR2S,29.87925,-81.277053,0.9652,7.7,0.125350649,Ridge,20,14,Y,S15SR2SR14,1,0,NA,16,NA,NA,NA,NA,
S15,7/9/2015,Salt Run,St Johns,Y,SR3,SR3,29.878853,-81.279778,0.4064,NA,NA,Ridge,20,3,N,NA,6,0,NA,14,NA,NA,NA,NA,
S15,7/9/2015,Salt Run,St Johns,Y,SR3,SR3,29.878853,-81.279778,0.4064,NA,NA,Ridge,20,4,Y,S15SR3R4,6,0,NA,17,NA,NA,NA,NA,
S15,7/9/2015,Salt Run,St Johns,Y,SR3,SR3,29.878853,-81.279778,0.4064,NA,NA,Ridge,20,6,Y,S15SR3R6,9,0,NA,13,NA,NA,NA,NA,
S15,7/9/2015,Salt Run,St Johns,Y,SR3,SR3,29.878853,-81.279778,0.4064,NA,NA,Ridge,20,8,N,NA,8,0,NA,19,NA,NA,NA,NA,
S15,7/9/2015,Salt Run,St Johns,Y,SR3,SR3,29.878853,-81.279778,0.4064,NA,NA,Ridge,20,9,N,NA,6,0,NA,18,NA,NA,NA,NA,
S15,7/9/2015,Salt Run,St Johns,Y,SR3,SR3,29.878853,-81.279778,0.4064,NA,NA,Ridge,20,10,Y,S15SR3R10,4,0,NA,16,NA,NA,NA,NA,
S15,7/9/2015,Salt Run,St Johns,Y,SR6,SR6,29.87972,-81.28076,0.5842,10.9,0.05359633,Ridge,20,2,N,NA,14,0,NA,17,NA,NA,NA,NA,
S15,7/9/2015,Salt Run,St Johns,Y,SR6,SR6,29.87972,-81.28076,0.5842,10.9,0.05359633,Ridge,20,3,Y,S15SR6R3,10,0,NA,16,NA,NA,NA,NA,
S15,7/9/2015,Salt Run,St Johns,Y,SR6,SR6,29.87972,-81.28076,0.5842,10.9,0.05359633,Ridge,20,7,N,NA,7,0,NA,13,NA,NA,NA,NA,
S15,7/9/2015,Salt Run,St Johns,Y,SR6,SR6,29.87972,-81.28076,0.5842,10.9,0.05359633,Ridge,20,8,N,NA,8,0,NA,29,NA,NA,NA,NA,
S15,7/9/2015,Salt Run,St Johns,Y,SR6,SR6,29.87972,-81.28076,0.5842,10.9,0.05359633,Ridge,20,9,Y,S15SR6R9,8,0,NA,20,NA,NA,NA,NA,
S15,7/9/2015,Salt Run,St Johns,Y,SR6,SR6,29.87972,-81.28076,0.5842,10.9,0.05359633,Ridge,20,18,Y,S15SR6R18,9,0,NA,19,NA,NA,NA,NA,
S15,7/9/2015,Salt Run,St Johns,N,SR7,SR7,29.87136,-81.27489,0.635,4.3,0.147674419,Ridge,20,3,N,NA,20,0,NA,41,NA,NA,NA,NA,
S15,7/9/2015,Salt Run,St Johns,N,SR7,SR7,29.87136,-81.27489,0.635,4.3,0.147674419,Ridge,20,4,Y,S15SR7R4,24,0,NA,35,NA,NA,NA,NA,
S15,7/9/2015,Salt Run,St Johns,N,SR7,SR7,29.87136,-81.27489,0.635,4.3,0.147674419,Ridge,20,5,Y,S15SR7R5,13,0,NA,31,NA,NA,NA,NA,
S15,7/9/2015,Salt Run,St Johns,N,SR7,SR7,29.87136,-81.27489,0.635,4.3,0.147674419,Ridge,20,8,Y,S15SR7R8,12,0,NA,38,NA,NA,NA,NA,
S15,7/9/2015,Salt Run,St Johns,N,SR7,SR7,29.87136,-81.27489,0.635,4.3,0.147674419,Ridge,20,12,N,NA,15,0,NA,39,NA,NA,NA,NA,
S15,7/9/2015,Salt Run,St Johns,N,SR7,SR7,29.87136,-81.27489,0.635,4.3,0.147674419,Ridge,20,17,N,NA,19,0,NA,34,NA,NA,NA,NA,
S15,7/9/2015,Salt Run,St Johns,Y,SR9,SR9,29.8787,-81.27686,0.6858,9.7,0.070701031,Ridge,10,1,N,NA,3,0,NA,16,NA,NA,NA,NA,
S15,7/9/2015,Salt Run,St Johns,Y,SR9,SR9,29.8787,-81.27686,0.6858,9.7,0.070701031,Ridge,10,2,N,NA,2,0,NA,15,NA,NA,NA,NA,
S15,7/9/2015,Salt Run,St Johns,Y,SR9,SR9,29.8787,-81.27686,0.6858,9.7,0.070701031,Ridge,10,3,Y,S15SR9R3,8,0,NA,18,NA,NA,NA,NA,
S15,7/9/2015,Salt Run,St Johns,Y,SR9,SR9,29.8787,-81.27686,0.6858,9.7,0.070701031,Ridge,10,5,Y,S15SR9R5,3,0,NA,14,NA,NA,NA,NA,
S15,7/9/2015,Salt Run,St Johns,Y,SR9,SR9,29.8787,-81.27686,0.6858,9.7,0.070701031,Ridge,10,8,N,NA,6,0,NA,8,NA,NA,NA,NA,
S15,7/9/2015,Salt Run,St Johns,Y,SR9,SR9,29.8787,-81.27686,0.6858,9.7,0.070701031,Ridge,10,9,Y,S15SR9R9,5,0,NA,17,NA,NA,NA,NA,
S15,7/21/2015,Guana River,St Johns,N,GR3,GR3,29.984411,-81.324158,0.635,3.55,0.178873239,Ridge,12,2,N,NA,36,0,NA,31,NA,NA,NA,NA,
S15,7/21/2015,Guana River,St Johns,N,GR3,GR3,29.984411,-81.324158,0.635,3.55,0.178873239,Ridge,12,3,Y,S15GR3R3,33,0,NA,25,NA,NA,NA,NA,
S15,7/21/2015,Guana River,St Johns,N,GR3,GR3,29.984411,-81.324158,0.635,3.55,0.178873239,Ridge,12,8,N,NA,26,0,NA,20,NA,NA,NA,NA,
S15,7/21/2015,Guana River,St Johns,N,GR3,GR3,29.984411,-81.324158,0.635,3.55,0.178873239,Ridge,12,10,N,NA,18,0,NA,16,NA,NA,NA,NA,
S15,7/21/2015,Guana River,St Johns,N,GR3,GR3,29.984411,-81.324158,0.635,3.55,0.178873239,Ridge,12,11,Y,S15GR3R11,20,0,NA,11,NA,NA,NA,NA,
S15,7/21/2015,Guana River,St Johns,N,GR3,GR3,29.984411,-81.324158,0.635,3.55,0.178873239,Ridge,12,12,Y,S15GR3R12,21,0,NA,16,NA,NA,NA,NA,
S15,7/21/2015,Guana River,St Johns,N,GR7,GR7,30.00067,-81.32702,0.9144,5.6,0.163285714,Ridge,20,4,Y,S15GR7AR4,12,0,NA,8,NA,NA,NA,NA,
S15,7/21/2015,Guana River,St Johns,N,GR7,GR7,30.00067,-81.32702,0.9144,5.6,0.163285714,Ridge,20,12,N,NA,15,0,NA,7,NA,NA,NA,NA,
S15,7/21/2015,Guana River,St Johns,N,GR7,GR7,30.00067,-81.32702,0.9144,5.6,0.163285714,Ridge,20,13,N,NA,16,0,NA,11,NA,NA,NA,NA,
S15,7/21/2015,Guana River,St Johns,N,GR7,GR7,30.00067,-81.32702,0.9144,5.6,0.163285714,Ridge,20,14,Y,S15GR7AR14,14,0,NA,11,NA,NA,NA,NA,
S15,7/21/2015,Guana River,St Johns,N,GR7,GR7,30.00067,-81.32702,0.9144,5.6,0.163285714,Ridge,20,15,N,NA,15,0,NA,11,NA,NA,NA,NA,
S15,7/21/2015,Guana River,St Johns,N,GR7,GR7,30.00067,-81.32702,0.9144,5.6,0.163285714,Ridge,20,16,Y,S15GR7AR16,11,0,NA,8,NA,NA,NA,NA,
S15,7/21/2015,Guana River,St Johns,N,GR8,GR8,29.99445,-81.321489,0.9144,4.1,0.22302439,Ridge,30,4,N,NA,31,0,NA,26,NA,NA,NA,NA,
S15,7/21/2015,Guana River,St Johns,N,GR8,GR8,29.99445,-81.321489,0.9144,4.1,0.22302439,Ridge,30,6,N,NA,24,0,NA,24,NA,NA,NA,NA,
S15,7/21/2015,Guana River,St Johns,N,GR8,GR8,29.99445,-81.321489,0.9144,4.1,0.22302439,Ridge,30,8,Y,S15GR8R8,22,0,NA,25,NA,NA,NA,NA,
S15,7/21/2015,Guana River,St Johns,N,GR8,GR8,29.99445,-81.321489,0.9144,4.1,0.22302439,Ridge,30,16,Y,S15GR8R16,15,0,NA,18,NA,NA,NA,NA,
S15,7/21/2015,Guana River,St Johns,N,GR8,GR8,29.99445,-81.321489,0.9144,4.1,0.22302439,Ridge,30,17,Y,S15GR8R17,28,0,NA,29,NA,NA,NA,NA,
S15,7/21/2015,Guana River,St Johns,N,GR8,GR8,29.99445,-81.321489,0.9144,4.1,0.22302439,Ridge,30,30,N,NA,20,0,NA,24,NA,NA,NA,NA,
S15,7/22/2015,Guana River,St Johns,N,GR1,GR1,30.01622,-81.32779,1.2192,5.6,0.217714286,Ridge,15,2,N,NA,30,0,NA,34,NA,NA,NA,NA,
S15,7/22/2015,Guana River,St Johns,N,GR1,GR1,30.01622,-81.32779,1.2192,5.6,0.217714286,Ridge,15,3,N,NA,28,0,NA,30,NA,NA,NA,NA,
S15,7/22/2015,Guana River,St Johns,N,GR1,GR1,30.01622,-81.32779,1.2192,5.6,0.217714286,Ridge,15,4,N,NA,26,0,NA,36,NA,NA,NA,NA,
S15,7/22/2015,Guana River,St Johns,N,GR1,GR1,30.01622,-81.32779,1.2192,5.6,0.217714286,Ridge,15,12,Y,S15GR1R12,15,0,NA,38,NA,NA,NA,NA,
S15,7/22/2015,Guana River,St Johns,N,GR1,GR1,30.01622,-81.32779,1.2192,5.6,0.217714286,Ridge,15,14,Y,S15GR1R14,21,0,NA,44,NA,NA,NA,NA,
S15,7/22/2015,Guana River,St Johns,N,GR1,GR1,30.01622,-81.32779,1.2192,5.6,0.217714286,Ridge,15,15,Y,S15GR1R15,45,0,NA,44,NA,NA,NA,NA,
S15,7/22/2015,Guana River,St Johns,N,GR2,GR2,30.00999,-81.32391,1.3208,4.65,0.284043011,Ridge,30,5,N,NA,26,0,NA,25,NA,NA,NA,NA,
S15,7/22/2015,Guana River,St Johns,N,GR2,GR2,30.00999,-81.32391,1.3208,4.65,0.284043011,Ridge,30,12,N,NA,16,0,NA,11,NA,NA,NA,NA,
S15,7/22/2015,Guana River,St Johns,N,GR2,GR2,30.00999,-81.32391,1.3208,4.65,0.284043011,Ridge,30,17,N,NA,8,0,NA,7,NA,NA,NA,NA,
S15,7/22/2015,Guana River,St Johns,N,GR2,GR2,30.00999,-81.32391,1.3208,4.65,0.284043011,Ridge,30,18,Y,S15GR2R18,4,0,NA,12,NA,NA,NA,NA,
S15,7/22/2015,Guana River,St Johns,N,GR2,GR2,30.00999,-81.32391,1.3208,4.65,0.284043011,Ridge,30,19,Y,S15GR2R19,3,0,NA,17,NA,NA,NA,NA,
S15,7/22/2015,Guana River,St Johns,N,GR2,GR2,30.00999,-81.32391,1.3208,4.65,0.284043011,Ridge,30,23,Y,S15GR2R23,9,0,NA,25,NA,NA,NA,NA,
S15,7/22/2015,Guana River,St Johns,N,GR5,GR5,30.014183,-81.326075,1.4224,6.1,0.233180328,Ridge,30,6,N,NA,18,0,NA,15,NA,NA,NA,NA,
S15,7/22/2015,Guana River,St Johns,N,GR5,GR5,30.014183,-81.326075,1.4224,6.1,0.233180328,Ridge,30,8,Y,S15GR5R8,9,0,NA,21,NA,NA,NA,NA,
S15,7/22/2015,Guana River,St Johns,N,GR5,GR5,30.014183,-81.326075,1.4224,6.1,0.233180328,Ridge,30,15,N,NA,10,0,NA,11,NA,NA,NA,NA,
S15,7/22/2015,Guana River,St Johns,N,GR5,GR5,30.014183,-81.326075,1.4224,6.1,0.233180328,Ridge,30,22,Y,S15GR5R22,8,0,NA,20,NA,NA,NA,NA,
S15,7/22/2015,Guana River,St Johns,N,GR5,GR5,30.014183,-81.326075,1.4224,6.1,0.233180328,Ridge,30,24,Y,S15GR5R24,9,0,NA,19,NA,NA,NA,NA,
S15,7/22/2015,Guana River,St Johns,N,GR5,GR5,30.014183,-81.326075,1.4224,6.1,0.233180328,Ridge,30,29,N,NA,19,0,NA,21,NA,NA,NA,NA,
S15,7/23/2015,Guana River,St Johns,N,GR4,GR4,30.0183,-81.326731,0.7112,4.7,0.151319149,Ridge,10,2,N,NA,11,0,NA,25,NA,NA,NA,NA,
S15,7/23/2015,Guana River,St Johns,N,GR4,GR4,30.0183,-81.326731,0.7112,4.7,0.151319149,Ridge,10,3,Y,S15GR4R3,12,0,NA,22,NA,NA,NA,NA,
S15,7/23/2015,Guana River,St Johns,N,GR4,GR4,30.0183,-81.326731,0.7112,4.7,0.151319149,Ridge,10,4,N,NA,10,0,NA,16,NA,NA,NA,NA,
S15,7/23/2015,Guana River,St Johns,N,GR4,GR4,30.0183,-81.326731,0.7112,4.7,0.151319149,Ridge,10,5,Y,S15GR4R5,6,0,NA,7,NA,NA,NA,NA,
S15,7/23/2015,Guana River,St Johns,N,GR4,GR4,30.0183,-81.326731,0.7112,4.7,0.151319149,Ridge,10,8,Y,S15GR4R8,9,0,NA,8,NA,NA,NA,NA,
S15,7/23/2015,Guana River,St Johns,N,GR4,GR4,30.0183,-81.326731,0.7112,4.7,0.151319149,Ridge,10,9,N,NA,10,0,NA,9,NA,NA,NA,NA,
S15,7/23/2015,Guana River,St Johns,N,GR6,GR6,30.002381,-81.326086,0.8128,4,0.2032,Ridge,10,1,N,NA,14,0,NA,41,NA,NA,NA,NA,
S15,7/23/2015,Guana River,St Johns,N,GR6,GR6,30.002381,-81.326086,0.8128,4,0.2032,Ridge,10,3,Y,S15GR6R3,15,0,NA,33,NA,NA,NA,NA,
S15,7/23/2015,Guana River,St Johns,N,GR6,GR6,30.002381,-81.326086,0.8128,4,0.2032,Ridge,10,4,Y,S15GR6R4,14,0,NA,26,NA,NA,NA,NA,
S15,7/23/2015,Guana River,St Johns,N,GR6,GR6,30.002381,-81.326086,0.8128,4,0.2032,Ridge,10,6,Y,S15GR6R6,11,0,NA,19,NA,NA,NA,NA,
S15,7/23/2015,Guana River,St Johns,N,GR6,GR6,30.002381,-81.326086,0.8128,4,0.2032,Ridge,10,7,N,NA,9,0,NA,24,NA,NA,NA,NA,
S15,7/23/2015,Guana River,St Johns,N,GR6,GR6,30.002381,-81.326086,0.8128,4,0.2032,Ridge,10,8,N,NA,7,0,NA,19,NA,NA,NA,NA,
S15,8/4/2015,Tolomato River,St Johns,Y,TR3,TR3,29.997772,-81.337664,0.5842,3.5,0.166914286,Ridge,12,1,N,NA,12,0,NA,22,NA,NA,NA,NA,
S15,8/4/2015,Tolomato River,St Johns,Y,TR3,TR3,29.997772,-81.337664,0.5842,3.5,0.166914286,Ridge,12,2,N,NA,10,0,NA,9,NA,NA,NA,NA,
S15,8/4/2015,Tolomato River,St Johns,Y,TR3,TR3,29.997772,-81.337664,0.5842,3.5,0.166914286,Ridge,12,3,N,NA,5,0,NA,6,NA,NA,NA,NA,
S15,8/4/2015,Tolomato River,St Johns,Y,TR3,TR3,29.997772,-81.337664,0.5842,3.5,0.166914286,Ridge,12,4,Y,S15TR3R4,6,0,NA,10,NA,NA,NA,NA,
S15,8/4/2015,Tolomato River,St Johns,Y,TR3,TR3,29.997772,-81.337664,0.5842,3.5,0.166914286,Ridge,12,5,Y,S15TR3R5,8,0,NA,12,NA,NA,NA,NA,
S15,8/4/2015,Tolomato River,St Johns,Y,TR3,TR3,29.997772,-81.337664,0.5842,3.5,0.166914286,Ridge,12,7,Y,S15TR3R7,8,0,NA,10,NA,NA,NA,NA,
S15,8/5/2015,Pellicer Flats,Flagler,N,PF4,PF4,29.659032,-81.226106,0.4191,3.98,0.105301508,Ridge,52,1,Y,S15PF4R1,0,4,NA,4,NA,NA,NA,NA,
S15,8/5/2015,Pellicer Flats,Flagler,N,PF4,PF4,29.659032,-81.226106,0.4191,3.98,0.105301508,Ridge,52,19,Y,S15PF4R19,0,2,NA,4,NA,NA,NA,NA,
S15,8/5/2015,Pellicer Flats,Flagler,N,PF4,PF4,29.659032,-81.226106,0.4191,3.98,0.105301508,Ridge,52,25,N,NA,0,1,NA,3,NA,NA,NA,NA,
S15,8/5/2015,Pellicer Flats,Flagler,N,PF4,PF4,29.659032,-81.226106,0.4191,3.98,0.105301508,Ridge,52,30,N,NA,0,1,NA,0,NA,NA,NA,NA,
S15,8/5/2015,Pellicer Flats,Flagler,N,PF4,PF4,29.659032,-81.226106,0.4191,3.98,0.105301508,Ridge,52,31,N,NA,0,1,NA,1,NA,NA,NA,NA,
S15,8/5/2015,Pellicer Flats,Flagler,N,PF4,PF4,29.659032,-81.226106,0.4191,3.98,0.105301508,Ridge,52,40,Y,S15PF4R40,0,1,NA,0,NA,NA,NA,NA,
S15,8/5/2015,Pellicer Flats,Flagler,N,PFD,PFD,29.66156,-81.225922,NA,NA,NA,Ridge,28,1,Y,S15PFDR1,20,9,NA,49,NA,NA,NA,NA,
S15,8/5/2015,Pellicer Flats,Flagler,N,PFD,PFD,29.66156,-81.225922,NA,NA,NA,Ridge,28,7,N,NA,21,7,NA,46,NA,NA,NA,NA,
S15,8/5/2015,Pellicer Flats,Flagler,N,PFD,PFD,29.66156,-81.225922,NA,NA,NA,Ridge,28,9,Y,S15PFDR9,19,9,NA,46,NA,NA,NA,NA,
S15,8/5/2015,Pellicer Flats,Flagler,N,PFD,PFD,29.66156,-81.225922,NA,NA,NA,Ridge,28,22,N,NA,17,8,NA,49,NA,NA,NA,NA,
S15,8/5/2015,Pellicer Flats,Flagler,N,PFD,PFD,29.66156,-81.225922,NA,NA,NA,Ridge,28,25,Y,S15PFDR25,17,5,NA,39,NA,NA,NA,NA,
S15,8/5/2015,Pellicer Flats,Flagler,N,PFD,PFD,29.66156,-81.225922,NA,NA,NA,Ridge,28,27,N,NA,16,8,NA,45,NA,NA,NA,NA,
S15,8/6/2015,Fort Matanzas,St Johns,Y,ML,ML,29.672079,-81.215036,0.3556,3.9,0.091179487,Ridge,12,1,N,NA,3,1,NA,4,NA,NA,NA,NA,
S15,8/6/2015,Fort Matanzas,St Johns,Y,ML,ML,29.672079,-81.215036,0.3556,3.9,0.091179487,Ridge,12,5,Y,S15PFMLR5,1,0,NA,4,NA,NA,NA,NA,
S15,8/6/2015,Fort Matanzas,St Johns,Y,ML,ML,29.672079,-81.215036,0.3556,3.9,0.091179487,Ridge,12,6,N,NA,1,0,NA,5,NA,NA,NA,NA,
S15,8/6/2015,Fort Matanzas,St Johns,Y,ML,ML,29.672079,-81.215036,0.3556,3.9,0.091179487,Ridge,12,7,Y,S15PFMLR7,4,1,NA,7,NA,NA,NA,NA,
S15,8/6/2015,Fort Matanzas,St Johns,Y,ML,ML,29.672079,-81.215036,0.3556,3.9,0.091179487,Ridge,12,8,N,NA,3,1,NA,4,NA,NA,NA,NA,
S15,8/6/2015,Fort Matanzas,St Johns,Y,ML,ML,29.672079,-81.215036,0.3556,3.9,0.091179487,Ridge,12,11,Y,S15PFMLR11,3,2,NA,7,NA,NA,NA,NA,
S15,8/6/2015,Pellicer Flats,Flagler,N,PF8,PF8,29.650782,-81.220829,0.381,3.25,0.117230769,Ridge,15,2,Y,S15PF8R2,10,4,NA,24,NA,NA,NA,NA,
S15,8/6/2015,Pellicer Flats,Flagler,N,PF8,PF8,29.650782,-81.220829,0.381,3.25,0.117230769,Ridge,15,4,Y,S15PF8R4,6,2,NA,16,NA,NA,NA,NA,
S15,8/6/2015,Pellicer Flats,Flagler,N,PF8,PF8,29.650782,-81.220829,0.381,3.25,0.117230769,Ridge,15,7,N,NA,6,8,NA,10,NA,NA,NA,NA,
S15,8/6/2015,Pellicer Flats,Flagler,N,PF8,PF8,29.650782,-81.220829,0.381,3.25,0.117230769,Ridge,15,9,N,NA,7,3,NA,10,NA,NA,NA,NA,
S15,8/6/2015,Pellicer Flats,Flagler,N,PF8,PF8,29.650782,-81.220829,0.381,3.25,0.117230769,Ridge,15,10,N,NA,5,1,NA,9,NA,NA,NA,NA,
S15,8/6/2015,Pellicer Flats,Flagler,N,PF8,PF8,29.650782,-81.220829,0.381,3.25,0.117230769,Ridge,15,13,Y,S15PF8R13,5,5,NA,10,NA,NA,NA,NA,
S15,8/6/2015,Pellicer Flats,Flagler,N,PF9,PF9,29.648365,-81.217232,0.5461,4.8,0.113770833,Ridge,28,6,Y,S15PF9R6,0,0,NA,1,NA,NA,NA,NA,
S15,8/6/2015,Pellicer Flats,Flagler,N,PF9,PF9,29.648365,-81.217232,0.5461,4.8,0.113770833,Ridge,28,8,N,NA,0,3,NA,0,NA,NA,NA,NA,
S15,8/6/2015,Pellicer Flats,Flagler,N,PF9,PF9,29.648365,-81.217232,0.5461,4.8,0.113770833,Ridge,28,9,N,NA,0,0,NA,1,NA,NA,NA,NA,
S15,8/6/2015,Pellicer Flats,Flagler,N,PF9,PF9,29.648365,-81.217232,0.5461,4.8,0.113770833,Ridge,28,10,Y,S15PF9R10,0,1,NA,2,NA,NA,NA,NA,
S15,8/6/2015,Pellicer Flats,Flagler,N,PF9,PF9,29.648365,-81.217232,0.5461,4.8,0.113770833,Ridge,28,15,Y,S15PF9R15,1,9,NA,3,NA,NA,NA,NA,
S15,8/6/2015,Pellicer Flats,Flagler,N,PF9,PF9,29.648365,-81.217232,0.5461,4.8,0.113770833,Ridge,28,22,N,NA,2,1,NA,4,NA,NA,NA,NA,
S15,9/9/2015,Tolomato River,St Johns,Y,TR3A,TR3A,29.99698,-81.33707,0.8382,3.5,0.239485714,Ridge,25,4,Y,S15TR3AR4,12,0,NA,17,NA,NA,NA,NA,
S15,9/9/2015,Tolomato River,St Johns,Y,TR3A,TR3A,29.99698,-81.33707,0.8382,3.5,0.239485714,Ridge,25,6,Y,S15TR3AR6,12,0,NA,22,NA,NA,NA,NA,
S15,9/9/2015,Tolomato River,St Johns,Y,TR3A,TR3A,29.99698,-81.33707,0.8382,3.5,0.239485714,Ridge,25,8,Y,S15TR3AR8,6,0,NA,14,NA,NA,NA,NA,
S15,9/9/2015,Tolomato River,St Johns,Y,TR3A,TR3A,29.99698,-81.33707,0.8382,3.5,0.239485714,Ridge,25,11,N,NA,8,0,NA,15,NA,NA,NA,NA,
S15,9/9/2015,Tolomato River,St Johns,Y,TR3A,TR3A,29.99698,-81.33707,0.8382,3.5,0.239485714,Ridge,25,20,N,NA,10,0,NA,17,NA,NA,NA,NA,
S15,9/9/2015,Tolomato River,St Johns,Y,TR3A,TR3A,29.99698,-81.33707,0.8382,3.5,0.239485714,Ridge,25,22,N,NA,10,0,NA,18,NA,NA,NA,NA,
S15,9/9/2015,Tolomato River,St Johns,N,VBNR2,VBNR2,29.930754,-81.318668,0.93345,5.1,0.183029412,Ridge,7,1,N,NA,14,0,NA,26,NA,NA,NA,NA,
S15,9/9/2015,Tolomato River,St Johns,N,VBNR2,VBNR2,29.930754,-81.318668,0.93345,5.1,0.183029412,Ridge,7,2,Y,S15VBNR2R2,15,0,NA,28,NA,NA,NA,NA,
S15,9/9/2015,Tolomato River,St Johns,N,VBNR2,VBNR2,29.930754,-81.318668,0.93345,5.1,0.183029412,Ridge,7,3,N,NA,17,0,NA,26,NA,NA,NA,NA,
S15,9/9/2015,Tolomato River,St Johns,N,VBNR2,VBNR2,29.930754,-81.318668,0.93345,5.1,0.183029412,Ridge,7,4,Y,S15VBNR2R4,13,0,NA,34,NA,NA,NA,NA,
S15,9/9/2015,Tolomato River,St Johns,N,VBNR2,VBNR2,29.930754,-81.318668,0.93345,5.1,0.183029412,Ridge,7,5,Y,S15VBNR2R5,7,0,NA,29,NA,NA,NA,NA,
S15,9/9/2015,Tolomato River,St Johns,N,VBNR2,VBNR2,29.930754,-81.318668,0.93345,5.1,0.183029412,Ridge,7,6,N,NA,17,0,NA,32,NA,NA,NA,NA,
W16,12/10/2015,Guana River,St Johns,N,GR250,GR250,29.98738,-81.32145,1.3208,6.1,0.21652459,Ridge,17,1,Y,W16GR250R1,23,0,0,31,51,NA,18,0,
W16,12/10/2015,Guana River,St Johns,N,GR250,GR250,29.98738,-81.32145,1.3208,6.1,0.21652459,Ridge,17,3,N,NA,34,0,0,49,50,NA,1,0,
W16,12/10/2015,Guana River,St Johns,N,GR250,GR250,29.98738,-81.32145,1.3208,6.1,0.21652459,Ridge,17,11,Y,W16GR250R11,14,0,0,27,73,NA,0,0,
W16,12/10/2015,Guana River,St Johns,N,GR250,GR250,29.98738,-81.32145,1.3208,6.1,0.21652459,Ridge,17,13,N,NA,23,0,0,35,65,NA,0,0,
W16,12/10/2015,Guana River,St Johns,N,GR250,GR250,29.98738,-81.32145,1.3208,6.1,0.21652459,Ridge,17,16,Y,W16GR250R16,15,0,0,26,73,NA,1,0,
W16,12/14/2015,Salt Run,St Johns,N,SR55,SR55,29.869718,-81.274389,0.5461,1.3,0.420076923,Ridge,18,4,N,NA,8,0,0,32,30,NA,38,0,
W16,12/14/2015,Salt Run,St Johns,N,SR55,SR55,29.869718,-81.274389,0.5461,1.3,0.420076923,Ridge,18,5,Y,W16SR55R5,5,0,0,38,56,NA,5,1,1%mussels
W16,12/14/2015,Salt Run,St Johns,N,SR55,SR55,29.869718,-81.274389,0.5461,1.3,0.420076923,Ridge,18,9,Y,W16SR55R9,6,0,0,32,35,NA,33,0,
W16,12/14/2015,Salt Run,St Johns,N,SR55,SR55,29.869718,-81.274389,0.5461,1.3,0.420076923,Ridge,18,11,Y,W16SR55R11,7,0,0,48,49,NA,3,0,
W16,12/14/2015,Salt Run,St Johns,N,SR55,SR55,29.869718,-81.274389,0.5461,1.3,0.420076923,Ridge,18,16,N,NA,7,0,0,36,46,NA,18,0,1%mussels / snail present 
W16,12/14/2015,Salt Run,St Johns,N,SR55,SR55,29.869718,-81.274389,0.5461,1.3,0.420076923,Ridge,18,17,N,NA,5,0,0,20,21,NA,59,0,
W16,12/14/2015,Salt Run,St Johns,N,SR56,SR56,29.872528,-81.275326,0.69215,3.2,0.216296875,Ridge,17,4,N,NA,31,0,0,54,26,NA,20,0,
W16,12/14/2015,Salt Run,St Johns,N,SR56,SR56,29.872528,-81.275326,0.69215,3.2,0.216296875,Ridge,17,5,Y,W16SR56R5,19,0,0,51,30,NA,19,0,
W16,12/14/2015,Salt Run,St Johns,N,SR56,SR56,29.872528,-81.275326,0.69215,3.2,0.216296875,Ridge,17,6,N,NA,23,0,0,51,16,NA,33,0,
W16,12/14/2015,Salt Run,St Johns,N,SR56,SR56,29.872528,-81.275326,0.69215,3.2,0.216296875,Ridge,17,9,Y,W16SR56R9,14,0,0,55,27,NA,18,0,
W16,12/14/2015,Salt Run,St Johns,N,SR56,SR56,29.872528,-81.275326,0.69215,3.2,0.216296875,Ridge,17,14,Y,W16SR56R14,21,0,0,53,36,NA,11,0,
W16,12/14/2015,Salt Run,St Johns,N,SR56,SR56,29.872528,-81.275326,0.69215,3.2,0.216296875,Ridge,17,15,N,NA,20,0,0,51,26,NA,23,0,
W16,12/14/2015,Salt Run,St Johns,N,SR57,SR57,29.872904,-81.275461,0.5588,2.4,0.232833333,Ridge,13,2,N,NA,11,0,0,40,38,NA,22,0,
W16,12/14/2015,Salt Run,St Johns,N,SR57,SR57,29.872904,-81.275461,0.5588,2.4,0.232833333,Ridge,13,6,Y,W16SR57R6,10,0,0,37,44,NA,19,0,
W16,12/14/2015,Salt Run,St Johns,N,SR57,SR57,29.872904,-81.275461,0.5588,2.4,0.232833333,Ridge,13,7,N,NA,13,0,0,51,40,NA,9,0,
W16,12/14/2015,Salt Run,St Johns,N,SR57,SR57,29.872904,-81.275461,0.5588,2.4,0.232833333,Ridge,13,8,Y,W16SR57R8,14,0,0,52,38,NA,10,0,
W16,12/14/2015,Salt Run,St Johns,N,SR57,SR57,29.872904,-81.275461,0.5588,2.4,0.232833333,Ridge,13,10,N,NA,21,0,0,51,36,NA,13,0,
W16,12/14/2015,Salt Run,St Johns,N,SR57,SR57,29.872904,-81.275461,0.5588,2.4,0.232833333,Ridge,13,12,Y,W16SR57R12,15,0,0,44,35,NA,21,0,
W16,12/16/2015,Pellicer Flats,Flagler,N,PF313,PF313,29.63277,-81.21679,0.51435,2.25,0.2286,Ridge,12,1,Y,W16PF313R1,15,13,2,40,55,NA,4,1,1 mussel
W16,12/16/2015,Pellicer Flats,Flagler,N,PF313,PF313,29.63277,-81.21679,0.51435,2.25,0.2286,Ridge,12,7,N,NA,16,10,6,47,53,NA,0,0,
W16,12/16/2015,Pellicer Flats,Flagler,N,PF313,PF313,29.63277,-81.21679,0.51435,2.25,0.2286,Ridge,12,8,Y,W16PF313R8,24,9,5,41,59,NA,0,0,
W16,12/16/2015,Pellicer Flats,Flagler,N,PF313,PF313,29.63277,-81.21679,0.51435,2.25,0.2286,Ridge,12,9,N,NA,25,9,7,44,55,NA,0,0,"missing point, done while tide coming in"
W16,12/16/2015,Pellicer Flats,Flagler,N,PF313,PF313,29.63277,-81.21679,0.51435,2.25,0.2286,Ridge,12,10,N,NA,19,6,3,35,63,NA,1,1,"1 conch, done while tide coming in / partially underwater/ piece of microplastics found "
W16,12/16/2015,Pellicer Flats,Flagler,N,PF313,PF313,29.63277,-81.21679,0.51435,2.25,0.2286,Ridge,12,11,Y,W16PF313R11,20,8,6,39,61,NA,0,0,done while tide coming in/ underwater/ 3 oysters not measured
W16,12/16/2015,Pellicer Flats,Flagler,N,PF323,PF323,29.6298,-81.21443,0.4445,3.4,0.130735294,Ridge,15,3,N,NA,32,10,7,31,64,NA,2,3,"2 conch, 1 mussel"
W16,12/16/2015,Pellicer Flats,Flagler,N,PF323,PF323,29.6298,-81.21443,0.4445,3.4,0.130735294,Ridge,15,5,Y,W16PF323R5,16,12,8,46,54,NA,0,0,
W16,12/16/2015,Pellicer Flats,Flagler,N,PF323,PF323,29.6298,-81.21443,0.4445,3.4,0.130735294,Ridge,15,7,N,NA,21,10,0,38,62,NA,0,0,
W16,12/16/2015,Pellicer Flats,Flagler,N,PF323,PF323,29.6298,-81.21443,0.4445,3.4,0.130735294,Ridge,15,8,Y,W16PF323R8,20,23,7,35,65,NA,0,0,
W16,12/16/2015,Pellicer Flats,Flagler,N,PF323,PF323,29.6298,-81.21443,0.4445,3.4,0.130735294,Ridge,15,11,N,NA,16,7,0,30,69,NA,1,0,
W16,12/16/2015,Pellicer Flats,Flagler,N,PF323,PF323,29.6298,-81.21443,0.4445,3.4,0.130735294,Ridge,15,13,Y,W16PF323R13,21,16,4,30,69,NA,1,0,1 empty shell in conch collection
W16,12/17/2015,Butler Beach,St Johns,N,FM614,FM614,29.76765,-81.26435,0.5334,6.1,0.087442623,Ridge,14,1,Y,W16FM614R1,14,0,0,20,80,NA,0,0,
W16,12/17/2015,Butler Beach,St Johns,N,FM614,FM614,29.76765,-81.26435,0.5334,6.1,0.087442623,Ridge,14,2,N,NA,13,0,0,26,64,NA,10,0,
W16,12/17/2015,Butler Beach,St Johns,N,FM614,FM614,29.76765,-81.26435,0.5334,6.1,0.087442623,Ridge,14,4,N,NA,15,0,0,30,70,NA,0,0,
W16,12/17/2015,Butler Beach,St Johns,N,FM614,FM614,29.76765,-81.26435,0.5334,6.1,0.087442623,Ridge,14,5,Y,W16FM614R5,9,0,0,28,72,NA,0,0,
W16,12/17/2015,Butler Beach,St Johns,N,FM614,FM614,29.76765,-81.26435,0.5334,6.1,0.087442623,Ridge,14,10,Y,W16FM614R10,10,0,0,19,81,NA,0,0,
W16,12/17/2015,Butler Beach,St Johns,N,FM614,FM614,29.76765,-81.26435,0.5334,6.1,0.087442623,Ridge,14,13,N,NA,5,0,0,17,83,NA,0,0,
W16,12/17/2015,Butler Beach,St Johns,N,FM631,FM631,29.76495,-81.26482,0.40005,2.1,0.1905,Ridge,8,1,N,NA,3,0,0,14,56,NA,30,0,
W16,12/17/2015,Butler Beach,St Johns,N,FM631,FM631,29.76495,-81.26482,0.40005,2.1,0.1905,Ridge,8,2,N,NA,8,0,0,24,20,NA,56,0,
W16,12/17/2015,Butler Beach,St Johns,N,FM631,FM631,29.76495,-81.26482,0.40005,2.1,0.1905,Ridge,8,3,Y,W16FM631R3,7,0,0,28,16,NA,56,0,
W16,12/17/2015,Butler Beach,St Johns,N,FM631,FM631,29.76495,-81.26482,0.40005,2.1,0.1905,Ridge,8,4,N,NA,NA,0,0,NA,NA,NA,NA,NA,tide came in / underwater /full of muck from walking around
W16,12/17/2015,Butler Beach,St Johns,N,FM631,FM631,29.76495,-81.26482,0.40005,2.1,0.1905,Ridge,8,5,Y,W16FM631R5,7,0,0,7,81,NA,12,0,
W16,12/17/2015,Butler Beach,St Johns,N,FM631,FM631,29.76495,-81.26482,0.40005,2.1,0.1905,Ridge,8,6,Y,W16FM631R6,16,0,0,16,67,NA,17,0,
W16,12/21/2015,Guana River,St Johns,N,GR80,GR80,30.01387,-81.32598,0.7493,4.75,0.157747368,Ridge,10,2,Y,W16GR80R2,21,0,0,34,39,NA,27,0,
W16,12/21/2015,Guana River,St Johns,N,GR80,GR80,30.01387,-81.32598,0.7493,4.75,0.157747368,Ridge,10,3,N,NA,19,0,0,33,43,NA,23,1,1%mussels
W16,12/21/2015,Guana River,St Johns,N,GR80,GR80,30.01387,-81.32598,0.7493,4.75,0.157747368,Ridge,10,5,Y,W16GR80R5,21,0,0,45,46,NA,6,3,3% mussels
W16,12/21/2015,Guana River,St Johns,N,GR80,GR80,30.01387,-81.32598,0.7493,4.75,0.157747368,Ridge,10,6,Y,W16GR80R6,20,0,0,34,35,NA,31,0,
W16,12/21/2015,Guana River,St Johns,N,GR80,GR80,30.01387,-81.32598,0.7493,4.75,0.157747368,Ridge,10,8,N,NA,18,0,0,24,37,NA,38,1,1%mussels
W16,12/21/2015,Guana River,St Johns,N,GR80,GR80,30.01387,-81.32598,0.7493,4.75,0.157747368,Ridge,10,9,N,NA,20,0,0,24,46,NA,30,0,
W16,12/21/2015,Guana River,St Johns,N,GR89,GR89,29.99396,-81.32123,0.7874,5.2,0.151423077,Ridge,27,3,N,NA,29,0,0,21,65,NA,14,0,
W16,12/21/2015,Guana River,St Johns,N,GR89,GR89,29.99396,-81.32123,0.7874,5.2,0.151423077,Ridge,27,7,N,NA,19,0,0,25,56,NA,19,0,
W16,12/21/2015,Guana River,St Johns,N,GR89,GR89,29.99396,-81.32123,0.7874,5.2,0.151423077,Ridge,27,12,Y,W16GR89R12,25,0,0,38,59,NA,2,1,1 mussel
W16,12/21/2015,Guana River,St Johns,N,GR89,GR89,29.99396,-81.32123,0.7874,5.2,0.151423077,Ridge,27,18,Y,W16GR89R18,22,0,0,32,62,NA,6,0,
W16,12/21/2015,Guana River,St Johns,N,GR89,GR89,29.99396,-81.32123,0.7874,5.2,0.151423077,Ridge,27,19,N,NA,26,0,0,25,67,NA,8,0,
W16,12/21/2015,Guana River,St Johns,N,GR89,GR89,29.99396,-81.32123,0.7874,5.2,0.151423077,Ridge,27,26,Y,W16GR89R26,27,0,0,31,63,NA,6,0,
W16,1/13/2016,Pellicer Flats,Flagler,N,PF415,PF415,29.6199,-81.21452,0.5207,3.2,0.16271875,Ridge,13,2,N,NA,29,1,0,46,41,NA,13,0,
W16,1/13/2016,Pellicer Flats,Flagler,N,PF415,PF415,29.6199,-81.21452,0.5207,3.2,0.16271875,Ridge,13,4,Y,W16PF415R4,33,6,1,64,33,NA,2,1,1%conch
W16,1/13/2016,Pellicer Flats,Flagler,N,PF415,PF415,29.6199,-81.21452,0.5207,3.2,0.16271875,Ridge,13,6,Y,W16PF415R6,12,4,1,39,52,NA,9,0,
W16,1/13/2016,Pellicer Flats,Flagler,N,PF415,PF415,29.6199,-81.21452,0.5207,3.2,0.16271875,Ridge,13,9,N,NA,16,0,0,40,49,NA,11,0,
W16,1/13/2016,Pellicer Flats,Flagler,N,PF415,PF415,29.6199,-81.21452,0.5207,3.2,0.16271875,Ridge,13,11,N,NA,10,0,0,30,63,NA,7,0,
W16,1/13/2016,Pellicer Flats,Flagler,N,PF415,PF415,29.6199,-81.21452,0.5207,3.2,0.16271875,Ridge,13,12,Y,W16PF415R12,22,1,0,46,51,NA,2,1,1%conch
W16,1/14/2016,Pellicer Flats,Flagler,N,PF727,PF727,29.65467,-81.22103,0.3429,4.1,0.083634146,Ridge,25,1,Y,W16PF727R1,21,9,2,54,46,NA,0,0,
W16,1/14/2016,Pellicer Flats,Flagler,N,PF727,PF727,29.65467,-81.22103,0.3429,4.1,0.083634146,Ridge,25,5,N,NA,18,3,2,39,60,NA,1,0,
W16,1/14/2016,Pellicer Flats,Flagler,N,PF727,PF727,29.65467,-81.22103,0.3429,4.1,0.083634146,Ridge,25,6,N,NA,20,1,0,36,63,NA,1,0,
W16,1/14/2016,Pellicer Flats,Flagler,N,PF727,PF727,29.65467,-81.22103,0.3429,4.1,0.083634146,Ridge,25,12,Y,W16PF727R12,17,6,0,18,81,NA,1,0,
W16,1/14/2016,Pellicer Flats,Flagler,N,PF727,PF727,29.65467,-81.22103,0.3429,4.1,0.083634146,Ridge,25,19,Y,W16PF727R19,19,11,3,32,66,NA,2,0,
W16,1/14/2016,Pellicer Flats,Flagler,N,PF727,PF727,29.65467,-81.22103,0.3429,4.1,0.083634146,Ridge,25,23,N,NA,30,7,0,39,61,NA,0,0,
W16,1/14/2016,Pellicer Flats,Flagler,N,PF728,PF728,29.65463,-81.22075,0.45085,11,0.040986364,Ridge,19,1,Y,W16PF728R1,28,9,3,37,63,NA,0,0,
W16,1/14/2016,Pellicer Flats,Flagler,N,PF728,PF728,29.65463,-81.22075,0.45085,11,0.040986364,Ridge,19,3,Y,W16PF728R3,19,3,1,49,42,NA,9,0,
W16,1/14/2016,Pellicer Flats,Flagler,N,PF728,PF728,29.65463,-81.22075,0.45085,11,0.040986364,Ridge,19,4,N,NA,23,8,3,49,49,NA,2,0,
W16,1/14/2016,Pellicer Flats,Flagler,N,PF728,PF728,29.65463,-81.22075,0.45085,11,0.040986364,Ridge,19,5,N,NA,15,9,3,46,54,NA,0,0,
W16,1/14/2016,Pellicer Flats,Flagler,N,PF728,PF728,29.65463,-81.22075,0.45085,11,0.040986364,Ridge,19,10,Y,W16PF728R10,15,4,2,28,72,NA,0,0,
W16,1/14/2016,Pellicer Flats,Flagler,N,PF728,PF728,29.65463,-81.22075,0.45085,11,0.040986364,Ridge,19,17,N,NA,20,6,1,58,42,NA,0,0,
W16,1/19/2016,Salt Run,St Johns,Y,SR30,SR30,29.881119,-81.276622,0.4064,3.4,0.119529412,Ridge,21,1,N,NA,13,0,0,27,55,NA,18,0,
W16,1/19/2016,Salt Run,St Johns,Y,SR30,SR30,29.881119,-81.276622,0.4064,3.4,0.119529412,Ridge,21,2,N,NA,9,0,0,35,55,NA,10,0,
W16,1/19/2016,Salt Run,St Johns,Y,SR30,SR30,29.881119,-81.276622,0.4064,3.4,0.119529412,Ridge,21,8,Y,W16SR30R8,6,0,0,35,42,NA,23,0,
W16,1/19/2016,Salt Run,St Johns,Y,SR30,SR30,29.881119,-81.276622,0.4064,3.4,0.119529412,Ridge,21,10,Y,W16SR30R10,6,0,0,22,51,NA,27,0,
W16,1/19/2016,Salt Run,St Johns,Y,SR30,SR30,29.881119,-81.276622,0.4064,3.4,0.119529412,Ridge,21,13,Y,W16SR30R13,13,0,0,24,48,NA,28,0,
W16,1/19/2016,Salt Run,St Johns,Y,SR30,SR30,29.881119,-81.276622,0.4064,3.4,0.119529412,Ridge,21,18,N,NA,8,0,0,29,55,NA,16,0,
W16,1/19/2016,Salt Run,St Johns,Y,SR37,SR37,29.879878,-81.276147,0.4572,6.75,0.067733333,Ridge,10,1,Y,W16SR37R1,2,0,0,29,63,NA,8,0,
W16,1/19/2016,Salt Run,St Johns,Y,SR37,SR37,29.879878,-81.276147,0.4572,6.75,0.067733333,Ridge,10,3,N,NA,8,0,0,15,49,NA,36,0,
W16,1/19/2016,Salt Run,St Johns,Y,SR37,SR37,29.879878,-81.276147,0.4572,6.75,0.067733333,Ridge,10,5,N,NA,5,0,0,18,63,NA,18,1,1% Whelk shell
W16,1/19/2016,Salt Run,St Johns,Y,SR37,SR37,29.879878,-81.276147,0.4572,6.75,0.067733333,Ridge,10,7,Y,W16SR37R7,6,0,0,19,54,NA,27,0,
W16,1/19/2016,Salt Run,St Johns,Y,SR37,SR37,29.879878,-81.276147,0.4572,6.75,0.067733333,Ridge,10,8,N,NA,7,0,0,20,55,NA,25,0,
W16,1/19/2016,Salt Run,St Johns,Y,SR37,SR37,29.879878,-81.276147,0.4572,6.75,0.067733333,Ridge,10,9,Y,W16SR37R9,7,0,0,30,64,NA,6,0,
W16,1/24/2016,Tolomato River,St Johns,Y,TR78,TR78,30.00074,-81.3436,0.635,3.45,0.184057971,Ridge,22,5,Y,W16TR78R5,39,0,0,50,50,NA,0,0,
W16,1/24/2016,Tolomato River,St Johns,Y,TR78,TR78,30.00074,-81.3436,0.635,3.45,0.184057971,Ridge,22,6,Y,W16TR78R6,13,0,0,25,74,NA,1,0,
W16,1/24/2016,Tolomato River,St Johns,Y,TR78,TR78,30.00074,-81.3436,0.635,3.45,0.184057971,Ridge,22,14,Y,W16TR45R14,6,0,0,11,84,NA,5,0,
W16,2/2/2016,Salt Run,St Johns,Y,SR66,SR66,29.87959,-81.28059,0.3429,8.3,0.041313253,Ridge,25,1,N,NA,7,0,0,18,35,NA,47,0,
W16,2/2/2016,Salt Run,St Johns,Y,SR66,SR66,29.87959,-81.28059,0.3429,8.3,0.041313253,Ridge,25,6,Y,W16SR66R6,12,0,0,23,49,NA,28,0,
W16,2/2/2016,Salt Run,St Johns,Y,SR66,SR66,29.87959,-81.28059,0.3429,8.3,0.041313253,Ridge,25,8,N,NA,9,0,0,15,33,NA,52,0,
W16,2/2/2016,Salt Run,St Johns,Y,SR66,SR66,29.87959,-81.28059,0.3429,8.3,0.041313253,Ridge,25,11,Y,W16SR66R11,13,0,0,15,35,NA,50,0,
W16,2/2/2016,Salt Run,St Johns,Y,SR66,SR66,29.87959,-81.28059,0.3429,8.3,0.041313253,Ridge,25,22,N,NA,14,0,0,16,31,NA,52,1,1% Mussel
W16,2/2/2016,Salt Run,St Johns,Y,SR66,SR66,29.87959,-81.28059,0.3429,8.3,0.041313253,Ridge,25,24,Y,W16SR66R24,6,0,0,13,42,NA,45,0,
W16,2/15/2016,Fort Matanzas,St Johns,Y,FM40,FM40,29.75068,-81.25616,0.61087,7.1,0.086038028,Ridge,44,1,Y,W16FM40R1,6,0,0,35,65,NA,0,0,
W16,2/15/2016,Fort Matanzas,St Johns,Y,FM40,FM40,29.75068,-81.25616,0.61087,7.1,0.086038028,Ridge,44,37,Y,W16FM40R37,17,0,0,37,63,NA,0,0,
W16,2/15/2016,Fort Matanzas,St Johns,Y,FM40,FM40,29.75068,-81.25616,0.61087,7.1,0.086038028,Ridge,44,43,Y,W16FM40R43,8,0,0,37,63,NA,0,0,
W16,2/15/2016,Fort Matanzas,St Johns,Y,FM79,FM79,29.74726,-81.253,0.635,8,0.079375,Ridge,22,4,Y,W16FM79R4,18,0,0,28,72,NA,0,0,
W16,2/15/2016,Fort Matanzas,St Johns,Y,FM79,FM79,29.74726,-81.253,0.635,8,0.079375,Ridge,22,9,Y,W16FM79R9,19,0,0,39,60,NA,1,0,
W16,2/15/2016,Fort Matanzas,St Johns,Y,FM79,FM79,29.74726,-81.253,0.635,8,0.079375,Ridge,22,18,Y,W16FM79R18,7,0,0,35,65,NA,0,0,
W16,2/16/2016,Fort Matanzas,St Johns,Y,FM32,FM32,29.74802,-81.2558,0.62865,4.7,0.133755319,Ridge,17,1,Y,W16FM32R1,14,0,0,30,67,NA,3,0,
W16,2/16/2016,Fort Matanzas,St Johns,Y,FM32,FM32,29.74802,-81.2558,0.62865,4.7,0.133755319,Ridge,17,11,Y,W16FM32R11,9,0,0,22,73,NA,5,0,
W16,2/16/2016,Fort Matanzas,St Johns,Y,FM32,FM32,29.74802,-81.2558,0.62865,4.7,0.133755319,Ridge,17,16,Y,W16FM32R16,14,0,0,33,59,NA,8,0,
W16,2/16/2016,Fort Matanzas,St Johns,Y,FM77,FM77,29.75521,-81.25562,0.7493,16.75,0.044734328,Ridge,45,1,Y,W16FM77R1,7,0,0,34,65,NA,1,0,
W16,2/16/2016,Fort Matanzas,St Johns,Y,FM77,FM77,29.75521,-81.25562,0.7493,16.75,0.044734328,Ridge,45,4,Y,W16FM77R4,15,0,0,35,63,NA,2,0,
W16,2/16/2016,Fort Matanzas,St Johns,Y,FM77,FM77,29.75521,-81.25562,0.7493,16.75,0.044734328,Ridge,45,21,Y,W16FM77R21,10,0,0,20,77,NA,3,0,
W16,2/17/2016,Guana River,St Johns,N,GR10,GR10,30.01891,-81.32864,0.83185,2.95,0.281983051,Ridge,21,4,Y,W16GR10R4,18,0,0,56,36,NA,8,0,
W16,2/17/2016,Guana River,St Johns,N,GR10,GR10,30.01891,-81.32864,0.83185,2.95,0.281983051,Ridge,21,6,Y,W16GR10R6,14,0,0,49,39,NA,11,1,1% Mussel
W16,2/17/2016,Guana River,St Johns,N,GR10,GR10,30.01891,-81.32864,0.83185,2.95,0.281983051,Ridge,21,13,N,NA,16,0,0,45,51,NA,4,0,
W16,2/17/2016,Guana River,St Johns,N,GR10,GR10,30.01891,-81.32864,0.83185,2.95,0.281983051,Ridge,21,14,N,NA,10,0,0,28,41,NA,31,0,
W16,2/17/2016,Guana River,St Johns,N,GR10,GR10,30.01891,-81.32864,0.83185,2.95,0.281983051,Ridge,21,19,Y,W16GR10R19,17,0,0,53,46,NA,1,0,
W16,2/17/2016,Guana River,St Johns,N,GR10,GR10,30.01891,-81.32864,0.83185,2.95,0.281983051,Ridge,21,20,N,NA,13,0,0,51,48,NA,0,1,1% Mussel
W16,2/17/2016,Guana River,St Johns,N,GR11,GR11,30.01845,-81.32863,0.889,4.6,0.19326087,Ridge,15,2,Y,W16GR11R2,6,0,0,39,50,NA,11,0,
W16,2/17/2016,Guana River,St Johns,N,GR11,GR11,30.01845,-81.32863,0.889,4.6,0.19326087,Ridge,15,6,N,NA,13,0,0,52,39,NA,5,4,4% Mussel
W16,2/17/2016,Guana River,St Johns,N,GR11,GR11,30.01845,-81.32863,0.889,4.6,0.19326087,Ridge,15,7,N,NA,17,0,0,53,43,NA,4,0,
W16,2/17/2016,Guana River,St Johns,N,GR11,GR11,30.01845,-81.32863,0.889,4.6,0.19326087,Ridge,15,8,Y,W16GR11R8,11,0,0,45,43,NA,12,0,
W16,2/17/2016,Guana River,St Johns,N,GR11,GR11,30.01845,-81.32863,0.889,4.6,0.19326087,Ridge,15,9,Y,W16GR11R9,14,0,0,41,43,NA,16,0,
W16,2/17/2016,Guana River,St Johns,N,GR11,GR11,30.01845,-81.32863,0.889,4.6,0.19326087,Ridge,15,13,N,NA,14,0,0,48,40,NA,12,0,
W16,2/17/2016,Guana River,St Johns,N,GR70,GR70,30.006422,-81.325442,0.8255,10.5,0.078619048,Ridge,11,1,N,NA,15,0,0,31,44,NA,25,0,"Transect length not recorded in field, estimated using GoogleEarth"
W16,2/17/2016,Guana River,St Johns,N,GR70,GR70,30.006422,-81.325442,0.8255,10.5,0.078619048,Ridge,11,3,Y,W16GR70R3,14,0,0,40,57,NA,2,1,"1% Mussel; Transect length not recorded in field, estimated using GoogleEarth"
W16,2/17/2016,Guana River,St Johns,N,GR70,GR70,30.006422,-81.325442,0.8255,10.5,0.078619048,Ridge,11,4,Y,W16GR70R4,16,0,0,38,57,NA,5,0,"Transect length not recorded in field, estimated using GoogleEarth"
W16,2/17/2016,Guana River,St Johns,N,GR70,GR70,30.006422,-81.325442,0.8255,10.5,0.078619048,Ridge,11,8,N,NA,12,0,0,42,54,NA,4,0,"Transect length not recorded in field, estimated using GoogleEarth"
W16,2/17/2016,Guana River,St Johns,N,GR70,GR70,30.006422,-81.325442,0.8255,10.5,0.078619048,Ridge,11,9,Y,W16GR70R9,12,0,0,33,65,NA,2,0,"Transect length not recorded in field, estimated using GoogleEarth"
W16,2/17/2016,Guana River,St Johns,N,GR70,GR70,30.006422,-81.325442,0.8255,10.5,0.078619048,Ridge,11,10,N,NA,15,0,0,45,49,NA,6,0,"Transect length not recorded in field, estimated using GoogleEarth"
W16,2/19/2016,Butler Beach,St Johns,N,FM24,FM24,29.7686,-81.26239,0.61087,10.4,0.0587375,Ridge,33,5,Y,W16FM24R5,26,0,0,36,64,NA,0,0,
W16,2/19/2016,Butler Beach,St Johns,N,FM24,FM24,29.7686,-81.26239,0.61087,10.4,0.0587375,Ridge,33,26,Y,W16FM24R26,32,0,0,36,64,NA,0,0,
W16,2/19/2016,Butler Beach,St Johns,N,FM24,FM24,29.7686,-81.26239,0.61087,10.4,0.0587375,Ridge,33,32,Y,W16FM24R32,29,0,0,46,54,NA,0,0,
W16,2/19/2016,St Augustine,St Johns,N,SA155,SA155,29.86045,-81.31219,0.69215,2.3,0.300934783,Ridge,8,2,N,NA,15,0,0,58,29,NA,13,0,
W16,2/19/2016,St Augustine,St Johns,N,SA155,SA155,29.86045,-81.31219,0.69215,2.3,0.300934783,Ridge,8,3,N,NA,14,0,0,48,32,NA,20,0,
W16,2/19/2016,St Augustine,St Johns,N,SA155,SA155,29.86045,-81.31219,0.69215,2.3,0.300934783,Ridge,8,4,Y,W16SA155R4,15,0,0,44,47,NA,8,1,1% clam
W16,2/19/2016,St Augustine,St Johns,N,SA155,SA155,29.86045,-81.31219,0.69215,2.3,0.300934783,Ridge,8,5,Y,W16SA155R5,18,0,0,50,40,NA,10,0,
W16,2/19/2016,St Augustine,St Johns,N,SA155,SA155,29.86045,-81.31219,0.69215,2.3,0.300934783,Ridge,8,6,Y,W16SA155R6,20,0,0,38,59,NA,2,1,1% Whelk shell
W16,2/19/2016,St Augustine,St Johns,N,SA155,SA155,29.86045,-81.31219,0.69215,2.3,0.300934783,Ridge,8,7,N,NA,11,0,0,28,52,NA,20,0,
W16,2/19/2016,St Augustine,St Johns,N,SA89,SA89,29.85185,-81.31137,0.8128,2.6,0.312615385,Ridge,20,3,Y,W16SA89R3,11,0,0,24,9,NA,67,0,
W16,2/19/2016,St Augustine,St Johns,N,SA89,SA89,29.85185,-81.31137,0.8128,2.6,0.312615385,Ridge,20,5,N,NA,17,0,0,28,11,NA,61,0,
W16,2/19/2016,St Augustine,St Johns,N,SA89,SA89,29.85185,-81.31137,0.8128,2.6,0.312615385,Ridge,20,8,Y,W16SA89R8,13,0,0,23,7,NA,70,0,
W16,2/19/2016,St Augustine,St Johns,N,SA89,SA89,29.85185,-81.31137,0.8128,2.6,0.312615385,Ridge,20,13,N,NA,9,0,0,18,6,NA,76,0,
W16,2/19/2016,St Augustine,St Johns,N,SA89,SA89,29.85185,-81.31137,0.8128,2.6,0.312615385,Ridge,20,14,N,NA,8,0,0,13,6,NA,81,0,
W16,2/19/2016,St Augustine,St Johns,N,SA89,SA89,29.85185,-81.31137,0.8128,2.6,0.312615385,Ridge,20,16,Y,W16SA89R16,5,0,0,16,1,NA,83,0,Spartina in quadrant
W16,2/20/2016,Butler Beach,St Johns,N,FM23,FM23,29.76645,-81.26123,0.889,5.95,0.149411765,Ridge,19,12,Y,W16FM23R12,21,0,0,45,55,NA,0,0,
W16,2/20/2016,Butler Beach,St Johns,N,FM23,FM23,29.76645,-81.26123,0.889,5.95,0.149411765,Ridge,19,15,Y,W16FM23R15,17,0,0,42,58,NA,0,0,
W16,2/20/2016,Butler Beach,St Johns,N,FM23,FM23,29.76645,-81.26123,0.889,5.95,0.149411765,Ridge,19,17,Y,W16FM23R17,23,0,0,52,48,NA,0,0,
W16,2/29/2016,Tolomato River,St Johns,N,TR209,TR209,30.05194,-81.36184,0.5715,5.6,0.102053571,Ridge,11,2,Y,W16TR209R2,15,0,0,35,61,NA,4,0,
W16,2/29/2016,Tolomato River,St Johns,N,TR209,TR209,30.05194,-81.36184,0.5715,5.6,0.102053571,Ridge,11,3,Y,W16TR209R3,15,0,0,28,40,NA,32,0,
W16,2/29/2016,Tolomato River,St Johns,N,TR209,TR209,30.05194,-81.36184,0.5715,5.6,0.102053571,Ridge,11,6,N,NA,9,0,0,32,42,NA,26,0,
W16,2/29/2016,Tolomato River,St Johns,N,TR209,TR209,30.05194,-81.36184,0.5715,5.6,0.102053571,Ridge,11,7,Y,W16TR209R7,9,0,0,35,40,NA,25,0,
W16,2/29/2016,Tolomato River,St Johns,N,TR209,TR209,30.05194,-81.36184,0.5715,5.6,0.102053571,Ridge,11,8,N,NA,10,0,0,40,41,NA,19,0,
W16,2/29/2016,Tolomato River,St Johns,N,TR209,TR209,30.05194,-81.36184,0.5715,5.6,0.102053571,Ridge,11,10,N,NA,10,0,0,38,52,NA,10,0,
W16,2/29/2016,Tolomato River,St Johns,N,TR220,TR220,30.05577,-81.3602,1.0033,5.6,0.179160714,Ridge,13,4,N,NA,7,0,0,30,49,NA,21,0,
W16,2/29/2016,Tolomato River,St Johns,N,TR220,TR220,30.05577,-81.3602,1.0033,5.6,0.179160714,Ridge,13,5,N,NA,14,0,0,37,60,NA,3,0,
W16,2/29/2016,Tolomato River,St Johns,N,TR220,TR220,30.05577,-81.3602,1.0033,5.6,0.179160714,Ridge,13,7,Y,W16TR220R7,15,0,0,38,45,NA,17,0,
W16,2/29/2016,Tolomato River,St Johns,N,TR220,TR220,30.05577,-81.3602,1.0033,5.6,0.179160714,Ridge,13,9,Y,W16TR220R9,19,0,0,49,36,NA,15,0,
W16,2/29/2016,Tolomato River,St Johns,N,TR220,TR220,30.05577,-81.3602,1.0033,5.6,0.179160714,Ridge,13,10,Y,W16TR220R10,14,0,0,40,45,NA,15,0,
W16,2/29/2016,Tolomato River,St Johns,N,TR220,TR220,30.05577,-81.3602,1.0033,5.6,0.179160714,Ridge,13,11,N,NA,15,0,0,41,48,NA,11,0,
W16,2/29/2016,Tolomato River,St Johns,N,TR307A,TR307A,29.9257,-81.31893,1.2065,3.4,0.354852941,Ridge,10,1,Y,W16TR307AR1,30,0,0,46,44,NA,10,0,
W16,2/29/2016,Tolomato River,St Johns,N,TR307A,TR307A,29.9257,-81.31893,1.2065,3.4,0.354852941,Ridge,10,2,Y,W16TR307AR2,36,0,0,55,22,NA,22,1,1 Mussel
W16,2/29/2016,Tolomato River,St Johns,N,TR307A,TR307A,29.9257,-81.31893,1.2065,3.4,0.354852941,Ridge,10,5,N,NA,31,0,0,63,22,NA,15,0,
W16,2/29/2016,Tolomato River,St Johns,N,TR307A,TR307A,29.9257,-81.31893,1.2065,3.4,0.354852941,Ridge,10,6,Y,W16TR307AR6,27,0,0,60,26,NA,14,0,
W16,2/29/2016,Tolomato River,St Johns,N,TR307A,TR307A,29.9257,-81.31893,1.2065,3.4,0.354852941,Ridge,10,7,N,NA,29,0,0,48,32,NA,20,0,
W16,2/29/2016,Tolomato River,St Johns,N,TR307A,TR307A,29.9257,-81.31893,1.2065,3.4,0.354852941,Ridge,10,8,N,NA,19,0,0,36,25,NA,38,1,1 Mussel
W16,2/29/2016,Tolomato River,St Johns,N,TR308,TR308,29.92614,-81.31913,1.1684,3,0.389466667,Ridge,9,1,N,NA,15,0,0,35,57,NA,8,0,
W16,2/29/2016,Tolomato River,St Johns,N,TR308,TR308,29.92614,-81.31913,1.1684,3,0.389466667,Ridge,9,3,Y,W16TR308R3,17,0,0,50,41,NA,9,0,
W16,2/29/2016,Tolomato River,St Johns,N,TR308,TR308,29.92614,-81.31913,1.1684,3,0.389466667,Ridge,9,4,Y,W16TR308R4,16,0,0,45,38,NA,17,0,
W16,2/29/2016,Tolomato River,St Johns,N,TR308,TR308,29.92614,-81.31913,1.1684,3,0.389466667,Ridge,9,6,N,NA,8,0,0,30,58,NA,12,0,
W16,2/29/2016,Tolomato River,St Johns,N,TR308,TR308,29.92614,-81.31913,1.1684,3,0.389466667,Ridge,9,7,Y,W16TR308R7,6,0,0,17,73,NA,10,0,
W16,2/29/2016,Tolomato River,St Johns,N,TR308,TR308,29.92614,-81.31913,1.1684,3,0.389466667,Ridge,9,8,N,NA,6,0,0,14,70,NA,16,0,
W16,3/1/2016,Butler Beach,St Johns,N,FM26,FM26,29.80044,-81.28101,0.31,4.5,0.068888889,Ridge,17,2,Y,W16FM26R2,16,0,0,37,33,NA,29,1,1 snail
W16,3/1/2016,Butler Beach,St Johns,N,FM26,FM26,29.80044,-81.28101,0.31,4.5,0.068888889,Ridge,17,7,Y,W16FM26R7,12,0,0,30,49,NA,21,0,
W16,3/1/2016,Butler Beach,St Johns,N,FM26,FM26,29.80044,-81.28101,0.31,4.5,0.068888889,Ridge,17,12,N,NA,21,0,0,35,40,NA,25,0,
W16,3/1/2016,Butler Beach,St Johns,N,FM26,FM26,29.80044,-81.28101,0.31,4.5,0.068888889,Ridge,17,13,Y,W16FM26R13,19,0,0,35,45,NA,20,0,
W16,3/1/2016,Butler Beach,St Johns,N,FM26,FM26,29.80044,-81.28101,0.31,4.5,0.068888889,Ridge,17,14,N,NA,14,0,0,29,58,NA,13,0,
W16,3/1/2016,Fort Matanzas,St Johns,Y,FM46,FM46,29.76157,-81.25949,1.22,7.62,0.160104987,Ridge,37,4,Y,W16FM46R4,29,0,0,36,64,NA,0,0,
W16,3/1/2016,Fort Matanzas,St Johns,Y,FM46,FM46,29.76157,-81.25949,1.22,7.62,0.160104987,Ridge,37,18,Y,W16FM46R18,25,0,0,28,66,NA,6,0,
W16,3/1/2016,Fort Matanzas,St Johns,Y,FM46,FM46,29.76157,-81.25949,1.22,7.62,0.160104987,Ridge,37,20,N,NA,14,0,0,24,66,NA,10,0,
W16,3/1/2016,Fort Matanzas,St Johns,Y,FM46,FM46,29.76157,-81.25949,1.22,7.62,0.160104987,Ridge,37,30,Y,W16FM46R30,15,0,0,19,72,NA,9,0,
W16,3/1/2016,Fort Matanzas,St Johns,Y,FM46,FM46,29.76157,-81.25949,1.22,7.62,0.160104987,Ridge,37,34,N,NA,11,0,0,9,72,NA,19,0,
W16,3/1/2016,Fort Matanzas,St Johns,Y,FM84,FM84,29.75906,-81.25876,1.22,7.9,0.15443038,Ridge,22,2,Y,W16FM84R2,15,0,0,42,52,NA,6,0,
W16,3/1/2016,Fort Matanzas,St Johns,Y,FM84,FM84,29.75906,-81.25876,1.22,7.9,0.15443038,Ridge,22,5,Y,W16FM84R5,15,0,0,27,71,NA,1,1,1 Mussel
W16,3/1/2016,Fort Matanzas,St Johns,Y,FM84,FM84,29.75906,-81.25876,1.22,7.9,0.15443038,Ridge,22,12,N,NA,12,0,0,33,57,NA,10,0,
W16,3/1/2016,Fort Matanzas,St Johns,Y,FM84,FM84,29.75906,-81.25876,1.22,7.9,0.15443038,Ridge,22,15,Y,W16FM84R15,27,0,0,24,69,NA,5,2,2 Mussels
W16,3/1/2016,Fort Matanzas,St Johns,Y,FM84,FM84,29.75906,-81.25876,1.22,7.9,0.15443038,Ridge,22,16,N,NA,11,0,0,21,67,NA,11,1,1 Mussel
W16,3/2/2016,Butler Beach,St Johns,N,FM56,FM56,29.81626,-81.29676,0.69,7.4,0.093243243,Ridge,30,11,N,NA,7,0,0,9,29,NA,62,0,
W16,3/2/2016,Butler Beach,St Johns,N,FM56,FM56,29.81626,-81.29676,0.69,7.4,0.093243243,Ridge,30,12,N,NA,5,0,0,22,49,NA,29,0,
W16,3/2/2016,Butler Beach,St Johns,N,FM56,FM56,29.81626,-81.29676,0.69,7.4,0.093243243,Ridge,30,13,Y,W16FM56R13,NA,0,0,17,42,NA,41,0,
W16,3/2/2016,Butler Beach,St Johns,N,FM56,FM56,29.81626,-81.29676,0.69,7.4,0.093243243,Ridge,30,16,Y,W16FM56R16,13,0,0,15,37,NA,48,0,
W16,3/2/2016,Butler Beach,St Johns,N,FM56,FM56,29.81626,-81.29676,0.69,7.4,0.093243243,Ridge,30,17,Y,W16FM56R17,6,0,0,21,35,NA,44,0,
W16,3/3/2016,Fort Matanzas,St Johns,Y,FM604,FM604,29.76629,-81.25913,0.70485,11.5,0.061291304,Ridge,24,1,Y,W16FM604R1,12,0,0,28,72,NA,0,0,
W16,3/3/2016,Fort Matanzas,St Johns,Y,FM604,FM604,29.76629,-81.25913,0.70485,11.5,0.061291304,Ridge,24,2,Y,W16FM604R2,24,0,0,25,74,NA,1,0,
W16,3/3/2016,Fort Matanzas,St Johns,Y,FM604,FM604,29.76629,-81.25913,0.70485,11.5,0.061291304,Ridge,24,3,N,NA,12,0,0,29,56,NA,15,0,
W16,3/3/2016,Fort Matanzas,St Johns,Y,FM604,FM604,29.76629,-81.25913,0.70485,11.5,0.061291304,Ridge,24,5,N,NA,20,0,0,32,68,NA,0,0,
W16,3/3/2016,Fort Matanzas,St Johns,Y,FM604,FM604,29.76629,-81.25913,0.70485,11.5,0.061291304,Ridge,24,9,Y,W16FM604R9,13,0,0,30,53,NA,17,0,
W16,3/3/2016,Fort Matanzas,St Johns,Y,FM604,FM604,29.76629,-81.25913,0.70485,11.5,0.061291304,Ridge,24,10,N,NA,17,0,0,36,64,NA,0,0,
W16,3/3/2016,Butler Beach,St Johns,N,FM655,FM655,29.76734,-81.26281,0.84455,8.4,0.100541667,Ridge,20,8,N,NA,21,0,0,42,55,NA,3,0,
W16,3/3/2016,Butler Beach,St Johns,N,FM655,FM655,29.76734,-81.26281,0.84455,8.4,0.100541667,Ridge,20,10,Y,W16FM655R10,26,0,0,45,55,NA,0,0,
W16,3/3/2016,Butler Beach,St Johns,N,FM655,FM655,29.76734,-81.26281,0.84455,8.4,0.100541667,Ridge,20,13,Y,W16FM655R13,19,0,0,47,53,NA,0,0,
W16,3/3/2016,Butler Beach,St Johns,N,FM655,FM655,29.76734,-81.26281,0.84455,8.4,0.100541667,Ridge,20,15,N,NA,15,0,0,33,66,NA,1,0,
W16,3/3/2016,Butler Beach,St Johns,N,FM655,FM655,29.76734,-81.26281,0.84455,8.4,0.100541667,Ridge,20,17,Y,W16FM655R17,19,0,0,27,72,NA,0,1,1 Mussel
W16,3/3/2016,Butler Beach,St Johns,N,FM655,FM655,29.76734,-81.26281,0.84455,8.4,0.100541667,Ridge,20,19,N,NA,17,0,0,26,74,NA,0,0,
W16,3/4/2016,Butler Beach,St Johns,N,FM31,FM31,29.80372,-81.28231,0.889,4.51,0.197117517,Ridge,24,1,Y,W16FM31R1,17,0,0,20,55,NA,25,0,
W16,3/4/2016,Butler Beach,St Johns,N,FM31,FM31,29.80372,-81.28231,0.889,4.51,0.197117517,Ridge,24,7,Y,W16FM31R7,15,0,0,16,18,NA,66,0,
W16,3/4/2016,Butler Beach,St Johns,N,FM31,FM31,29.80372,-81.28231,0.889,4.51,0.197117517,Ridge,24,19,N,NA,15,0,0,18,15,NA,67,0,
W16,3/4/2016,Butler Beach,St Johns,N,FM31,FM31,29.80372,-81.28231,0.889,4.51,0.197117517,Ridge,24,20,Y,W16FM31R20,23,0,0,19,13,NA,68,0,
W16,3/4/2016,Butler Beach,St Johns,N,FM31,FM31,29.80372,-81.28231,0.889,4.51,0.197117517,Ridge,24,22,N,NA,9,0,0,10,8,NA,82,0,
W16,3/4/2016,Butler Beach,St Johns,N,FM788,FM788,29.80456,-81.28346,0.889,3.95,0.225063291,Ridge,8,1,N,NA,12,0,0,27,24,NA,49,0,
W16,3/4/2016,Butler Beach,St Johns,N,FM788,FM788,29.80456,-81.28346,0.889,3.95,0.225063291,Ridge,8,2,Y,W16FM788R2,10,0,0,31,25,NA,44,0,
W16,3/4/2016,Butler Beach,St Johns,N,FM788,FM788,29.80456,-81.28346,0.889,3.95,0.225063291,Ridge,8,4,Y,W16FM788R4,11,0,0,22,24,NA,54,0,
W16,3/4/2016,Butler Beach,St Johns,N,FM788,FM788,29.80456,-81.28346,0.889,3.95,0.225063291,Ridge,8,5,Y,W16FM788R5,13,0,0,26,27,NA,47,0,
W16,3/4/2016,Butler Beach,St Johns,N,FM788,FM788,29.80456,-81.28346,0.889,3.95,0.225063291,Ridge,8,6,N,NA,9,0,0,23,26,NA,51,0,
W16,3/4/2016,Butler Beach,St Johns,N,FM788,FM788,29.80456,-81.28346,0.889,3.95,0.225063291,Ridge,8,7,N,NA,7,0,0,27,21,NA,52,0,
S16,7/7/2016,Fort Matanzas,St Johns,Y,FM125,FM125,29.68397,-81.220384,0.65,3.75,0.173333333,Ridge,11,1,Y,S16FM125R1,12,0,0,34,15,NA,51,0,Crown conch on reef not quadrant
S16,7/7/2016,Fort Matanzas,St Johns,Y,FM125,FM125,29.68397,-81.220384,0.65,3.75,0.173333333,Ridge,11,4,N,NA,8,0,0,20,32,NA,18,0,Crown conch on reef not quadrant
S16,7/7/2016,Fort Matanzas,St Johns,Y,FM125,FM125,29.68397,-81.220384,0.65,3.75,0.173333333,Ridge,11,6,N,NA,4,0,0,16,24,NA,60,0,Crown conch on reef not quadrant
S16,7/7/2016,Fort Matanzas,St Johns,Y,FM125,FM125,29.68397,-81.220384,0.65,3.75,0.173333333,Ridge,11,7,Y,S16FM125R7,5,0,0,11,45,NA,44,0,Crown conch on reef not quadrant
S16,7/7/2016,Fort Matanzas,St Johns,Y,FM125,FM125,29.68397,-81.220384,0.65,3.75,0.173333333,Ridge,11,8,N,NA,6,0,0,9,42,NA,49,0,Crown conch on reef not quadrant
S16,7/7/2016,Fort Matanzas,St Johns,Y,FM125,FM125,29.68397,-81.220384,0.65,3.75,0.173333333,Ridge,11,10,Y,S16FM125R10,8,0,0,24,21,NA,55,0,Crown conch on reef not quadrant
S16,7/7/2016,Fort Matanzas,St Johns,Y,FM132,FM132,29.681358,-81.220558,0.65,8,0.08125,Ridge,11,1,Y,S16FM132R1,3,0,0,8,15,NA,77,0,Conchs on reef not on quadrant
S16,7/7/2016,Fort Matanzas,St Johns,Y,FM132,FM132,29.681358,-81.220558,0.65,8,0.08125,Ridge,11,2,N,NA,7,0,0,9,10,NA,81,0,Conchs on reef not on quadrant
S16,7/7/2016,Fort Matanzas,St Johns,Y,FM132,FM132,29.681358,-81.220558,0.65,8,0.08125,Ridge,11,4,N,NA,5,0,0,11,41,NA,48,0,Conchs on reef not on quadrant
S16,7/7/2016,Fort Matanzas,St Johns,Y,FM132,FM132,29.681358,-81.220558,0.65,8,0.08125,Ridge,11,6,Y,S16FM132R6,6,0,0,13,58,NA,29,0,Conchs on reef not on quadrant
S16,7/7/2016,Fort Matanzas,St Johns,Y,FM132,FM132,29.681358,-81.220558,0.65,8,0.08125,Ridge,11,7,Y,S16FM132R7,5,1,0,8,63,NA,29,0,Conchs on reef not on quadrant
S16,7/7/2016,Fort Matanzas,St Johns,Y,FM132,FM132,29.681358,-81.220558,0.65,8,0.08125,Ridge,11,10,N,NA,3,0,0,4,55,NA,41,0,Conchs on reef not on quadrant
S16,7/7/2016,Fort Matanzas,St Johns,Y,FM50,FM50,29.672751,-81.217047,0.57,4.6,0.123913043,Ridge,34,1,Y,S16FM50R1,13,0,0,29,19,NA,52,0,Conchs on reef not on quadrant
S16,7/7/2016,Fort Matanzas,St Johns,Y,FM50,FM50,29.672751,-81.217047,0.57,4.6,0.123913043,Ridge,34,9,Y,S16FM50R9,15,0,0,42,14,NA,44,0,Conchs on reef not on quadrant
S16,7/7/2016,Fort Matanzas,St Johns,Y,FM50,FM50,29.672751,-81.217047,0.57,4.6,0.123913043,Ridge,34,11,N,NA,6,0,0,27,46,NA,27,0,Conchs on reef not on quadrant
S16,7/7/2016,Fort Matanzas,St Johns,Y,FM50,FM50,29.672751,-81.217047,0.57,4.6,0.123913043,Ridge,34,12,Y,S16FM50R12,8,0,0,23,36,NA,41,0,Conchs on reef not on quadrant
S16,7/7/2016,Fort Matanzas,St Johns,Y,FM50,FM50,29.672751,-81.217047,0.57,4.6,0.123913043,Ridge,34,23,N,NA,15,0,0,20,31,NA,49,0,Conchs on reef not on quadrant
S16,7/7/2016,Fort Matanzas,St Johns,Y,FM50,FM50,29.672751,-81.217047,0.57,4.6,0.123913043,Ridge,34,26,N,NA,12,0,0,17,20,NA,63,0,Conchs on reef not on quadrant
S16,7/7/2016,Pellicer Flats,Flagler,N,PF389,PF389,29.620957,-81.21203,0.76,6.24,0.121794872,Ridge,12,0,N,NA,72,9,6,16,82,NA,0,2,%other - conch
S16,7/7/2016,Pellicer Flats,Flagler,N,PF389,PF389,29.620957,-81.21203,0.76,6.24,0.121794872,Ridge,12,1,N,NA,28,6,3,21,77,NA,0,2,%other - conch
S16,7/7/2016,Pellicer Flats,Flagler,N,PF389,PF389,29.620957,-81.21203,0.76,6.24,0.121794872,Ridge,12,4,Y,S16PF389R4,27,18,15,16,83,NA,0,1,%other - conch
S16,7/7/2016,Pellicer Flats,Flagler,N,PF389,PF389,29.620957,-81.21203,0.76,6.24,0.121794872,Ridge,12,5,Y,S16PF389R5,35,15,12,15,84,NA,1,0,
S16,7/7/2016,Pellicer Flats,Flagler,N,PF389,PF389,29.620957,-81.21203,0.76,6.24,0.121794872,Ridge,12,6,Y,S16PF389R6,25,17,13,19,79,NA,0,2,%other - conch
S16,7/7/2016,Pellicer Flats,Flagler,N,PF389,PF389,29.620957,-81.21203,0.76,6.24,0.121794872,Ridge,12,11,N,NA,30,8,5,20,78,NA,0,2,%other - conch
S16,7/7/2016,Pellicer Flats,Flagler,N,PF412,PF412,29.619555,-81.214024,0.6,4.82,0.124481328,Ridge,18,3,Y,S16PF412R3,20,15,13,20,58,NA,17,5,%other - conch
S16,7/7/2016,Pellicer Flats,Flagler,N,PF412,PF412,29.619555,-81.214024,0.6,4.82,0.124481328,Ridge,18,7,Y,S16PF412R7,21,9,6,17,65,NA,17,1,%other - conch
S16,7/7/2016,Pellicer Flats,Flagler,N,PF412,PF412,29.619555,-81.214024,0.6,4.82,0.124481328,Ridge,18,9,N,NA,19,8,8,24,59,NA,16,1,%other - mussel
S16,7/7/2016,Pellicer Flats,Flagler,N,PF412,PF412,29.619555,-81.214024,0.6,4.82,0.124481328,Ridge,18,12,N,NA,32,7,3,22,58,NA,18,2,%other - conch
S16,7/7/2016,Pellicer Flats,Flagler,N,PF412,PF412,29.619555,-81.214024,0.6,4.82,0.124481328,Ridge,18,14,Y,S16PF412R14,39,8,7,18,65,NA,14,3,"%other - 2 conch, 1 mussel"
S16,7/7/2016,Pellicer Flats,Flagler,N,PF412,PF412,29.619555,-81.214024,0.6,4.82,0.124481328,Ridge,18,17,N,NA,36,10,9,7,67,NA,24,2,%other - conch
S16,7/8/2016,Guana River,St Johns,N,GR101,GR101,29.984909,-81.323344,0.55,4.95,0.111111111,Ridge,24,4,Y,S16GR101R4,15,0,0,22,78,NA,0,0,
S16,7/8/2016,Guana River,St Johns,N,GR101,GR101,29.984909,-81.323344,0.55,4.95,0.111111111,Ridge,24,8,Y,S16GR101R8,18,0,0,35,65,NA,0,0,
S16,7/8/2016,Guana River,St Johns,N,GR101,GR101,29.984909,-81.323344,0.55,4.95,0.111111111,Ridge,24,16,N,NA,14,0,0,38,62,NA,0,0,
S16,7/8/2016,Guana River,St Johns,N,GR101,GR101,29.984909,-81.323344,0.55,4.95,0.111111111,Ridge,24,20,N,NA,14,0,0,44,56,NA,0,0,
S16,7/8/2016,Guana River,St Johns,N,GR101,GR101,29.984909,-81.323344,0.55,4.95,0.111111111,Ridge,24,21,Y,S16GR101R21,15,0,0,49,51,NA,0,0,
S16,7/8/2016,Guana River,St Johns,N,GR101,GR101,29.984909,-81.323344,0.55,4.95,0.111111111,Ridge,24,22,N,NA,16,0,0,57,43,NA,0,0,
S16,7/8/2016,Guana River,St Johns,N,GR82,GR82,30.012238,-81.323216,1.4,6.2,0.225806452,Ridge,33,5,N,NA,15,0,0,35,64,NA,1,0,
S16,7/8/2016,Guana River,St Johns,N,GR82,GR82,30.012238,-81.323216,1.4,6.2,0.225806452,Ridge,33,9,Y,S16GR82R9,16,0,0,33,67,NA,0,0,1 Clump taken after collection 
S16,7/8/2016,Guana River,St Johns,N,GR82,GR82,30.012238,-81.323216,1.4,6.2,0.225806452,Ridge,33,10,Y,S16GR82R10,14,0,0,36,64,NA,0,0, 2 Clumps taken after collection 
S16,7/8/2016,Guana River,St Johns,N,GR82,GR82,30.012238,-81.323216,1.4,6.2,0.225806452,Ridge,33,18,N,NA,7,0,0,23,64,NA,13,0,
S16,7/8/2016,Guana River,St Johns,N,GR82,GR82,30.012238,-81.323216,1.4,6.2,0.225806452,Ridge,33,24,Y,S16GR82R24,8,0,0,21,64,NA,15,0,
S16,7/8/2016,Guana River,St Johns,N,GR82,GR82,30.012238,-81.323216,1.4,6.2,0.225806452,Ridge,33,30,N,NA,18,0,0,40,53,NA,7,0,
S16,7/11/2016,Fort Matanzas,St Johns,Y,FM290,FM290,29.746019,-81.256185,0.79,7.2,0.109722222,Ridge,20,0,N,NA,6,0,0,33,43,NA,24,0,
S16,7/11/2016,Fort Matanzas,St Johns,Y,FM290,FM290,29.746019,-81.256185,0.79,7.2,0.109722222,Ridge,20,7,Y,S16FM290R7,7,0,0,49,41,NA,10,0,
S16,7/11/2016,Fort Matanzas,St Johns,Y,FM290,FM290,29.746019,-81.256185,0.79,7.2,0.109722222,Ridge,20,8,N,NA,9,0,0,31,45,NA,24,0,
S16,7/11/2016,Fort Matanzas,St Johns,Y,FM290,FM290,29.746019,-81.256185,0.79,7.2,0.109722222,Ridge,20,9,N,NA,7,0,0,34,37,NA,28,1,%other - mussel
S16,7/11/2016,Fort Matanzas,St Johns,Y,FM290,FM290,29.746019,-81.256185,0.79,7.2,0.109722222,Ridge,20,11,Y,S16FM290R11,16,0,0,36,45,NA,19,0,
S16,7/11/2016,Fort Matanzas,St Johns,Y,FM290,FM290,29.746019,-81.256185,0.79,7.2,0.109722222,Ridge,20,12,Y,S16FM290R12,12,0,0,36,47,NA,17,0,
S16,7/11/2016,Fort Matanzas,St Johns,Y,FM384,FM384,29.745187,-81.258844,0.68,4.2,0.161904762,Ridge,18,4,Y,S16FM384R4,15,0,0,35,59,NA,6,0,
S16,7/11/2016,Fort Matanzas,St Johns,Y,FM384,FM384,29.745187,-81.258844,0.68,4.2,0.161904762,Ridge,18,6,N,NA,13,0,0,51,42,NA,7,0,
S16,7/11/2016,Fort Matanzas,St Johns,Y,FM384,FM384,29.745187,-81.258844,0.68,4.2,0.161904762,Ridge,18,8,Y,S16FM384R8,15,0,0,43,31,NA,26,0,
S16,7/11/2016,Fort Matanzas,St Johns,Y,FM384,FM384,29.745187,-81.258844,0.68,4.2,0.161904762,Ridge,18,9,N,NA,10,0,0,35,31,NA,44,0,
S16,7/11/2016,Fort Matanzas,St Johns,Y,FM384,FM384,29.745187,-81.258844,0.68,4.2,0.161904762,Ridge,18,10,Y,S16FM384R10,13,0,0,36,42,NA,22,0,
S16,7/11/2016,Fort Matanzas,St Johns,Y,FM384,FM384,29.745187,-81.258844,0.68,4.2,0.161904762,Ridge,18,17,N,NA,9,0,0,23,30,NA,57,0,
S16,7/12/2016,Salt Run,St Johns,N,SR70,SR70,29.886041,-81.285814,0.75,7.85,0.095541401,Ridge,17,2,Y,S16SR70R2,8,0,0,21,75,NA,4,0,
S16,7/12/2016,Salt Run,St Johns,N,SR70,SR70,29.886041,-81.285814,0.75,7.85,0.095541401,Ridge,17,3,Y,S16SR70R3,37,0,0,29,59,NA,12,0,
S16,7/12/2016,Salt Run,St Johns,N,SR70,SR70,29.886041,-81.285814,0.75,7.85,0.095541401,Ridge,17,11,N,NA,17,0,0,13,29,NA,58,0,
S16,7/12/2016,Salt Run,St Johns,N,SR70,SR70,29.886041,-81.285814,0.75,7.85,0.095541401,Ridge,17,12,Y,S16SR70R12,13,0,0,16,44,NA,40,0,
S16,7/12/2016,Salt Run,St Johns,N,SR70,SR70,29.886041,-81.285814,0.75,7.85,0.095541401,Ridge,17,14,N,NA,28,0,0,21,26,NA,53,0,
S16,7/12/2016,Salt Run,St Johns,N,SR70,SR70,29.886041,-81.285814,0.75,7.85,0.095541401,Ridge,17,15,N,NA,19,0,0,24,22,NA,54,0,
S16,7/12/2016,Tolomato River,St Johns,N,TR209,TR209A,30.052469,-81.360025,1.1,6.9,0.15942029,Ridge,60,10,N,NA,10,0,0,11,86,NA,3,0,
S16,7/12/2016,Tolomato River,St Johns,N,TR209,TR209A,30.052469,-81.360025,1.1,6.9,0.15942029,Ridge,60,11,Y,S16TR209R11,8,0,0,12,84,NA,4,0,
S16,7/12/2016,Tolomato River,St Johns,N,TR209,TR209A,30.052469,-81.360025,1.1,6.9,0.15942029,Ridge,60,19,Y,S16TR209R19,7,0,0,20,66,NA,14,0,
S16,7/12/2016,Tolomato River,St Johns,N,TR209,TR209A,30.052469,-81.360025,1.1,6.9,0.15942029,Ridge,60,35,Y,S16TR209R35,11,0,0,30,51,NA,19,0,
S16,7/12/2016,Tolomato River,St Johns,N,TR209,TR209A,30.052469,-81.360025,1.1,6.9,0.15942029,Ridge,60,38,N,NA,9,0,0,23,64,NA,13,0,
S16,7/12/2016,Tolomato River,St Johns,N,TR209,TR209A,30.052469,-81.360025,1.1,6.9,0.15942029,Ridge,60,39,N,NA,7,0,0,15,64,NA,21,0,
S16,7/12/2016,Tolomato River,St Johns,N,TR627,TR627,30.054391,-81.361638,0.85,6.05,0.140495868,Ridge,15,1,N,NA,19,0,0,24,52,NA,24,0,
S16,7/12/2016,Tolomato River,St Johns,N,TR627,TR627,30.054391,-81.361638,0.85,6.05,0.140495868,Ridge,15,3,Y,S36TR627R3,13,0,0,28,48,NA,24,0,
S16,7/12/2016,Tolomato River,St Johns,N,TR627,TR627,30.054391,-81.361638,0.85,6.05,0.140495868,Ridge,15,4,N,NA,12,0,0,22,65,NA,13,0,
S16,7/12/2016,Tolomato River,St Johns,N,TR627,TR627,30.054391,-81.361638,0.85,6.05,0.140495868,Ridge,15,10,N,NA,5,0,0,12,63,NA,25,0,
S16,7/12/2016,Tolomato River,St Johns,N,TR627,TR627,30.054391,-81.361638,0.85,6.05,0.140495868,Ridge,15,11,Y,S16TR627R11,6,0,0,14,76,NA,10,0,
S16,7/12/2016,Tolomato River,St Johns,N,TR627,TR627,30.054391,-81.361638,0.85,6.05,0.140495868,Ridge,15,14,Y,S16TR627R14,7,0,0,20,70,NA,10,0,
S16,7/13/2016,Salt Run,St Johns,N,SR71,SR71,29.887228,-81.286751,0.54,4.7,0.114893617,Ridge,18,1,N,NA,14,0,0,25,45,NA,30,0,
S16,7/13/2016,Salt Run,St Johns,N,SR71,SR71,29.887228,-81.286751,0.54,4.7,0.114893617,Ridge,18,2,Y,S16SR71R2,13,0,0,21,56,NA,23,0,
S16,7/13/2016,Salt Run,St Johns,N,SR71,SR71,29.887228,-81.286751,0.54,4.7,0.114893617,Ridge,18,10,N,NA,16,0,0,25,32,NA,43,0,
S16,7/13/2016,Salt Run,St Johns,N,SR71,SR71,29.887228,-81.286751,0.54,4.7,0.114893617,Ridge,18,12,Y,S16SR71R12,18,0,0,31,22,NA,47,0,
S16,7/13/2016,Salt Run,St Johns,N,SR71,SR71,29.887228,-81.286751,0.54,4.7,0.114893617,Ridge,18,13,Y,S16SR71R13,20,0,0,17,29,NA,54,0,
S16,7/13/2016,Salt Run,St Johns,N,SR71,SR71,29.887228,-81.286751,0.54,4.7,0.114893617,Ridge,18,17,N,NA,20,0,0,12,43,NA,45,0,
S16,7/25/2016,Pellicer Flats,Flagler,N,PF316,PF316,29.632428,-81.216464,0.4,3.3,0.121212121,Ridge,33,11,N,NA,6,7,5,11,85,NA,4,0,
S16,7/25/2016,Pellicer Flats,Flagler,N,PF316,PF316,29.632428,-81.216464,0.4,3.3,0.121212121,Ridge,33,21,Y,S16PF316R21,12,15,5,9,89,NA,2,0,
S16,7/25/2016,Pellicer Flats,Flagler,N,PF316,PF316,29.632428,-81.216464,0.4,3.3,0.121212121,Ridge,33,26,Y,S16PF316R26,9,3,1,4,95,NA,0,1,%other - conch
S16,7/25/2016,Pellicer Flats,Flagler,N,PF316,PF316,29.632428,-81.216464,0.4,3.3,0.121212121,Ridge,33,30,N,NA,7,3,1,10,83,NA,5,2,%other - conch
S16,7/25/2016,Pellicer Flats,Flagler,N,PF316,PF316,29.632428,-81.216464,0.4,3.3,0.121212121,Ridge,33,31,Y,S16PF316R31,8,8,7,10,89,NA,0,1,%other - conch
S16,7/25/2016,Pellicer Flats,Flagler,N,PF316,PF316,29.632428,-81.216464,0.4,3.3,0.121212121,Ridge,33,33,N,NA,7,13,9,7,86,NA,5,2,%other - conch
S16,7/25/2016,Pellicer Flats,Flagler,N,PF398,PF398,29.618536,-81.209746,0.45,4.5,0.1,Ridge,17,3,N,NA,5,5,1,4,91,NA,5,0,
S16,7/25/2016,Pellicer Flats,Flagler,N,PF398,PF398,29.618536,-81.209746,0.45,4.5,0.1,Ridge,17,5,Y,S16PF398R5,3,8,1,11,88,NA,1,0,
S16,7/25/2016,Pellicer Flats,Flagler,N,PF398,PF398,29.618536,-81.209746,0.45,4.5,0.1,Ridge,17,12,Y,S16PF398R12,1,10,1,6,91,NA,3,0,
S16,7/25/2016,Pellicer Flats,Flagler,N,PF398,PF398,29.618536,-81.209746,0.45,4.5,0.1,Ridge,17,14,Y,S16PF398R14,3,11,3,6,92,NA,2,0,
S16,7/25/2016,Pellicer Flats,Flagler,N,PF398,PF398,29.618536,-81.209746,0.45,4.5,0.1,Ridge,17,15,N,NA,2,10,3,9,85,NA,6,0,
S16,7/25/2016,Pellicer Flats,Flagler,N,PF398,PF398,29.618536,-81.209746,0.45,4.5,0.1,Ridge,17,16,N,NA,1,8,7,4,95,NA,1,0,
S16,7/27/2016,Guana River,St Johns,N,GR102,GR102,29.986311,-81.324038,1.05,6.4,0.1640625,Ridge,13,0,Y,S16GR102R0,9,0,0,25,40,NA,35,0,
S16,7/27/2016,Guana River,St Johns,N,GR102,GR102,29.986311,-81.324038,1.05,6.4,0.1640625,Ridge,13,2,N,NA,17,0,0,33,56,NA,11,0,
S16,7/27/2016,Guana River,St Johns,N,GR102,GR102,29.986311,-81.324038,1.05,6.4,0.1640625,Ridge,13,3,N,NA,20,0,0,29,61,NA,10,0,
S16,7/27/2016,Guana River,St Johns,N,GR102,GR102,29.986311,-81.324038,1.05,6.4,0.1640625,Ridge,13,8,N,NA,10,0,0,25,64,NA,11,0,
S16,7/27/2016,Guana River,St Johns,N,GR102,GR102,29.986311,-81.324038,1.05,6.4,0.1640625,Ridge,13,10,Y,S16GR102R10,9,0,0,18,69,NA,13,0,
S16,7/27/2016,Guana River,St Johns,N,GR102,GR102,29.986311,-81.324038,1.05,6.4,0.1640625,Ridge,13,11,Y,S16GR102R11,12,0,0,23,68,NA,9,0,
S16,7/27/2016,Guana River,St Johns,N,GR2,GR2A,30.016647,-81.328024,0.4,3.45,0.115942029,Ridge,19,3,N,NA,12,0,0,37,50,NA,13,0,
S16,7/27/2016,Guana River,St Johns,N,GR2,GR2A,30.016647,-81.328024,0.4,3.45,0.115942029,Ridge,19,4,Y,S16GR2R4,16,0,0,49,29,NA,18,3,%other - mussel
S16,7/27/2016,Guana River,St Johns,N,GR2,GR2A,30.016647,-81.328024,0.4,3.45,0.115942029,Ridge,19,5,Y,S16GR2R5,14,0,0,33,46,NA,19,2,%other - mussel
S16,7/27/2016,Guana River,St Johns,N,GR2,GR2A,30.016647,-81.328024,0.4,3.45,0.115942029,Ridge,19,7,N,NA,14,0,0,37,30,NA,33,0,
S16,7/27/2016,Guana River,St Johns,N,GR2,GR2A,30.016647,-81.328024,0.4,3.45,0.115942029,Ridge,19,17,Y,S16GR2R17,21,0,0,27,40,NA,32,1,%other - mussel
S16,7/27/2016,Guana River,St Johns,N,GR2,GR2A,30.016647,-81.328024,0.4,3.45,0.115942029,Ridge,19,18,N,NA,20,0,0,37,43,NA,16,4,%other - mussel
S16,7/27/2016,Guana River,St Johns,N,GR93,GR93,29.992288,-81.320743,1.1,6.7,0.164179104,Ridge,26,9,N,NA,9,0,0,15,45,NA,40,0,
S16,7/27/2016,Guana River,St Johns,N,GR93,GR93,29.992288,-81.320743,1.1,6.7,0.164179104,Ridge,26,11,N,NA,5,0,0,13,63,NA,24,0,
S16,7/27/2016,Guana River,St Johns,N,GR93,GR93,29.992288,-81.320743,1.1,6.7,0.164179104,Ridge,26,12,Y,S16GR93R12,12,0,0,14,67,NA,19,0,
S16,7/27/2016,Guana River,St Johns,N,GR93,GR93,29.992288,-81.320743,1.1,6.7,0.164179104,Ridge,26,19,N,NA,16,0,0,25,47,NA,28,0,
S16,7/27/2016,Guana River,St Johns,N,GR93,GR93,29.992288,-81.320743,1.1,6.7,0.164179104,Ridge,26,23,Y,S16GR93R23,10,0,0,26,51,NA,23,0,
S16,7/27/2016,Guana River,St Johns,N,GR93,GR93,29.992288,-81.320743,1.1,6.7,0.164179104,Ridge,26,24,Y,S16GR93R24,8,0,0,15,53,NA,32,0,
S16,7/29/2016,Salt Run,St Johns,Y,SR22,SR22,29.88198,-81.278859,0.67,8.05,0.083229814,Ridge,24,0,N,NA,11,0,0,31,35,NA,34,0,
S16,7/29/2016,Salt Run,St Johns,Y,SR22,SR22,29.88198,-81.278859,0.67,8.05,0.083229814,Ridge,24,1,Y,S16SR22R1,6,0,0,26,40,NA,34,0,
S16,7/29/2016,Salt Run,St Johns,Y,SR22,SR22,29.88198,-81.278859,0.67,8.05,0.083229814,Ridge,24,2,Y,S16SR22R2,11,0,0,28,42,NA,30,0,
S16,7/29/2016,Salt Run,St Johns,Y,SR22,SR22,29.88198,-81.278859,0.67,8.05,0.083229814,Ridge,24,9,Y,S16SR22R9,5,0,0,23,76,NA,1,0,
S16,7/29/2016,Salt Run,St Johns,Y,SR22,SR22,29.88198,-81.278859,0.67,8.05,0.083229814,Ridge,24,17,N,NA,7,0,0,27,72,NA,1,0,
S16,7/29/2016,Salt Run,St Johns,Y,SR22,SR22,29.88198,-81.278859,0.67,8.05,0.083229814,Ridge,24,20,N,NA,4,0,0,41,52,NA,7,0,
S16,7/29/2016,Salt Run,St Johns,Y,SR24,SR24,29.881523,-81.277612,0.4,6.1,0.06557377,Ridge,10,2,Y,S16SR24R2,2,0,0,25,70,NA,5,0,
S16,7/29/2016,Salt Run,St Johns,Y,SR24,SR24,29.881523,-81.277612,0.4,6.1,0.06557377,Ridge,10,4,N,NA,4,0,0,22,76,NA,2,0,
S16,7/29/2016,Salt Run,St Johns,Y,SR24,SR24,29.881523,-81.277612,0.4,6.1,0.06557377,Ridge,10,5,N,NA,3,0,0,18,78,NA,4,0,
S16,7/29/2016,Salt Run,St Johns,Y,SR24,SR24,29.881523,-81.277612,0.4,6.1,0.06557377,Ridge,10,7,Y,S16SR24R7,7,0,0,35,62,NA,3,0,
S16,7/29/2016,Salt Run,St Johns,Y,SR24,SR24,29.881523,-81.277612,0.4,6.1,0.06557377,Ridge,10,8,Y,S16SR24R8,7,0,0,30,62,NA,8,0,
S16,7/29/2016,Salt Run,St Johns,Y,SR24,SR24,29.881523,-81.277612,0.4,6.1,0.06557377,Ridge,10,9,N,NA,9,0,0,32,60,NA,8,0,
S16,7/29/2016,Salt Run,St Johns,Y,SR28,SR28,29.881087,-81.276845,0.46,2.3,0.2,Ridge,17,2,Y,S16SR28R2,1,0,0,19,62,NA,19,0,
S16,7/29/2016,Salt Run,St Johns,Y,SR28,SR28,29.881087,-81.276845,0.46,2.3,0.2,Ridge,17,5,N,NA,6,0,0,30,43,NA,27,0,
S16,7/29/2016,Salt Run,St Johns,Y,SR28,SR28,29.881087,-81.276845,0.46,2.3,0.2,Ridge,17,8,N,NA,4,0,0,16,67,NA,17,0,
S16,7/29/2016,Salt Run,St Johns,Y,SR28,SR28,29.881087,-81.276845,0.46,2.3,0.2,Ridge,17,9,N,NA,2,0,0,20,62,NA,18,0,
S16,7/29/2016,Salt Run,St Johns,Y,SR28,SR28,29.881087,-81.276845,0.46,2.3,0.2,Ridge,17,10,Y,S16SR28R10,3,0,0,20,64,NA,16,0,
S16,7/29/2016,Salt Run,St Johns,Y,SR28,SR28,29.881087,-81.276845,0.46,2.3,0.2,Ridge,17,12,Y,S16SR28R12,4,0,0,20,57,NA,23,0,
S16,7/29/2016,Salt Run,St Johns,N,SR6,SR6A,29.887904,-81.283448,0.49,0.35,1.4,Ridge,14,1,Y,S16SR6R1,21,0,0,23,31,NA,46,0,
S16,7/29/2016,Salt Run,St Johns,N,SR6,SR6A,29.887904,-81.283448,0.49,0.35,1.4,Ridge,14,2,Y,S16SR6R2,22,0,0,28,28,NA,44,0,
S16,7/29/2016,Salt Run,St Johns,N,SR6,SR6A,29.887904,-81.283448,0.49,0.35,1.4,Ridge,14,3,N,NA,20,0,0,24,34,NA,42,0,
S16,7/29/2016,Salt Run,St Johns,N,SR6,SR6A,29.887904,-81.283448,0.49,0.35,1.4,Ridge,14,4,N,NA,16,0,0,42,35,NA,33,0,
S16,7/29/2016,Salt Run,St Johns,N,SR6,SR6A,29.887904,-81.283448,0.49,0.35,1.4,Ridge,14,9,N,NA,20,0,0,39,26,NA,35,0,
S16,7/29/2016,Salt Run,St Johns,N,SR6,SR6A,29.887904,-81.283448,0.49,0.35,1.4,Ridge,14,11,Y,S16SR6R11,16,0,0,32,25,NA,43,0,
S16,7/29/2016,Salt Run,St Johns,N,SR7,SR7A,29.887479,-81.283421,0.4,8.4,0.047619048,Ridge,10,2,Y,S16SR7R2,17,0,0,41,42,NA,17,0,
S16,7/29/2016,Salt Run,St Johns,N,SR7,SR7A,29.887479,-81.283421,0.4,8.4,0.047619048,Ridge,10,3,N,NA,15,0,0,34,51,NA,15,0,
S16,7/29/2016,Salt Run,St Johns,N,SR7,SR7A,29.887479,-81.283421,0.4,8.4,0.047619048,Ridge,10,4,N,NA,12,0,0,38,49,NA,13,0,
S16,7/29/2016,Salt Run,St Johns,N,SR7,SR7A,29.887479,-81.283421,0.4,8.4,0.047619048,Ridge,10,5,Y,S16SR7R5,12,0,0,22,70,NA,8,0,
S16,7/29/2016,Salt Run,St Johns,N,SR7,SR7A,29.887479,-81.283421,0.4,8.4,0.047619048,Ridge,10,6,Y,S16SR7R6,12,0,0,33,58,NA,9,0,
S16,7/29/2016,Salt Run,St Johns,N,SR7,SR7A,29.887479,-81.283421,0.4,8.4,0.047619048,Ridge,10,9,N,NA,16,0,0,34,47,NA,19,0,
S16,8/8/2016,Fort Matanzas,St Johns,Y,FM373,FM373,29.744261,-81.257274,1,9.1,0.10989011,Ridge,18,3,Y,S16FM373R3,13,0,0,21,29,NA,50,0,
S16,8/8/2016,Fort Matanzas,St Johns,Y,FM373,FM373,29.744261,-81.257274,1,9.1,0.10989011,Ridge,18,4,N,NA,20,0,0,24,28,NA,48,0,
S16,8/8/2016,Fort Matanzas,St Johns,Y,FM373,FM373,29.744261,-81.257274,1,9.1,0.10989011,Ridge,18,5,Y,S16FM373R5,23,0,0,24,39,NA,37,0,
S16,8/8/2016,Fort Matanzas,St Johns,Y,FM373,FM373,29.744261,-81.257274,1,9.1,0.10989011,Ridge,18,6,N,NA,12,0,0,37,42,NA,0,0,
S16,8/8/2016,Fort Matanzas,St Johns,Y,FM373,FM373,29.744261,-81.257274,1,9.1,0.10989011,Ridge,18,12,Y,S16FM373R12,13,0,0,30,27,NA,0,0,
S16,8/8/2016,Fort Matanzas,St Johns,Y,FM373,FM373,29.744261,-81.257274,1,9.1,0.10989011,Ridge,18,13,N,NA,10,0,0,34,42,NA,0,0,
S16,8/8/2016,Fort Matanzas,St Johns,Y,FM411,FM411,29.744895,-81.25473,0.75,9.3,0.080645161,Ridge,22,0,N,NA,6,0,0,8,22,NA,70,0,
S16,8/8/2016,Fort Matanzas,St Johns,Y,FM411,FM411,29.744895,-81.25473,0.75,9.3,0.080645161,Ridge,22,4,N,NA,22,0,0,26,24,NA,50,0,
S16,8/8/2016,Fort Matanzas,St Johns,Y,FM411,FM411,29.744895,-81.25473,0.75,9.3,0.080645161,Ridge,22,9,N,NA,10,0,0,15,28,NA,57,0,
S16,8/8/2016,Fort Matanzas,St Johns,Y,FM411,FM411,29.744895,-81.25473,0.75,9.3,0.080645161,Ridge,22,11,Y,S16FM411R11,9,0,0,15,18,NA,67,0,
S16,8/8/2016,Fort Matanzas,St Johns,Y,FM411,FM411,29.744895,-81.25473,0.75,9.3,0.080645161,Ridge,22,15,Y,S16FM411R15,7,0,0,11,19,NA,70,0,
S16,8/8/2016,Fort Matanzas,St Johns,Y,FM411,FM411,29.744895,-81.25473,0.75,9.3,0.080645161,Ridge,22,17,Y,S16FM411R17,9,0,0,16,14,NA,70,0,
S16,8/9/2016,Fort Matanzas,St Johns,Y,FM368,FM368,29.743757,-81.256517,0.7,4.5,0.155555556,Ridge,25,1,N,NA,10,0,0,35,35,NA,29,1,%other - mussel
S16,8/9/2016,Fort Matanzas,St Johns,Y,FM368,FM368,29.743757,-81.256517,0.7,4.5,0.155555556,Ridge,25,4,N,NA,10,0,0,34,29,NA,37,0,
S16,8/9/2016,Fort Matanzas,St Johns,Y,FM368,FM368,29.743757,-81.256517,0.7,4.5,0.155555556,Ridge,25,9,Y,S16FM368R9,9,0,0,45,42,NA,13,0,
S16,8/9/2016,Fort Matanzas,St Johns,Y,FM368,FM368,29.743757,-81.256517,0.7,4.5,0.155555556,Ridge,25,17,Y,S16FM368R17,15,0,0,31,46,NA,23,0,
S16,8/9/2016,Fort Matanzas,St Johns,Y,FM368,FM368,29.743757,-81.256517,0.7,4.5,0.155555556,Ridge,25,21,N,NA,15,0,0,31,25,NA,44,0,
S16,8/9/2016,Fort Matanzas,St Johns,Y,FM368,FM368,29.743757,-81.256517,0.7,4.5,0.155555556,Ridge,25,24,Y,S16FM368R24,14,0,0,16,30,NA,54,0,
S16,8/9/2016,Fort Matanzas,St Johns,Y,FM390,FM390,29.743517,-81.25764,0.9,5.75,0.156521739,Ridge,15,1,N,NA,16,0,0,27,31,NA,48,0,
S16,8/9/2016,Fort Matanzas,St Johns,Y,FM390,FM390,29.743517,-81.25764,0.9,5.75,0.156521739,Ridge,15,4,Y,S16FM390R4,23,0,0,35,29,NA,36,0,
S16,8/9/2016,Fort Matanzas,St Johns,Y,FM390,FM390,29.743517,-81.25764,0.9,5.75,0.156521739,Ridge,15,8,Y,S16FM390R8,21,0,0,28,15,NA,57,0,
S16,8/9/2016,Fort Matanzas,St Johns,Y,FM390,FM390,29.743517,-81.25764,0.9,5.75,0.156521739,Ridge,15,9,N,NA,11,0,0,28,11,NA,61,0,
S16,8/9/2016,Fort Matanzas,St Johns,Y,FM390,FM390,29.743517,-81.25764,0.9,5.75,0.156521739,Ridge,15,10,Y,S16FM390R10,13,0,0,30,34,NA,36,0,
S16,8/9/2016,Fort Matanzas,St Johns,Y,FM390,FM390,29.743517,-81.25764,0.9,5.75,0.156521739,Ridge,15,12,N,NA,15,0,0,27,19,NA,54,0,
S16,8/9/2016,Fort Matanzas,St Johns,Y,FM494,FM494,29.751759,-81.253919,0.9,5.7,0.157894737,Ridge,13,2,Y,S16FM494R2,20,0,0,51,49,NA,0,0,
S16,8/9/2016,Fort Matanzas,St Johns,Y,FM494,FM494,29.751759,-81.253919,0.9,5.7,0.157894737,Ridge,13,5,N,NA,18,0,0,39,55,NA,6,0,
S16,8/9/2016,Fort Matanzas,St Johns,Y,FM494,FM494,29.751759,-81.253919,0.9,5.7,0.157894737,Ridge,13,6,Y,S16FM494R6,11,0,0,42,58,NA,0,0,
S16,8/9/2016,Fort Matanzas,St Johns,Y,FM494,FM494,29.751759,-81.253919,0.9,5.7,0.157894737,Ridge,13,7,N,NA,26,0,0,42,31,NA,27,0,
S16,8/9/2016,Fort Matanzas,St Johns,Y,FM494,FM494,29.751759,-81.253919,0.9,5.7,0.157894737,Ridge,13,9,N,NA,24,0,0,49,40,NA,11,0,
S16,8/9/2016,Fort Matanzas,St Johns,Y,FM494,FM494,29.751759,-81.253919,0.9,5.7,0.157894737,Ridge,13,12,Y,S16FM494R12,16,0,0,48,46,NA,6,0,
S16,8/9/2016,Fort Matanzas,St Johns,Y,FM562,FM562,29.747789,-81.257745,0.65,5.95,0.109243697,Ridge,21,0,Y,S16FM562R0,7,0,0,19,53,NA,28,0,
S16,8/9/2016,Fort Matanzas,St Johns,Y,FM562,FM562,29.747789,-81.257745,0.65,5.95,0.109243697,Ridge,21,1,Y,S16FM562R1,10,0,0,17,61,NA,22,0,
S16,8/9/2016,Fort Matanzas,St Johns,Y,FM562,FM562,29.747789,-81.257745,0.65,5.95,0.109243697,Ridge,21,6,N,NA,10,0,0,14,83,NA,3,0,
S16,8/9/2016,Fort Matanzas,St Johns,Y,FM562,FM562,29.747789,-81.257745,0.65,5.95,0.109243697,Ridge,21,9,N,NA,19,0,0,21,70,NA,9,0,
S16,8/9/2016,Fort Matanzas,St Johns,Y,FM562,FM562,29.747789,-81.257745,0.65,5.95,0.109243697,Ridge,21,11,Y,S16FM562R11,8,0,0,19,77,NA,4,0,
S16,8/9/2016,Fort Matanzas,St Johns,Y,FM562,FM562,29.747789,-81.257745,0.65,5.95,0.109243697,Ridge,21,13,N,NA,12,0,0,18,80,NA,2,0,
S16,8/10/2016,Salt Run,St Johns,N,SR1,SR1A,29.88906,-81.28412,0.65,3.85,0.168831169,Ridge,17,0,Y,S16SR1R0,17,0,0,36,34,NA,30,0,
S16,8/10/2016,Salt Run,St Johns,N,SR1,SR1A,29.88906,-81.28412,0.65,3.85,0.168831169,Ridge,17,4,N,NA,20,0,0,29,53,NA,18,0,
S16,8/10/2016,Salt Run,St Johns,N,SR1,SR1A,29.88906,-81.28412,0.65,3.85,0.168831169,Ridge,17,7,N,NA,28,0,0,36,43,NA,21,0,
S16,8/10/2016,Salt Run,St Johns,N,SR1,SR1A,29.88906,-81.28412,0.65,3.85,0.168831169,Ridge,17,9,Y,S16SR1R9,9,0,0,33,54,NA,13,0,
S16,8/10/2016,Salt Run,St Johns,N,SR1,SR1A,29.88906,-81.28412,0.65,3.85,0.168831169,Ridge,17,11,N,NA,23,0,0,37,18,NA,44,0,
S16,8/10/2016,Salt Run,St Johns,N,SR1,SR1A,29.88906,-81.28412,0.65,3.85,0.168831169,Ridge,17,15,Y,S16SR1R15,15,0,0,50,36,NA,14,0,
S16,8/10/2016,Salt Run,St Johns,N,SR76,SR76,29.88995,-81.28988,0.77,6.46,0.119195046,Ridge,25,0,N,NA,14,0,0,28,69,NA,3,0,
S16,8/10/2016,Salt Run,St Johns,N,SR76,SR76,29.88995,-81.28988,0.77,6.46,0.119195046,Ridge,25,9,N,NA,16,0,0,29,68,NA,3,0,
S16,8/10/2016,Salt Run,St Johns,N,SR76,SR76,29.88995,-81.28988,0.77,6.46,0.119195046,Ridge,25,11,Y,S16SR76R11,16,0,0,26,69,NA,5,0,
S16,8/10/2016,Salt Run,St Johns,N,SR76,SR76,29.88995,-81.28988,0.77,6.46,0.119195046,Ridge,25,13,Y,S16SR76R13,17,0,0,32,67,NA,2,0,
S16,8/10/2016,Salt Run,St Johns,N,SR76,SR76,29.88995,-81.28988,0.77,6.46,0.119195046,Ridge,25,15,N,NA,NA,0,0,28,68,NA,4,0,
S16,8/10/2016,Salt Run,St Johns,N,SR76,SR76,29.88995,-81.28988,0.77,6.46,0.119195046,Ridge,25,20,Y,S16SR76R20,11,0,0,29,67,NA,4,0,
S16,8/10/2016,Salt Run,St Johns,N,SR80,SR80,29.89077,-81.29212,0.06,5,0.012,Ridge,32,6,N,NA,11,0,0,22,62,NA,16,0,
S16,8/10/2016,Salt Run,St Johns,N,SR80,SR80,29.89077,-81.29212,0.06,5,0.012,Ridge,32,15,Y,S16SR80R15,10,0,0,37,56,NA,7,0,
S16,8/10/2016,Salt Run,St Johns,N,SR80,SR80,29.89077,-81.29212,0.06,5,0.012,Ridge,32,17,Y,S16SR80R17,24,0,0,24,62,NA,14,0,
S16,8/10/2016,Salt Run,St Johns,N,SR80,SR80,29.89077,-81.29212,0.06,5,0.012,Ridge,32,18,N,NA,10,0,0,36,64,NA,0,0,
S16,8/10/2016,Salt Run,St Johns,N,SR80,SR80,29.89077,-81.29212,0.06,5,0.012,Ridge,32,20,N,NA,19,0,0,21,57,NA,22,0,
S16,8/10/2016,Salt Run,St Johns,N,SR80,SR80,29.89077,-81.29212,0.06,5,0.012,Ridge,32,29,Y,S16SR80R29,14,0,0,26,56,NA,18,0,
S16,8/11/2016,Salt Run,St Johns,N,SR55,SR55,29.869718,-81.274389,0.575,3.5,0.164285714,Ridge,17,4,Y,S16SR55R4,2,0,0,7,37,NA,58,0,
S16,8/11/2016,Salt Run,St Johns,N,SR55,SR55,29.869718,-81.274389,0.575,3.5,0.164285714,Ridge,17,8,Y,S16SR55R8,8,0,0,9,53,NA,38,0,
S16,8/11/2016,Salt Run,St Johns,N,SR55,SR55,29.869718,-81.274389,0.575,3.5,0.164285714,Ridge,17,9,N,NA,5,0,0,18,34,NA,48,0,
S16,8/11/2016,Salt Run,St Johns,N,SR55,SR55,29.869718,-81.274389,0.575,3.5,0.164285714,Ridge,17,10,N,NA,6,0,0,17,53,NA,30,0,
S16,8/11/2016,Salt Run,St Johns,N,SR55,SR55,29.869718,-81.274389,0.575,3.5,0.164285714,Ridge,17,12,N,NA,3,0,0,27,37,NA,36,0,
S16,8/11/2016,Salt Run,St Johns,N,SR55,SR55,29.869718,-81.274389,0.575,3.5,0.164285714,Ridge,17,15,Y,S16SR55R15,8,0,0,23,25,NA,52,0,
S16,8/11/2016,Salt Run,St Johns,N,SR58,SR58,29.8733,-81.275618,0.525,5.75,0.091304348,Ridge,39,14,Y,S16SR58R14,11,0,0,14,54,NA,32,0,
S16,8/11/2016,Salt Run,St Johns,N,SR58,SR58,29.8733,-81.275618,0.525,5.75,0.091304348,Ridge,39,15,Y,S16SR58R15,15,0,0,25,45,NA,30,0,
S16,8/11/2016,Salt Run,St Johns,N,SR58,SR58,29.8733,-81.275618,0.525,5.75,0.091304348,Ridge,39,18,N,NA,17,0,0,34,37,NA,29,0,
S16,8/11/2016,Salt Run,St Johns,N,SR58,SR58,29.8733,-81.275618,0.525,5.75,0.091304348,Ridge,39,21,N,NA,16,0,0,31,35,NA,44,0,
S16,8/11/2016,Salt Run,St Johns,N,SR58,SR58,29.8733,-81.275618,0.525,5.75,0.091304348,Ridge,39,26,N,NA,15,0,0,24,40,NA,46,0,
S16,8/11/2016,Salt Run,St Johns,N,SR58,SR58,29.8733,-81.275618,0.525,5.75,0.091304348,Ridge,39,28,Y,S16SR58R28,11,0,0,29,45,NA,26,0,
S16,8/11/2016,Salt Run,St Johns,N,SR60,SR60,29.874319,-81.275942,0.54,5.4,0.1,Ridge,29,3,Y,S16SR60R3,10,0,0,10,41,NA,49,0,
S16,8/11/2016,Salt Run,St Johns,N,SR60,SR60,29.874319,-81.275942,0.54,5.4,0.1,Ridge,29,8,Y,S16SR60R8,17,0,0,37,29,NA,44,0,
S16,8/11/2016,Salt Run,St Johns,N,SR60,SR60,29.874319,-81.275942,0.54,5.4,0.1,Ridge,29,14,N,NA,15,0,0,23,50,NA,27,0,
S16,8/11/2016,Salt Run,St Johns,N,SR60,SR60,29.874319,-81.275942,0.54,5.4,0.1,Ridge,29,15,N,NA,10,0,0,46,37,NA,17,0,
S16,8/11/2016,Salt Run,St Johns,N,SR60,SR60,29.874319,-81.275942,0.54,5.4,0.1,Ridge,29,20,N,NA,11,0,0,44,47,NA,9,0,
S16,8/11/2016,Salt Run,St Johns,N,SR60,SR60,29.874319,-81.275942,0.54,5.4,0.1,Ridge,29,27,Y,S16SR60R27,11,0,0,40,42,NA,18,0,
S16,8/11/2016,Salt Run,St Johns,N,SR62,SR62,29.875596,-81.27732,0.53,6.8,0.077941176,Ridge,25,4,Y,S16SR62R4,7,0,0,6,2,NA,74,0,
S16,8/11/2016,Salt Run,St Johns,N,SR62,SR62,29.875596,-81.27732,0.53,6.8,0.077941176,Ridge,25,11,N,NA,3,0,0,11,13,NA,76,0,
S16,8/11/2016,Salt Run,St Johns,N,SR62,SR62,29.875596,-81.27732,0.53,6.8,0.077941176,Ridge,25,14,Y,S16SR62R14,4,0,0,6,14,NA,80,0,
S16,8/11/2016,Salt Run,St Johns,N,SR62,SR62,29.875596,-81.27732,0.53,6.8,0.077941176,Ridge,25,16,N,NA,12,0,0,14,23,NA,63,0,
S16,8/11/2016,Salt Run,St Johns,N,SR62,SR62,29.875596,-81.27732,0.53,6.8,0.077941176,Ridge,25,18,Y,S16SR62R18,5,0,0,11,24,NA,64,0,
S16,8/11/2016,Salt Run,St Johns,N,SR62,SR62,29.875596,-81.27732,0.53,6.8,0.077941176,Ridge,25,21,N,NA,6,0,0,10,20,NA,70,0,
S16,8/17/2016,Guana River,St Johns,N,GR72,GR6,30.002381,-81.326086,0.625,2.13,0.29342723,Ridge,10,0,N,NA,3,0,0,15,80,NA,5,0,
S16,8/17/2016,Guana River,St Johns,N,GR72,GR6,30.002381,-81.326086,0.625,2.13,0.29342723,Ridge,10,1,N,NA,9,0,0,22,65,NA,13,0,
S16,8/17/2016,Guana River,St Johns,N,GR72,GR6,30.002381,-81.326086,0.625,2.13,0.29342723,Ridge,10,2,Y,S16GR72R2,13,0,0,22,61,NA,17,0,
S16,8/17/2016,Guana River,St Johns,N,GR72,GR6,30.002381,-81.326086,0.625,2.13,0.29342723,Ridge,10,3,Y,S16GR72R3,10,0,0,15,73,NA,12,0,
S16,8/17/2016,Guana River,St Johns,N,GR72,GR6,30.002381,-81.326086,0.625,2.13,0.29342723,Ridge,10,7,N,NA,8,0,0,8,85,NA,7,0,
S16,8/17/2016,Guana River,St Johns,N,GR72,GR6,30.002381,-81.326086,0.625,2.13,0.29342723,Ridge,10,9,Y,S16GR72R9,14,0,0,31,52,NA,17,0,
S16,8/17/2016,Salt Run,St Johns,Y,SR38,SR38,29.879983,-81.275988,0.52,4.75,0.109473684,Ridge,16,0,Y,S16SR38R0,5,0,0,21,48,NA,31,0,
S16,8/17/2016,Salt Run,St Johns,Y,SR38,SR38,29.879983,-81.275988,0.52,4.75,0.109473684,Ridge,16,1,N,NA,4,0,0,18,54,NA,28,0,
S16,8/17/2016,Salt Run,St Johns,Y,SR38,SR38,29.879983,-81.275988,0.52,4.75,0.109473684,Ridge,16,4,Y,S16SR38R4,6,0,0,11,35,NA,54,0,
S16,8/17/2016,Salt Run,St Johns,Y,SR38,SR38,29.879983,-81.275988,0.52,4.75,0.109473684,Ridge,16,11,N,NA,7,0,0,22,21,NA,57,0,
S16,8/17/2016,Salt Run,St Johns,Y,SR38,SR38,29.879983,-81.275988,0.52,4.75,0.109473684,Ridge,16,12,Y,S16SR38R12,9,0,0,17,29,NA,54,0,
S16,8/17/2016,Salt Run,St Johns,Y,SR38,SR38,29.879983,-81.275988,0.52,4.75,0.109473684,Ridge,16,15,N,NA,6,0,0,12,30,NA,58,0,
S16,8/17/2016,Salt Run,St Johns,Y,SR41,SR41,29.879581,-81.276823,0.81,7.65,0.105882353,Ridge,50,10,Y,S16SR41R10,2,0,0,27,58,NA,15,0,former SR2
S16,8/17/2016,Salt Run,St Johns,Y,SR41,SR41,29.879581,-81.276823,0.81,7.65,0.105882353,Ridge,50,12,Y,S16SR41R12,6,0,0,30,47,NA,23,0,former SR2
S16,8/17/2016,Salt Run,St Johns,Y,SR41,SR41,29.879581,-81.276823,0.81,7.65,0.105882353,Ridge,50,14,N,NA,6,0,0,25,54,NA,21,0,former SR2
S16,8/17/2016,Salt Run,St Johns,Y,SR41,SR41,29.879581,-81.276823,0.81,7.65,0.105882353,Ridge,50,24,N,NA,5,0,0,24,64,NA,12,0,former SR2
S16,8/17/2016,Salt Run,St Johns,Y,SR41,SR41,29.879581,-81.276823,0.81,7.65,0.105882353,Ridge,50,38,Y,S16SR41R38,13,0,0,25,49,NA,26,0,former SR2
S16,8/17/2016,Salt Run,St Johns,Y,SR41,SR41,29.879581,-81.276823,0.81,7.65,0.105882353,Ridge,50,46,N,NA,6,0,0,25,54,NA,21,0,former SR2
S16,8/17/2016,Salt Run,St Johns,N,SR85,SR85,29.893549,-81.286694,0.78,5,0.156,Ridge,24,2,N,NA,10,0,0,26,25,NA,49,0,
S16,8/17/2016,Salt Run,St Johns,N,SR85,SR85,29.893549,-81.286694,0.78,5,0.156,Ridge,24,3,Y,S16SR85R3,19,0,0,25,37,NA,38,0,
S16,8/17/2016,Salt Run,St Johns,N,SR85,SR85,29.893549,-81.286694,0.78,5,0.156,Ridge,24,9,N,NA,15,0,0,22,44,NA,33,1,%other - whelk
S16,8/17/2016,Salt Run,St Johns,N,SR85,SR85,29.893549,-81.286694,0.78,5,0.156,Ridge,24,19,Y,S16SR85R19,13,0,0,28,35,NA,37,0,
S16,8/17/2016,Salt Run,St Johns,N,SR85,SR85,29.893549,-81.286694,0.78,5,0.156,Ridge,24,20,N,NA,10,0,0,27,38,NA,35,0,
S16,8/17/2016,Salt Run,St Johns,N,SR85,SR85,29.893549,-81.286694,0.78,5,0.156,Ridge,24,23,Y,S16SR85R23,11,0,0,30,29,NA,41,0,
S16,8/17/2016,Salt Run,St Johns,N,SR86,SR86,29.894552,-81.28753,0.65,3.25,0.2,Ridge,27,5,N,NA,24,0,0,40,22,NA,38,0,
S16,8/17/2016,Salt Run,St Johns,N,SR86,SR86,29.894552,-81.28753,0.65,3.25,0.2,Ridge,27,9,N,NA,31,0,0,34,31,NA,35,0,
S16,8/17/2016,Salt Run,St Johns,N,SR86,SR86,29.894552,-81.28753,0.65,3.25,0.2,Ridge,27,13,Y,S16SR86R13,14,0,0,28,27,NA,45,0,
S16,8/17/2016,Salt Run,St Johns,N,SR86,SR86,29.894552,-81.28753,0.65,3.25,0.2,Ridge,27,17,Y,S16SR86R17,19,0,0,30,25,NA,45,0,
S16,8/17/2016,Salt Run,St Johns,N,SR86,SR86,29.894552,-81.28753,0.65,3.25,0.2,Ridge,27,19,N,NA,23,0,0,31,25,NA,44,0,
S16,8/17/2016,Salt Run,St Johns,N,SR86,SR86,29.894552,-81.28753,0.65,3.25,0.2,Ridge,27,25,Y,S16SR86R25,19,0,0,38,18,NA,44,0,
S16,8/22/2016,Guana River,St Johns,N,GR1,GR1,30.01622,-81.32779,0.91,3.75,0.242666667,Ridge,85,19,N,NA,20,0,0,33,33,NA,29,5,%other - mussels
S16,8/22/2016,Guana River,St Johns,N,GR1,GR1,30.01622,-81.32779,0.91,3.75,0.242666667,Ridge,85,23,Y,S16GR1R23,21,0,0,39,46,NA,12,3,%other - mussels
S16,8/22/2016,Guana River,St Johns,N,GR1,GR1,30.01622,-81.32779,0.91,3.75,0.242666667,Ridge,85,24,N,NA,24,0,0,39,42,NA,19,1,%other - mussels
S16,8/22/2016,Guana River,St Johns,N,GR1,GR1,30.01622,-81.32779,0.91,3.75,0.242666667,Ridge,85,43,Y,S16GR1R43,15,0,0,33,24,NA,43,0,
S16,8/22/2016,Guana River,St Johns,N,GR1,GR1,30.01622,-81.32779,0.91,3.75,0.242666667,Ridge,85,59,Y,S16GR1R59,17,0,0,28,21,NA,51,0,
S16,8/22/2016,Guana River,St Johns,N,GR1,GR1,30.01622,-81.32779,0.91,3.75,0.242666667,Ridge,85,69,N,NA,7,0,0,27,22,NA,51,0,
S16,8/22/2016,Guana River,St Johns,N,GR61,GR61,29.984102,-81.325864,0.82,4.19,0.195704057,Ridge,22,7,Y,S16GR61R7,20,0,0,51,43,NA,6,0,
S16,8/22/2016,Guana River,St Johns,N,GR61,GR61,29.984102,-81.325864,0.82,4.19,0.195704057,Ridge,22,8,N,NA,17,0,0,62,30,NA,8,0,
S16,8/22/2016,Guana River,St Johns,N,GR61,GR61,29.984102,-81.325864,0.82,4.19,0.195704057,Ridge,22,9,Y,S16GR61R9,14,0,0,44,54,NA,2,0,
S16,8/22/2016,Guana River,St Johns,N,GR61,GR61,29.984102,-81.325864,0.82,4.19,0.195704057,Ridge,22,11,Y,S16GR61R11,13,0,0,26,66,NA,28,0,
S16,8/22/2016,Guana River,St Johns,N,GR61,GR61,29.984102,-81.325864,0.82,4.19,0.195704057,Ridge,22,20,N,NA,7,0,0,38,47,NA,14,1,%other - mussels
S16,8/22/2016,Guana River,St Johns,N,GR61,GR61,29.984102,-81.325864,0.82,4.19,0.195704057,Ridge,22,21,N,NA,11,0,0,40,48,NA,12,0,
S16,8/22/2016,Guana River,St Johns,N,GR87,GR87,29.996129,-81.322495,1.02,4.96,0.205645161,Ridge,34,13,N,NA,9,1,0,16,28,NA,56,0,
S16,8/22/2016,Guana River,St Johns,N,GR87,GR87,29.996129,-81.322495,1.02,4.96,0.205645161,Ridge,34,14,N,NA,10,0,0,23,36,NA,41,0,
S16,8/22/2016,Guana River,St Johns,N,GR87,GR87,29.996129,-81.322495,1.02,4.96,0.205645161,Ridge,34,18,N,NA,7,0,0,26,54,NA,20,0,
S16,8/22/2016,Guana River,St Johns,N,GR87,GR87,29.996129,-81.322495,1.02,4.96,0.205645161,Ridge,34,21,Y,S16GR87R21,1,0,0,9,58,NA,33,0,
S16,8/22/2016,Guana River,St Johns,N,GR87,GR87,29.996129,-81.322495,1.02,4.96,0.205645161,Ridge,34,22,Y,S16GR87R22,5,0,0,6,51,NA,43,0,
S16,8/22/2016,Guana River,St Johns,N,GR87,GR87,29.996129,-81.322495,1.02,4.96,0.205645161,Ridge,34,29,Y,S16GR87R29,13,0,0,13,20,NA,67,0,
S16,8/23/2016,Guana River,St Johns,N,GR24,GR24,30.01708,-81.326712,0.88,4.22,0.208530806,Ridge,12,0,Y,S16GR24R0,12,0,0,30,34,NA,36,0,Few footprints in cover quadrat
S16,8/23/2016,Guana River,St Johns,N,GR24,GR24,30.01708,-81.326712,0.88,4.22,0.208530806,Ridge,12,1,N,NA,11,0,0,35,38,NA,25,2,%other - mussels
S16,8/23/2016,Guana River,St Johns,N,GR24,GR24,30.01708,-81.326712,0.88,4.22,0.208530806,Ridge,12,2,N,NA,13,0,0,31,33,NA,35,1,%other - mussels
S16,8/23/2016,Guana River,St Johns,N,GR24,GR24,30.01708,-81.326712,0.88,4.22,0.208530806,Ridge,12,4,Y,S16GR24R4,17,0,0,40,23,NA,34,3,%other - mussels
S16,8/23/2016,Guana River,St Johns,N,GR24,GR24,30.01708,-81.326712,0.88,4.22,0.208530806,Ridge,12,6,N,NA,15,0,0,41,21,NA,38,0,
S16,8/23/2016,Guana River,St Johns,N,GR24,GR24,30.01708,-81.326712,0.88,4.22,0.208530806,Ridge,12,11,Y,S16GR24R11,17,0,0,42,20,NA,34,4,%other - mussels
S16,8/23/2016,Guana River,St Johns,N,GR8,GR8A,30.01969,-81.328395,0.725,4.64,0.15625,Ridge,40,2,Y,S16GR8R2,21,0,0,33,35,NA,29,3,%other - mussels; large area in middle of cover quadrat with no oysters/dead patch
S16,8/23/2016,Guana River,St Johns,N,GR8,GR8A,30.01969,-81.328395,0.725,4.64,0.15625,Ridge,40,14,N,NA,12,0,0,29,12,NA,59,0,
S16,8/23/2016,Guana River,St Johns,N,GR8,GR8A,30.01969,-81.328395,0.725,4.64,0.15625,Ridge,40,16,Y,S16GR8R16,16,0,0,36,25,NA,38,1,%other - mussels
S16,8/23/2016,Guana River,St Johns,N,GR8,GR8A,30.01969,-81.328395,0.725,4.64,0.15625,Ridge,40,20,N,NA,15,0,0,29,17,NA,54,0,
S16,8/23/2016,Guana River,St Johns,N,GR8,GR8A,30.01969,-81.328395,0.725,4.64,0.15625,Ridge,40,29,Y,S16GR8R29,20,0,0,29,20,NA,51,0,
S16,8/23/2016,Guana River,St Johns,N,GR8,GR8A,30.01969,-81.328395,0.725,4.64,0.15625,Ridge,40,38,N,NA,16,0,0,35,24,NA,39,2,%other - mussels
S16,8/24/2016,Guana River,St Johns,N,GR32,GR32,30.017611,-81.326335,0.62,3.84,0.161458333,Ridge,11,1,Y,S16GR32R1,8,0,0,25,30,NA,45,0,
S16,8/24/2016,Guana River,St Johns,N,GR32,GR32,30.017611,-81.326335,0.62,3.84,0.161458333,Ridge,11,3,N,NA,10,0,0,26,28,NA,42,4,%other - mussels
S16,8/24/2016,Guana River,St Johns,N,GR32,GR32,30.017611,-81.326335,0.62,3.84,0.161458333,Ridge,11,4,N,NA,11,0,0,24,32,NA,42,2,%other - mussels
S16,8/24/2016,Guana River,St Johns,N,GR32,GR32,30.017611,-81.326335,0.62,3.84,0.161458333,Ridge,11,6,Y,S16GR32R6,8,0,0,25,43,NA,32,0,
S16,8/24/2016,Guana River,St Johns,N,GR32,GR32,30.017611,-81.326335,0.62,3.84,0.161458333,Ridge,11,7,Y,S16GR32R7,9,0,0,23,39,NA,37,1,%other - mussels
S16,8/24/2016,Guana River,St Johns,N,GR32,GR32,30.017611,-81.326335,0.62,3.84,0.161458333,Ridge,11,9,N,NA,15,0,0,27,16,NA,53,4,%other - mussels
S16,8/24/2016,Guana River,St Johns,N,GR37,GR37,30.008551,-81.324333,0.7,2.95,0.237288136,Ridge,12,4,N,NA,15,0,0,13,29,NA,58,0,
S16,8/24/2016,Guana River,St Johns,N,GR37,GR37,30.008551,-81.324333,0.7,2.95,0.237288136,Ridge,12,5,Y,S16GR37R5,12,0,0,11,25,NA,64,0,
S16,8/24/2016,Guana River,St Johns,N,GR37,GR37,30.008551,-81.324333,0.7,2.95,0.237288136,Ridge,12,6,N,NA,12,0,0,10,37,NA,53,0,
S16,8/24/2016,Guana River,St Johns,N,GR37,GR37,30.008551,-81.324333,0.7,2.95,0.237288136,Ridge,12,8,N,NA,10,0,0,22,11,NA,67,0,
S16,8/24/2016,Guana River,St Johns,N,GR37,GR37,30.008551,-81.324333,0.7,2.95,0.237288136,Ridge,12,10,Y,S16GR37R10,14,0,0,20,20,NA,60,0,
S16,8/24/2016,Guana River,St Johns,N,GR37,GR37,30.008551,-81.324333,0.7,2.95,0.237288136,Ridge,12,11,Y,S16GR37R11,12,0,0,26,14,NA,60,0,Footprints in cover quadrat- only in mud
S16,8/24/2016,Guana River,St Johns,N,GR51,GR51,30.015104,-81.327155,0.665,5.34,0.124531835,Ridge,18,3,N,NA,18,0,0,23,10,NA,67,0,
S16,8/24/2016,Guana River,St Johns,N,GR51,GR51,30.015104,-81.327155,0.665,5.34,0.124531835,Ridge,18,6,Y,S16GR51R6,21,0,0,36,11,NA,53,0,
S16,8/24/2016,Guana River,St Johns,N,GR51,GR51,30.015104,-81.327155,0.665,5.34,0.124531835,Ridge,18,10,N,NA,14,0,0,30,22,NA,48,0,
S16,8/24/2016,Guana River,St Johns,N,GR51,GR51,30.015104,-81.327155,0.665,5.34,0.124531835,Ridge,18,13,Y,S16GR51R13,15,0,0,34,25,NA,38,3,%other - mussels
S16,8/24/2016,Guana River,St Johns,N,GR51,GR51,30.015104,-81.327155,0.665,5.34,0.124531835,Ridge,18,14,Y,S16GR51R14,14,0,0,30,30,NA,38,2,%other - mussels
S16,8/24/2016,Guana River,St Johns,N,GR51,GR51,30.015104,-81.327155,0.665,5.34,0.124531835,Ridge,18,16,N,NA,12,0,0,15,61,NA,23,1,%other - mussels
S16,8/24/2016,Guana River,St Johns,N,GR78,GR78,30.014551,-81.326826,0.7,5.35,0.130841121,Ridge,13,1,Y,S16GR78R1,15,0,0,37,15,NA,48,0,
S16,8/24/2016,Guana River,St Johns,N,GR78,GR78,30.014551,-81.326826,0.7,5.35,0.130841121,Ridge,13,2,Y,S16GR78R2,16,0,0,25,8,NA,67,0,
S16,8/24/2016,Guana River,St Johns,N,GR78,GR78,30.014551,-81.326826,0.7,5.35,0.130841121,Ridge,13,5,N,NA,14,0,0,27,11,NA,62,0,
S16,8/24/2016,Guana River,St Johns,N,GR78,GR78,30.014551,-81.326826,0.7,5.35,0.130841121,Ridge,13,10,N,NA,10,0,0,25,12,NA,63,0,
S16,8/24/2016,Guana River,St Johns,N,GR78,GR78,30.014551,-81.326826,0.7,5.35,0.130841121,Ridge,13,11,N,NA,11,0,0,24,22,NA,52,2,%other - mussels
S16,8/24/2016,Guana River,St Johns,N,GR78,GR78,30.014551,-81.326826,0.7,5.35,0.130841121,Ridge,13,12,Y,S16GR78R12,15,0,0,32,10,NA,57,1,%other - mussels
S16,8/26/2016,St Augustine,St Johns,N,SA441,SA441,29.8622,-81.311768,0.66,6.25,0.1056,Ridge,5,0,Y,S16SA441R0,18,0,0,34,15,NA,51,0,
S16,8/26/2016,St Augustine,St Johns,N,SA441,SA441,29.8622,-81.311768,0.66,6.25,0.1056,Ridge,5,1,Y,S16SA441R1,15,0,0,32,16,NA,52,0,
S16,8/26/2016,St Augustine,St Johns,N,SA441,SA441,29.8622,-81.311768,0.66,6.25,0.1056,Ridge,5,2,N,NA,15,0,0,28,19,NA,53,0,
S16,8/26/2016,St Augustine,St Johns,N,SA441,SA441,29.8622,-81.311768,0.66,6.25,0.1056,Ridge,5,3,N,NA,18,0,0,29,14,NA,57,0,
S16,8/26/2016,St Augustine,St Johns,N,SA441,SA441,29.8622,-81.311768,0.66,6.25,0.1056,Ridge,5,4,Y,S16SA441R4,25,0,0,20,5,NA,75,0,"Nikki stepped in cover quadrat, looked like only in mud not on oysters"
S16,8/26/2016,St Augustine,St Johns,N,SA443,SA443,29.86334,-81.31026,0.26,2.57,0.101167315,Ridge,8,0,N,NA,21,0,0,30,67,NA,3,0,
S16,8/26/2016,St Augustine,St Johns,N,SA443,SA443,29.86334,-81.31026,0.26,2.57,0.101167315,Ridge,8,1,N,NA,8,0,0,18,82,NA,0,0,
S16,8/26/2016,St Augustine,St Johns,N,SA443,SA443,29.86334,-81.31026,0.26,2.57,0.101167315,Ridge,8,4,Y,S16SA443R4,8,0,0,26,65,NA,7,2,"%Other - 1 clam, 1 mussel"
S16,8/26/2016,St Augustine,St Johns,N,SA443,SA443,29.86334,-81.31026,0.26,2.57,0.101167315,Ridge,8,5,Y,S16SA443R5,8,0,0,22,73,NA,4,1,%Other - 1 mussel
S16,8/26/2016,St Augustine,St Johns,N,SA443,SA443,29.86334,-81.31026,0.26,2.57,0.101167315,Ridge,8,6,N,NA,16,0,0,27,69,NA,4,0,
S16,8/26/2016,St Augustine,St Johns,N,SA443,SA443,29.86334,-81.31026,0.26,2.57,0.101167315,Ridge,8,7,Y,S16SA443R7,13,0,0,34,57,NA,9,0,
S16,8/26/2016,St Augustine,St Johns,N,SA497,SA497,29.900737,-81.310643,0.6,6.45,0.093023256,Ridge,13,0,Y,S16SA497R0,22,0,0,27,25,NA,48,0,
S16,8/26/2016,St Augustine,St Johns,N,SA497,SA497,29.900737,-81.310643,0.6,6.45,0.093023256,Ridge,13,5,N,NA,16,0,0,24,17,NA,59,0,
S16,8/26/2016,St Augustine,St Johns,N,SA497,SA497,29.900737,-81.310643,0.6,6.45,0.093023256,Ridge,13,6,Y,S16SA497R6,24,0,0,21,32,NA,47,0,
S16,8/26/2016,St Augustine,St Johns,N,SA497,SA497,29.900737,-81.310643,0.6,6.45,0.093023256,Ridge,13,7,Y,S16SA497R7,12,0,0,25,22,NA,53,0,
S16,8/26/2016,St Augustine,St Johns,N,SA497,SA497,29.900737,-81.310643,0.6,6.45,0.093023256,Ridge,13,10,N,NA,6,0,0,18,39,NA,43,0,
S16,8/26/2016,St Augustine,St Johns,N,SA497,SA497,29.900737,-81.310643,0.6,6.45,0.093023256,Ridge,13,11,N,NA,5,0,0,7,30,NA,63,0,
S16,8/26/2016,St Augustine,St Johns,N,SANR1,SANR1,29.90174,-81.3103,0.76,4.27,0.177985948,Ridge,37,6,N,NA,5,0,0,14,85,NA,1,0,
S16,8/26/2016,St Augustine,St Johns,N,SANR1,SANR1,29.90174,-81.3103,0.76,4.27,0.177985948,Ridge,37,9,Y,S16SANR1R9,6,0,0,10,90,NA,0,0,
S16,8/26/2016,St Augustine,St Johns,N,SANR1,SANR1,29.90174,-81.3103,0.76,4.27,0.177985948,Ridge,37,13,Y,S16SANR1R13,7,0,0,21,75,NA,3,1,%Other - 1 clam  
S16,8/26/2016,St Augustine,St Johns,N,SANR1,SANR1,29.90174,-81.3103,0.76,4.27,0.177985948,Ridge,37,17,N,NA,12,0,0,19,81,NA,0,0,
S16,8/26/2016,St Augustine,St Johns,N,SANR1,SANR1,29.90174,-81.3103,0.76,4.27,0.177985948,Ridge,37,23,Y,S16SANR1R23,13,0,0,23,73,NA,4,0,
S16,8/26/2016,St Augustine,St Johns,N,SANR1,SANR1,29.90174,-81.3103,0.76,4.27,0.177985948,Ridge,37,36,N,NA,8,0,0,12,86,NA,2,0,
S16,8/26/2016,St Augustine,St Johns,N,SANR2,SANR2,29.887356,-81.299881,0.5,1.8,0.277777778,Ridge,10,1,Y,S16SANR2R1,9,0,0,14,28,NA,58,0,
S16,8/26/2016,St Augustine,St Johns,N,SANR2,SANR2,29.887356,-81.299881,0.5,1.8,0.277777778,Ridge,10,2,Y,S16SANR2R2,15,0,0,21,17,NA,62,0,
S16,8/26/2016,St Augustine,St Johns,N,SANR2,SANR2,29.887356,-81.299881,0.5,1.8,0.277777778,Ridge,10,3,N,NA,10,0,0,21,12,NA,67,0,
S16,8/26/2016,St Augustine,St Johns,N,SANR2,SANR2,29.887356,-81.299881,0.5,1.8,0.277777778,Ridge,10,4,N,NA,11,0,0,23,11,NA,66,0,
S16,8/26/2016,St Augustine,St Johns,N,SANR2,SANR2,29.887356,-81.299881,0.5,1.8,0.277777778,Ridge,10,5,Y,S16SANR2R5,11,0,0,9,20,NA,71,0,
S16,8/26/2016,St Augustine,St Johns,N,SANR2,SANR2,29.887356,-81.299881,0.5,1.8,0.277777778,Ridge,10,9,N,NA,13,0,0,11,22,NA,67,0,
S16,9/6/2016,Guana River,St Johns,N,GR60,GR60,29.98415,-81.32509,0.85,4.4,0.193181818,Ridge,11,0,N,NA,18,0,0,41,50,NA,9,0,
S16,9/6/2016,Guana River,St Johns,N,GR60,GR60,29.98415,-81.32509,0.85,4.4,0.193181818,Ridge,11,1,N,NA,14,0,0,25,69,NA,6,0,
S16,9/6/2016,Guana River,St Johns,N,GR60,GR60,29.98415,-81.32509,0.85,4.4,0.193181818,Ridge,11,2,Y,S16GR60R2,12,0,0,31,67,NA,2,0,
S16,9/6/2016,Guana River,St Johns,N,GR60,GR60,29.98415,-81.32509,0.85,4.4,0.193181818,Ridge,11,3,N,NA,13,0,0,25,72,NA,2,1,%other - mussels
S16,9/6/2016,Guana River,St Johns,N,GR60,GR60,29.98415,-81.32509,0.85,4.4,0.193181818,Ridge,11,4,Y,S16GR60R4,14,0,0,33,65,NA,2,0,
S16,9/6/2016,Guana River,St Johns,N,GR60,GR60,29.98415,-81.32509,0.85,4.4,0.193181818,Ridge,11,10,Y,S16GR60R10,21,0,0,56,35,NA,9,0,
S16,9/6/2016,Guana River,St Johns,N,GR62,GR62,29.987982,-81.322413,0.87,5.9,0.147457627,Ridge,11,1,N,NA,22,0,0,40,52,NA,8,0,
S16,9/6/2016,Guana River,St Johns,N,GR62,GR62,29.987982,-81.322413,0.87,5.9,0.147457627,Ridge,11,2,Y,S16GR62R2,13,0,0,32,61,NA,7,0,
S16,9/6/2016,Guana River,St Johns,N,GR62,GR62,29.987982,-81.322413,0.87,5.9,0.147457627,Ridge,11,5,Y,S16GR62R5,19,0,0,48,44,NA,8,0,
S16,9/6/2016,Guana River,St Johns,N,GR62,GR62,29.987982,-81.322413,0.87,5.9,0.147457627,Ridge,11,7,N,NA,15,0,0,26,66,NA,8,0,
S16,9/6/2016,Guana River,St Johns,N,GR62,GR62,29.987982,-81.322413,0.87,5.9,0.147457627,Ridge,11,8,N,NA,14,0,0,36,55,NA,9,0,
S16,9/6/2016,Guana River,St Johns,N,GR62,GR62,29.987982,-81.322413,0.87,5.9,0.147457627,Ridge,11,9,Y,S16GR62R9,13,0,0,33,49,NA,18,0,
S16,9/6/2016,Guana River,St Johns,N,GR73,GR73,30.001874,-81.324451,1.12,5.6,0.2,Ridge,13,0,Y,S16GR73R0,4,0,0,17,66,NA,17,0,
S16,9/6/2016,Guana River,St Johns,N,GR73,GR73,30.001874,-81.324451,1.12,5.6,0.2,Ridge,13,3,Y,S16GR73R3,4,0,0,11,82,NA,7,0,
S16,9/6/2016,Guana River,St Johns,N,GR73,GR73,30.001874,-81.324451,1.12,5.6,0.2,Ridge,13,4,N,NA,5,0,0,21,59,NA,20,0,
S16,9/6/2016,Guana River,St Johns,N,GR73,GR73,30.001874,-81.324451,1.12,5.6,0.2,Ridge,13,9,Y,S16GR73R9,7,0,0,27,32,NA,41,0,
S16,9/6/2016,Guana River,St Johns,N,GR73,GR73,30.001874,-81.324451,1.12,5.6,0.2,Ridge,13,11,N,NA,7,0,0,24,48,NA,27,1,%other - mussels
S16,9/6/2016,Guana River,St Johns,N,GR73,GR73,30.001874,-81.324451,1.12,5.6,0.2,Ridge,13,12,N,NA,16,0,0,37,32,NA,31,0,
S16,9/7/2016,Guana River,St Johns,N,GR43,GR43,30.008648,-81.325788,0.725,5.15,0.140776699,Ridge,11,0,Y,S16GR43R0,11,0,0,23,22,NA,55,0,
S16,9/7/2016,Guana River,St Johns,N,GR43,GR43,30.008648,-81.325788,0.725,5.15,0.140776699,Ridge,11,1,N,NA,13,0,0,21,34,NA,45,0,
S16,9/7/2016,Guana River,St Johns,N,GR43,GR43,30.008648,-81.325788,0.725,5.15,0.140776699,Ridge,11,4,N,NA,13,0,0,27,33,NA,40,0,
S16,9/7/2016,Guana River,St Johns,N,GR43,GR43,30.008648,-81.325788,0.725,5.15,0.140776699,Ridge,11,7,N,NA,19,0,0,31,23,NA,46,0,
S16,9/7/2016,Guana River,St Johns,N,GR43,GR43,30.008648,-81.325788,0.725,5.15,0.140776699,Ridge,11,8,Y,S16GR43R8,22,0,0,25,38,NA,37,0,
S16,9/7/2016,Guana River,St Johns,N,GR43,GR43,30.008648,-81.325788,0.725,5.15,0.140776699,Ridge,11,9,Y,S16GR43R9,26,0,0,27,35,NA,38,0,
S16,9/7/2016,Guana River,St Johns,N,GR5,GR5A,29.9846,-81.323988,0.45,4.8,0.09375,Ridge,10,0,Y,S16GR5R0,11,0,0,26,35,NA,39,0,
S16,9/7/2016,Guana River,St Johns,N,GR5,GR5A,29.9846,-81.323988,0.45,4.8,0.09375,Ridge,10,1,N,NA,19,0,0,37,31,NA,32,0,
S16,9/7/2016,Guana River,St Johns,N,GR5,GR5A,29.9846,-81.323988,0.45,4.8,0.09375,Ridge,10,2,Y,S16GR5R2,17,0,0,38,32,NA,30,0,
S16,9/7/2016,Guana River,St Johns,N,GR5,GR5A,29.9846,-81.323988,0.45,4.8,0.09375,Ridge,10,4,N,NA,18,0,0,39,50,NA,11,0,
S16,9/7/2016,Guana River,St Johns,N,GR5,GR5A,29.9846,-81.323988,0.45,4.8,0.09375,Ridge,10,5,Y,S16GR5R5,19,0,0,51,46,NA,3,0,
S16,9/7/2016,Guana River,St Johns,N,GR5,GR5A,29.9846,-81.323988,0.45,4.8,0.09375,Ridge,10,8,N,NA,10,0,0,40,51,NA,9,0,
S16,9/7/2016,Guana River,St Johns,N,GR65,GR65,29.988342,-81.320945,0.725,4.4,0.164772727,Ridge,43,3,N,NA,17,0,0,29,63,NA,8,0,
S16,9/7/2016,Guana River,St Johns,N,GR65,GR65,29.988342,-81.320945,0.725,4.4,0.164772727,Ridge,43,6,Y,S16GR65R6,10,0,0,26,73,NA,1,0,
S16,9/7/2016,Guana River,St Johns,N,GR65,GR65,29.988342,-81.320945,0.725,4.4,0.164772727,Ridge,43,12,N,NA,10,0,0,34,62,NA,4,0,
S16,9/7/2016,Guana River,St Johns,N,GR65,GR65,29.988342,-81.320945,0.725,4.4,0.164772727,Ridge,43,20,Y,S16GR65R20,7,0,0,25,71,NA,4,0,
S16,9/7/2016,Guana River,St Johns,N,GR65,GR65,29.988342,-81.320945,0.725,4.4,0.164772727,Ridge,43,27,N,NA,8,0,0,42,47,NA,11,0,
S16,9/7/2016,Guana River,St Johns,N,GR65,GR65,29.988342,-81.320945,0.725,4.4,0.164772727,Ridge,43,42,Y,S16GR65R42,9,0,0,28,67,NA,5,0,
S16,9/8/2016,St Augustine,St Johns,N,SA47,SA47,29.910555,-81.324867,0.82,2.8,0.292857143,Ridge,10,1,Y,S16SA47R1,12,0,0,26,37,NA,37,0,
S16,9/8/2016,St Augustine,St Johns,N,SA47,SA47,29.910555,-81.324867,0.82,2.8,0.292857143,Ridge,10,2,N,NA,14,0,0,31,34,NA,35,0,
S16,9/8/2016,St Augustine,St Johns,N,SA47,SA47,29.910555,-81.324867,0.82,2.8,0.292857143,Ridge,10,3,N,NA,19,0,0,29,32,NA,39,0,
S16,9/8/2016,St Augustine,St Johns,N,SA47,SA47,29.910555,-81.324867,0.82,2.8,0.292857143,Ridge,10,4,N,NA,13,0,0,31,38,NA,31,0,
S16,9/8/2016,St Augustine,St Johns,N,SA47,SA47,29.910555,-81.324867,0.82,2.8,0.292857143,Ridge,10,6,Y,S16SA47R6,10,0,0,27,50,NA,23,0,
S16,9/8/2016,St Augustine,St Johns,N,SA47,SA47,29.910555,-81.324867,0.82,2.8,0.292857143,Ridge,10,7,Y,S16SA47R7,12,0,0,13,41,NA,46,0,
S16,9/8/2016,St Augustine,St Johns,N,SA50,SA50,29.909705,-81.325019,0.67,3.4,0.197058824,Ridge,15,4,N,NA,20,0,0,38,45,NA,17,0,
S16,9/8/2016,St Augustine,St Johns,N,SA50,SA50,29.909705,-81.325019,0.67,3.4,0.197058824,Ridge,15,6,N,NA,15,0,0,37,40,NA,23,0,
S16,9/8/2016,St Augustine,St Johns,N,SA50,SA50,29.909705,-81.325019,0.67,3.4,0.197058824,Ridge,15,7,N,NA,21,0,0,43,40,NA,17,0,
S16,9/8/2016,St Augustine,St Johns,N,SA50,SA50,29.909705,-81.325019,0.67,3.4,0.197058824,Ridge,15,8,Y,S16SA50R8,18,0,0,20,45,NA,35,0,
S16,9/8/2016,St Augustine,St Johns,N,SA50,SA50,29.909705,-81.325019,0.67,3.4,0.197058824,Ridge,15,9,Y,S16SA50R9,21,0,0,29,43,NA,28,0,
S16,9/8/2016,St Augustine,St Johns,N,SA50,SA50,29.909705,-81.325019,0.67,3.4,0.197058824,Ridge,15,12,Y,S16SA50R12,19,0,0,26,36,NA,38,0,
S16,9/8/2016,St Augustine,St Johns,N,SA56,SA56,29.910401,-81.323846,0.84,4.64,0.181034483,Ridge,12,1,N,NA,20,0,0,43,22,NA,35,0,
S16,9/8/2016,St Augustine,St Johns,N,SA56,SA56,29.910401,-81.323846,0.84,4.64,0.181034483,Ridge,12,4,N,NA,18,0,0,32,39,NA,28,1,%other - mussels
S16,9/8/2016,St Augustine,St Johns,N,SA56,SA56,29.910401,-81.323846,0.84,4.64,0.181034483,Ridge,12,6,N,NA,16,0,0,33,30,NA,37,0,
S16,9/8/2016,St Augustine,St Johns,N,SA56,SA56,29.910401,-81.323846,0.84,4.64,0.181034483,Ridge,12,9,N,NA,22,0,0,33,15,NA,52,0,
S16,9/8/2016,St Augustine,St Johns,N,SA56,SA56,29.910401,-81.323846,0.84,4.64,0.181034483,Ridge,12,10,N,NA,23,0,0,28,17,NA,55,0,
S16,9/8/2016,St Augustine,St Johns,N,SA56,SA56,29.910401,-81.323846,0.84,4.64,0.181034483,Ridge,12,11,N,NA,15,0,0,19,23,NA,58,0,
S16,9/8/2016,St Augustine,St Johns,N,SA62,SA62,29.911163,-81.325696,0.89,2.9,0.306896552,Ridge,12,1,N,NA,16,0,0,40,18,NA,42,0,
S16,9/8/2016,St Augustine,St Johns,N,SA62,SA62,29.911163,-81.325696,0.89,2.9,0.306896552,Ridge,12,2,Y,S16SA62R2,19,0,0,29,6,NA,65,0,
S16,9/8/2016,St Augustine,St Johns,N,SA62,SA62,29.911163,-81.325696,0.89,2.9,0.306896552,Ridge,12,3,Y,S16SA62R3,49,0,0,28,13,NA,59,0,
S16,9/8/2016,St Augustine,St Johns,N,SA62,SA62,29.911163,-81.325696,0.89,2.9,0.306896552,Ridge,12,4,Y,S16SA62R4,22,0,0,38,19,NA,43,0,
S16,9/8/2016,St Augustine,St Johns,N,SA62,SA62,29.911163,-81.325696,0.89,2.9,0.306896552,Ridge,12,5,N,NA,20,0,0,37,30,NA,33,0,
S16,9/8/2016,St Augustine,St Johns,N,SA62,SA62,29.911163,-81.325696,0.89,2.9,0.306896552,Ridge,12,9,N,NA,19,0,0,24,26,NA,49,1,%other - mussels
S16,9/9/2016,St Augustine,St Johns,N,SA295,SA295,29.90562,-81.32293,0.6,5.25,0.114285714,Ridge,13,0,Y,S16SA295R0,26,0,0,39,50,NA,10,1,%other - mussels
S16,9/9/2016,St Augustine,St Johns,N,SA295,SA295,29.90562,-81.32293,0.6,5.25,0.114285714,Ridge,13,2,Y,S16SA295R2,27,0,0,38,47,NA,12,3,%other - mussels
S16,9/9/2016,St Augustine,St Johns,N,SA295,SA295,29.90562,-81.32293,0.6,5.25,0.114285714,Ridge,13,8,N,NA,24,0,0,43,31,NA,26,0,
S16,9/9/2016,St Augustine,St Johns,N,SA295,SA295,29.90562,-81.32293,0.6,5.25,0.114285714,Ridge,13,10,N,NA,23,0,0,27,23,NA,50,0,
S16,9/9/2016,St Augustine,St Johns,N,SA295,SA295,29.90562,-81.32293,0.6,5.25,0.114285714,Ridge,13,11,Y,S16SA1195R11,18,0,0,43,21,NA,36,0,
S16,9/9/2016,St Augustine,St Johns,N,SA295,SA295,29.90562,-81.32293,0.6,5.25,0.114285714,Ridge,13,12,N,NA,31,0,0,54,32,NA,14,0,
S16,9/9/2016,St Augustine,St Johns,N,SA303,SA303,29.90487,-81.32317,0.6,6.98,0.085959885,Ridge,19,1,N,NA,17,0,0,17,32,NA,50,1,%other - mussels
S16,9/9/2016,St Augustine,St Johns,N,SA303,SA303,29.90487,-81.32317,0.6,6.98,0.085959885,Ridge,19,2,Y,S16SA303R2,16,0,0,21,41,NA,38,0,
S16,9/9/2016,St Augustine,St Johns,N,SA303,SA303,29.90487,-81.32317,0.6,6.98,0.085959885,Ridge,19,4,N,NA,17,0,0,25,49,NA,26,0,
S16,9/9/2016,St Augustine,St Johns,N,SA303,SA303,29.90487,-81.32317,0.6,6.98,0.085959885,Ridge,19,9,Y,S16SA303R9,16,0,0,17,24,NA,59,0,
S16,9/9/2016,St Augustine,St Johns,N,SA303,SA303,29.90487,-81.32317,0.6,6.98,0.085959885,Ridge,19,12,Y,S16SA303R12,15,0,0,20,25,NA,55,0,
S16,9/9/2016,St Augustine,St Johns,N,SA303,SA303,29.90487,-81.32317,0.6,6.98,0.085959885,Ridge,19,13,N,NA,11,0,0,23,26,NA,51,0,
S16,9/9/2016,St Augustine,St Johns,N,SA395,SA395,29.903479,-81.323194,0.85,3,0.283333333,Ridge,18,2,Y,S16SA395R2,14,0,0,31,38,NA,31,0,
S16,9/9/2016,St Augustine,St Johns,N,SA395,SA395,29.903479,-81.323194,0.85,3,0.283333333,Ridge,18,5,N,NA,16,0,0,22,42,NA,36,0,
S16,9/9/2016,St Augustine,St Johns,N,SA395,SA395,29.903479,-81.323194,0.85,3,0.283333333,Ridge,18,11,Y,S16SA395R11,12,0,0,21,33,NA,46,0,
S16,9/9/2016,St Augustine,St Johns,N,SA395,SA395,29.903479,-81.323194,0.85,3,0.283333333,Ridge,18,14,Y,S16SA395R14,12,0,0,16,26,NA,28,0,
S16,9/9/2016,St Augustine,St Johns,N,SA395,SA395,29.903479,-81.323194,0.85,3,0.283333333,Ridge,18,15,N,NA,11,0,0,19,26,NA,55,0,
S16,9/9/2016,St Augustine,St Johns,N,SA395,SA395,29.903479,-81.323194,0.85,3,0.283333333,Ridge,18,17,N,NA,9,0,0,10,28,NA,62,0,
S16,9/9/2016,St Augustine,St Johns,N,SA401,SA401,29.901725,-81.323236,0.595,3.9,0.152564103,Ridge,18,2,Y,S16SA401R2,19,0,0,44,47,NA,9,0,
S16,9/9/2016,St Augustine,St Johns,N,SA401,SA401,29.901725,-81.323236,0.595,3.9,0.152564103,Ridge,18,3,N,NA,25,0,0,44,44,NA,12,0,
S16,9/9/2016,St Augustine,St Johns,N,SA401,SA401,29.901725,-81.323236,0.595,3.9,0.152564103,Ridge,18,7,N,NA,21,0,0,39,20,NA,41,0,
S16,9/9/2016,St Augustine,St Johns,N,SA401,SA401,29.901725,-81.323236,0.595,3.9,0.152564103,Ridge,18,12,Y,S16SA401R12,21,0,0,51,24,NA,25,0,
S16,9/9/2016,St Augustine,St Johns,N,SA401,SA401,29.901725,-81.323236,0.595,3.9,0.152564103,Ridge,18,13,Y,S16SA401R13,23,0,0,41,34,NA,25,0,
S16,9/9/2016,St Augustine,St Johns,N,SA401,SA401,29.901725,-81.323236,0.595,3.9,0.152564103,Ridge,18,14,N,NA,13,0,0,46,27,NA,26,1,%other - mussels
S16,9/9/2016,St Augustine,St Johns,N,SANR3,SANR3,29.85172,-81.31146,0.8,3.5,0.228571429,Ridge,27,7,Y,S16SANR3R7,12,0,0,23,48,NA,29,0,
S16,9/9/2016,St Augustine,St Johns,N,SANR3,SANR3,29.85172,-81.31146,0.8,3.5,0.228571429,Ridge,27,8,N,NA,18,0,0,24,27,NA,49,0,
S16,9/9/2016,St Augustine,St Johns,N,SANR3,SANR3,29.85172,-81.31146,0.8,3.5,0.228571429,Ridge,27,15,N,NA,11,0,0,24,21,NA,55,0,
S16,9/9/2016,St Augustine,St Johns,N,SANR3,SANR3,29.85172,-81.31146,0.8,3.5,0.228571429,Ridge,27,18,Y,S16SANR3R18,17,0,0,29,28,NA,43,0,
S16,9/9/2016,St Augustine,St Johns,N,SANR3,SANR3,29.85172,-81.31146,0.8,3.5,0.228571429,Ridge,27,20,N,NA,21,0,0,30,28,NA,41,1,%other - mussels
S16,9/9/2016,St Augustine,St Johns,N,SANR3,SANR3,29.85172,-81.31146,0.8,3.5,0.228571429,Ridge,27,24,Y,S16SANR3R24,17,0,0,32,23,NA,45,0,
S16,9/12/2016,Guana River,St Johns,N,GR21,GR21,30.015459,-81.327434,1.03,2.7,0.381481481,Ridge,23,2,N,NA,14,0,0,41,29,NA,21,9,%other - mussels
S16,9/12/2016,Guana River,St Johns,N,GR21,GR21,30.015459,-81.327434,1.03,2.7,0.381481481,Ridge,23,3,Y,S16GR21R3,26,0,0,45,17,NA,35,3,%other - mussels
S16,9/12/2016,Guana River,St Johns,N,GR21,GR21,30.015459,-81.327434,1.03,2.7,0.381481481,Ridge,23,5,N,NA,20,0,0,40,21,NA,38,1,%other - mussels
S16,9/12/2016,Guana River,St Johns,N,GR21,GR21,30.015459,-81.327434,1.03,2.7,0.381481481,Ridge,23,8,N,NA,14,0,0,47,26,NA,27,0,
S16,9/12/2016,Guana River,St Johns,N,GR21,GR21,30.015459,-81.327434,1.03,2.7,0.381481481,Ridge,23,13,Y,S16GR21R13,12,0,0,39,41,NA,17,3,%other - mussels
S16,9/12/2016,Guana River,St Johns,N,GR21,GR21,30.015459,-81.327434,1.03,2.7,0.381481481,Ridge,23,16,Y,S16GR21R16,22,0,0,41,29,NA,26,4,%other - mussels
S16,9/12/2016,Guana River,St Johns,N,GR30,GR30,30.021332,-81.327742,0.55,8.5,0.064705882,Ridge,18,3,Y,S16GR30R3,8,0,0,28,18,NA,54,0,
S16,9/12/2016,Guana River,St Johns,N,GR30,GR30,30.021332,-81.327742,0.55,8.5,0.064705882,Ridge,18,4,Y,S16GR30R4,14,0,0,23,27,NA,50,0,
S16,9/12/2016,Guana River,St Johns,N,GR30,GR30,30.021332,-81.327742,0.55,8.5,0.064705882,Ridge,18,10,N,NA,10,0,0,22,21,NA,57,0,
S16,9/12/2016,Guana River,St Johns,N,GR30,GR30,30.021332,-81.327742,0.55,8.5,0.064705882,Ridge,18,11,N,NA,12,0,0,22,13,NA,65,0,
S16,9/12/2016,Guana River,St Johns,N,GR30,GR30,30.021332,-81.327742,0.55,8.5,0.064705882,Ridge,18,12,Y,S16GR30R12,9,0,0,27,24,NA,49,0,
S16,9/12/2016,Guana River,St Johns,N,GR30,GR30,30.021332,-81.327742,0.55,8.5,0.064705882,Ridge,18,16,N,NA,21,0,0,39,26,NA,33,2,%other - mussels
S16,9/12/2016,St Augustine,St Johns,N,SA421,SA421,29.915325,-81.328366,0.41,6.8,0.060294118,Ridge,16,3,Y,S16SA421R3,17,0,0,41,21,NA,37,1,%other - mussels
S16,9/12/2016,St Augustine,St Johns,N,SA421,SA421,29.915325,-81.328366,0.41,6.8,0.060294118,Ridge,16,4,Y,S16SA421R4,10,0,0,34,38,NA,27,1,%other - mussels
S16,9/12/2016,St Augustine,St Johns,N,SA421,SA421,29.915325,-81.328366,0.41,6.8,0.060294118,Ridge,16,5,N,NA,12,0,0,42,28,NA,30,0,
S16,9/12/2016,St Augustine,St Johns,N,SA421,SA421,29.915325,-81.328366,0.41,6.8,0.060294118,Ridge,16,6,N,NA,12,0,0,34,20,NA,46,0,
S16,9/12/2016,St Augustine,St Johns,N,SA421,SA421,29.915325,-81.328366,0.41,6.8,0.060294118,Ridge,16,12,Y,S16SA421R12,9,0,0,25,39,NA,36,0,
S16,9/12/2016,St Augustine,St Johns,N,SA421,SA421,29.915325,-81.328366,0.41,6.8,0.060294118,Ridge,16,13,N,NA,NA,0,0,24,30,NA,46,0,
W17,12/22/2016,Fort Matanzas,St Johns,Y,FM44,FM44,29.74077,-81.25425,0.343,1.9,0.180526316,Ridge,8,0,Y,W17FM44R0,14,0,0,42,33,NA,25,0,
W17,12/22/2016,Fort Matanzas,St Johns,Y,FM44,FM44,29.74077,-81.25425,0.343,1.9,0.180526316,Ridge,8,1,N,NA,12,0,0,41,44,NA,15,0,
W17,12/22/2016,Fort Matanzas,St Johns,Y,FM44,FM44,29.74077,-81.25425,0.343,1.9,0.180526316,Ridge,8,3,Y,W17FM44R3,13,0,0,37,49,NA,14,0,
W17,12/22/2016,Fort Matanzas,St Johns,Y,FM44,FM44,29.74077,-81.25425,0.343,1.9,0.180526316,Ridge,8,5,Y,W17FM44R5,11,0,0,36,50,NA,14,0,
W17,12/22/2016,Fort Matanzas,St Johns,Y,FM44,FM44,29.74077,-81.25425,0.343,1.9,0.180526316,Ridge,8,6,N,NA,10,0,0,50,44,NA,6,0,
W17,12/22/2016,Fort Matanzas,St Johns,Y,FM44,FM44,29.74077,-81.25425,0.343,1.9,0.180526316,Ridge,8,8,N,NA,9,0,0,35,29,NA,36,0,
W17,12/22/2016,Fort Matanzas,St Johns,Y,FM47,FM47,29.74001,-81.24664,0.419,2.93,0.143003413,Ridge,24,0,Y,W17FM47R0,6,0,0,26,73,NA,1,0,
W17,12/22/2016,Fort Matanzas,St Johns,Y,FM47,FM47,29.74001,-81.24664,0.419,2.93,0.143003413,Ridge,24,4,N,NA,8,0,0,32,65,NA,3,0,
W17,12/22/2016,Fort Matanzas,St Johns,Y,FM47,FM47,29.74001,-81.24664,0.419,2.93,0.143003413,Ridge,24,14,N,NA,6,0,0,20,22,NA,58,0,
W17,12/22/2016,Fort Matanzas,St Johns,Y,FM47,FM47,29.74001,-81.24664,0.419,2.93,0.143003413,Ridge,24,18,Y,W17FM47R18,7,0,0,29,28,NA,43,0,
W17,12/22/2016,Fort Matanzas,St Johns,Y,FM47,FM47,29.74001,-81.24664,0.419,2.93,0.143003413,Ridge,24,23,N,NA,5,0,0,16,6,NA,78,0,
W17,12/22/2016,Fort Matanzas,St Johns,Y,FM47,FM47,29.74001,-81.24664,0.419,2.93,0.143003413,Ridge,24,24,Y,W17FM47R24,8,0,0,24,19,NA,57,0,
W17,12/28/2016,Salt Run,St Johns,Y,SR8,SR8,29.88197,-81.2791,0.432,6.9,0.062608696,Ridge,42,4,N,NA,5,0,0,28,61,NA,11,0,% cover was done incorrectly
W17,12/28/2016,Salt Run,St Johns,Y,SR8,SR8,29.88197,-81.2791,0.432,6.9,0.062608696,Ridge,42,9,Y,W17SR8R9,6,0,0,16,65,NA,19,0,
W17,12/28/2016,Salt Run,St Johns,Y,SR8,SR8,29.88197,-81.2791,0.432,6.9,0.062608696,Ridge,42,10,Y,W17SR8R10,5,0,0,22,50,NA,28,0,
W17,12/28/2016,Salt Run,St Johns,Y,SR8,SR8,29.88197,-81.2791,0.432,6.9,0.062608696,Ridge,42,16,N,NA,10,0,0,58,41,NA,1,0,% cover was done incorrectly
W17,12/28/2016,Salt Run,St Johns,Y,SR8,SR8,29.88197,-81.2791,0.432,6.9,0.062608696,Ridge,42,24,Y,W17SR8R24,9,0,0,49,44,NA,7,0,
W17,12/28/2016,Salt Run,St Johns,Y,SR8,SR8,29.88197,-81.2791,0.432,6.9,0.062608696,Ridge,42,35,N,NA,7,0,0,51,42,NA,7,0,% cover was done incorrectly
S18,8/20/2018,Tolomato River,St Johns,Y,VBNR2,VBNR2,29.930754,-81.318668,0.98,3.6,0.272222222,Ridge,9,0,N,NA,38,0,0,56,26,4,14,0,
S18,8/20/2018,Tolomato River,St Johns,Y,VBNR2,VBNR2,29.930754,-81.318668,0.98,3.6,0.272222222,Ridge,9,1,N,NA,33,0,0,39,26,7,28,0,
S18,8/20/2018,Tolomato River,St Johns,Y,VBNR2,VBNR2,29.930754,-81.318668,0.98,3.6,0.272222222,Ridge,9,2,N,NA,36,0,0,40,24,10,23,3,other = mussel
S18,8/20/2018,Tolomato River,St Johns,Y,VBNR2,VBNR2,29.930754,-81.318668,0.98,3.6,0.272222222,Ridge,9,3,N,NA,24,0,0,44,22,9,25,0,
S18,8/20/2018,Tolomato River,St Johns,Y,VBNR2,VBNR2,29.930754,-81.318668,0.98,3.6,0.272222222,Ridge,9,5,N,NA,24,0,0,47,20,14,18,1,other = porcelain crab
S18,8/20/2018,Tolomato River,St Johns,Y,VBNR2,VBNR2,29.930754,-81.318668,0.98,3.6,0.272222222,Ridge,9,8,N,NA,20,0,0,32,23,6,38,1,other = mussel
S18,8/21/2018,Guana River,St Johns,N,GR19,GR60,29.984152,-81.325088,0.75,6.25,0.12,Ridge,17,2,Y,S18GR19R2,22,NA,0,51,28,9,12,0,
S18,8/21/2018,Guana River,St Johns,N,GR19,GR60,29.984152,-81.325088,0.75,6.25,0.12,Ridge,17,5,Y,S18GR19R5,11,NA,0,31,51,7,11,0,
S18,8/21/2018,Guana River,St Johns,N,GR19,GR60,29.984152,-81.325088,0.75,6.25,0.12,Ridge,17,6,N,NA,10,NA,0,29,60,5,6,0,
S18,8/21/2018,Guana River,St Johns,N,GR19,GR60,29.984152,-81.325088,0.75,6.25,0.12,Ridge,17,7,Y,S18GR19R7,11,NA,0,38,46,10,6,0,
S18,8/21/2018,Guana River,St Johns,N,GR19,GR60,29.984152,-81.325088,0.75,6.25,0.12,Ridge,17,11,N,NA,6,NA,0,40,45,7,8,0,
S18,8/21/2018,Guana River,St Johns,N,GR19,GR60,29.984152,-81.325088,0.75,6.25,0.12,Ridge,17,14,N,NA,5,NA,0,28,56,6,10,0,
S18,8/21/2018,Guana River,St Johns,N,GR19A,GR19A,29.984014,-81.324913,0.9,3.96,0.227272727,Ridge,8,0,N,NA,4,NA,NA,19,28,5,46,1,other = barnacle
S18,8/21/2018,Guana River,St Johns,N,GR19A,GR19A,29.984014,-81.324913,0.9,3.96,0.227272727,Ridge,8,2,Y,S18GR19AR2,12,NA,NA,50,39,7,4,0,
S18,8/21/2018,Guana River,St Johns,N,GR19A,GR19A,29.984014,-81.324913,0.9,3.96,0.227272727,Ridge,8,3,N,NA,16,NA,NA,42,34,7,16,0,
S18,8/21/2018,Guana River,St Johns,N,GR19A,GR19A,29.984014,-81.324913,0.9,3.96,0.227272727,Ridge,8,4,N,NA,15,NA,NA,32,20,1,47,0,
S18,8/21/2018,Guana River,St Johns,N,GR19A,GR19A,29.984014,-81.324913,0.9,3.96,0.227272727,Ridge,8,6,Y,S18GR19AR6,21,NA,NA,54,31,3,11,1,other = whelk
S18,8/21/2018,Guana River,St Johns,N,GR19A,GR19A,29.984014,-81.324913,0.9,3.96,0.227272727,Ridge,8,7,Y,S18GR19AR7,16,NA,NA,57,31,5,7,0,
S18,8/21/2018,Guana River,St Johns,N,GR49,GR49,29.986033,-81.322291,NA,NA,NA,Ridge,40,8,N,NA,1,0,0,3,72,0,25,0,"Most of reef covered in loose shell, seems largely dead"
S18,8/21/2018,Guana River,St Johns,N,GR49,GR49,29.986033,-81.322291,NA,NA,NA,Ridge,40,17,N,NA,0,0,0,1,99,0,0,0,"Most of reef covered in loose shell, seems largely dead"
S18,8/21/2018,Guana River,St Johns,N,GR49,GR49,29.986033,-81.322291,NA,NA,NA,Ridge,40,22,N,NA,4,0,0,9,43,1,47,0,"Most of reef covered in loose shell, seems largely dead"
S18,8/21/2018,Guana River,St Johns,N,GR49,GR49,29.986033,-81.322291,NA,NA,NA,Ridge,40,31,Y,S18GR49R31,5,0,0,9,85,6,0,0,"Most of reef covered in loose shell, seems largely dead"
S18,8/21/2018,Guana River,St Johns,N,GR49,GR49,29.986033,-81.322291,NA,NA,NA,Ridge,40,36,Y,S18GR49R36,10,0,0,17,77,3,3,0,"Most of reef covered in loose shell, seems largely dead"
S18,8/21/2018,Guana River,St Johns,N,GR49,GR49,29.986033,-81.322291,NA,NA,NA,Ridge,40,39,Y,S18GR49R39,3,0,0,5,92,0,2,1,"other = barnacle; Most of reef covered in loose shell, seems largely dead"
S18,9/9/2018,Pellicer Flats,Flagler,N,PF1,PFD,29.66156,-81.225922,0.38,4.6,0.082608696,Ridge,23,1,Y,S18PF1R1,3,9,7,29,37,29,2,3,"other = 1 mussel, 2 crown conch"
S18,9/9/2018,Pellicer Flats,Flagler,N,PF1,PFD,29.66156,-81.225922,0.38,4.6,0.082608696,Ridge,23,4,Y,S18PF1R4,1,4,4,19,47,27,3,4,other = crown conch
S18,9/9/2018,Pellicer Flats,Flagler,N,PF1,PFD,29.66156,-81.225922,0.38,4.6,0.082608696,Ridge,23,5,N,NA,3,6,5,18,50,23,2,7,"other = 4 mussel, 3 crown conch"
S18,9/9/2018,Pellicer Flats,Flagler,N,PF1,PFD,29.66156,-81.225922,0.38,4.6,0.082608696,Ridge,23,6,Y,S18PF1R6,1,1,NA,15,38,43,3,1,"other = crown conch, 1 solid cluster mass"
S18,9/9/2018,Pellicer Flats,Flagler,N,PF1,PFD,29.66156,-81.225922,0.38,4.6,0.082608696,Ridge,23,9,N,NA,1,2,NA,17,54,24,3,2,"other = crown conch, 1 solid cluster mass"
S18,9/9/2018,Pellicer Flats,Flagler,N,PF1,PFD,29.66156,-81.225922,0.38,4.6,0.082608696,Ridge,23,10,N,NA,3,1,NA,18,58,21,1,2,"other = crown conch, mussel, large cluster"
S18,9/9/2018,Pellicer Flats,Flagler,N,PF2,PF4,29.659032,-81.226106,NA,NA,NA,Ridge,57,3,Y,S18PF2R3,0,5,4,36,36,26,1,1,other = conch
S18,9/9/2018,Pellicer Flats,Flagler,N,PF2,PF4,29.659032,-81.226106,NA,NA,NA,Ridge,57,8,N,NA,0,2,2,33,41,24,1,1,other = mussel
S18,9/9/2018,Pellicer Flats,Flagler,N,PF2,PF4,29.659032,-81.226106,NA,NA,NA,Ridge,57,15,Y,S18PF2R15,0,2,0,35,46,15,2,2,other = mussel
S18,9/9/2018,Pellicer Flats,Flagler,N,PF2,PF4,29.659032,-81.226106,NA,NA,NA,Ridge,57,44,N,NA,1,NA,NA,19,54,24,2,1,other = mussel; one large impacted cluster throughout quadrat
S18,9/9/2018,Pellicer Flats,Flagler,N,PF2,PF4,29.659032,-81.226106,NA,NA,NA,Ridge,57,50,N,NA,2,6,4,17,57,24,1,1,"of 6 conch shells, 2 were hermit crabs; other = mussel; one large impacted cluster and one smaller loose cluster"
S18,9/9/2018,Pellicer Flats,Flagler,N,PF2,PF4,29.659032,-81.226106,NA,NA,NA,Ridge,57,53,Y,S18PF2R53,2,NA,NA,17,57,25,0,1,one large impacted cluster; other = crown conch
S18,9/10/2018,Fort Matanzas,St Johns,Y,FM1,FM1A,29.749449,-81.257277,0.56,9,0.062222222,Ridge,17,0,Y,S18FM1R0,14,0,0,21,37,22,20,0,
S18,9/10/2018,Fort Matanzas,St Johns,Y,FM1,FM1A,29.749449,-81.257277,0.56,9,0.062222222,Ridge,17,3,N,NA,14,0,0,33,35,16,15,1,other = mussel
S18,9/10/2018,Fort Matanzas,St Johns,Y,FM1,FM1A,29.749449,-81.257277,0.56,9,0.062222222,Ridge,17,5,Y,S18FM1R5,12,0,0,30,46,21,3,0,
S18,9/10/2018,Fort Matanzas,St Johns,Y,FM1,FM1A,29.749449,-81.257277,0.56,9,0.062222222,Ridge,17,11,N,NA,14,0,0,28,48,16,8,0,
S18,9/10/2018,Fort Matanzas,St Johns,Y,FM1,FM1A,29.749449,-81.257277,0.56,9,0.062222222,Ridge,17,12,N,NA,19,0,0,25,45,18,12,0,
S18,9/10/2018,Fort Matanzas,St Johns,Y,FM1,FM1A,29.749449,-81.257277,0.56,9,0.062222222,Ridge,17,15,Y,S18FM1R15,13,0,0,32,45,18,5,0,
S18,9/10/2018,Fort Matanzas,St Johns,Y,FM2,FM32,29.74802,-81.2558,0.35,6.65,0.052631579,Ridge,11,4,N,NA,4,0,0,17,39,12,31,1,
S18,9/10/2018,Fort Matanzas,St Johns,Y,FM2,FM32,29.74802,-81.2558,0.35,6.65,0.052631579,Ridge,11,6,N,NA,13,0,0,24,45,7,24,0,
S18,9/10/2018,Fort Matanzas,St Johns,Y,FM2,FM32,29.74802,-81.2558,0.35,6.65,0.052631579,Ridge,11,7,Y,S18FM2R7,18,0,0,31,28,21,19,0,
S18,9/10/2018,Fort Matanzas,St Johns,Y,FM2,FM32,29.74802,-81.2558,0.35,6.65,0.052631579,Ridge,11,8,Y,S18FM2R8,14,0,0,15,45,22,17,0,
S18,9/10/2018,Fort Matanzas,St Johns,Y,FM2,FM32,29.74802,-81.2558,0.35,6.65,0.052631579,Ridge,11,9,N,NA,9,0,0,19,51,20,10,0,
S18,9/10/2018,Fort Matanzas,St Johns,Y,FM2,FM32,29.74802,-81.2558,0.35,6.65,0.052631579,Ridge,11,10,Y,S18FM2R10,5,0,0,10,74,10,6,0,
S18,9/10/2018,Fort Matanzas,St Johns,Y,FM3,FM77,29.75521,-81.25562,0.45,12.5,0.036,Ridge,44.7,4,Y,S18FM3R4,2,0,0,9,63,21,7,0,
S18,9/10/2018,Fort Matanzas,St Johns,Y,FM3,FM77,29.75521,-81.25562,0.45,12.5,0.036,Ridge,44.7,5,Y,S18FM3R5,6,0,0,13,52,27,8,0,
S18,9/10/2018,Fort Matanzas,St Johns,Y,FM3,FM77,29.75521,-81.25562,0.45,12.5,0.036,Ridge,44.7,7,N,NA,6,0,0,15,61,17,7,0,
S18,9/10/2018,Fort Matanzas,St Johns,Y,FM3,FM77,29.75521,-81.25562,0.45,12.5,0.036,Ridge,44.7,17,N,NA,3,0,0,16,49,4,31,0,
S18,9/10/2018,Fort Matanzas,St Johns,Y,FM3,FM77,29.75521,-81.25562,0.45,12.5,0.036,Ridge,44.7,20,Y,S18FM3R20,6,0,0,21,45,3,31,0,
S18,9/10/2018,Fort Matanzas,St Johns,Y,FM3,FM77,29.75521,-81.25562,0.45,12.5,0.036,Ridge,44.7,32,N,NA,8,0,0,16,56,5,23,0,
S18,9/11/2018,Guana River,St Johns,N,GR1,GR1A,30.015751,-81.327667,0.55,4.7,0.117021277,Ridge,17,0,Y,S18GR1R0,27,0,0,35,40,14,8,3,"other = mussel; layed transect when reef was just above the water, not fully exposed"
S18,9/11/2018,Guana River,St Johns,N,GR1,GR1A,30.015751,-81.327667,0.55,4.7,0.117021277,Ridge,17,2,Y,S18GR1R2,28,0,0,28,23,19,30,0,"layed transect when reef was just above the water, not fully exposed"
S18,9/11/2018,Guana River,St Johns,N,GR1,GR1A,30.015751,-81.327667,0.55,4.7,0.117021277,Ridge,17,3,N,NA,25,0,0,28,35,16,21,0,"layed transect when reef was just above the water, not fully exposed"
S18,9/11/2018,Guana River,St Johns,N,GR1,GR1A,30.015751,-81.327667,0.55,4.7,0.117021277,Ridge,17,7,N,NA,23,0,0,37,30,8,23,2,"other = mussel, crab; layed transect when reef was just above the water, not fully exposed"
S18,9/11/2018,Guana River,St Johns,N,GR1,GR1A,30.015751,-81.327667,0.55,4.7,0.117021277,Ridge,17,8,Y,S18GR1R8,28,0,0,26,35,16,22,1,"other = mussel ; layed transect when reef was just above the water, not fully exposed"
S18,9/11/2018,Guana River,St Johns,N,GR1,GR1A,30.015751,-81.327667,0.55,4.7,0.117021277,Ridge,17,13,N,NA,33,0,0,37,23,6,31,3,"other = mussel ; layed transect when reef was just above the water, not fully exposed"
S18,9/11/2018,Guana River,St Johns,N,GR2,GR24,30.01708,-81.326712,0.71,2.9,0.244827586,Ridge,18,4,Y,S18GR2R4,22,0,0,32,21,7,40,0,Patchy mounds broken up by pools of water
S18,9/11/2018,Guana River,St Johns,N,GR2,GR24,30.01708,-81.326712,0.71,2.9,0.244827586,Ridge,18,8,Y,S18GR2R8,24,0,0,27,23,2,46,2,other = mussel; Patchy mounds broken up by pools of water
S18,9/11/2018,Guana River,St Johns,N,GR2,GR24,30.01708,-81.326712,0.71,2.9,0.244827586,Ridge,18,9,N,NA,18,0,0,13,55,4,28,0,Patchy mounds broken up by pools of water
S18,9/11/2018,Guana River,St Johns,N,GR2,GR24,30.01708,-81.326712,0.71,2.9,0.244827586,Ridge,18,13,Y,S18GR2R13,24,0,0,25,26,4,45,0,Patchy mounds broken up by pools of water
S18,9/11/2018,Guana River,St Johns,N,GR2,GR24,30.01708,-81.326712,0.71,2.9,0.244827586,Ridge,18,14,N,NA,19,0,0,31,20,4,43,2,other = mussel; Patchy mounds broken up by pools of water
S18,9/11/2018,Guana River,St Johns,N,GR2,GR24,30.01708,-81.326712,0.71,2.9,0.244827586,Ridge,18,16,N,NA,30,0,0,34,25,4,36,1,other = mussel; Patchy mounds broken up by pools of water
S18,9/11/2018,Guana River,St Johns,N,GR3,GR51,30.015104,-81.327155,0.81,6.4,0.1265625,Ridge,18,0,Y,S18GR3R0,24,0,0,34,28,3,35,0,Raccoon foraging on reef prior to arrival
S18,9/11/2018,Guana River,St Johns,N,GR3,GR51,30.015104,-81.327155,0.81,6.4,0.1265625,Ridge,18,2,Y,S18GR3R2,23,0,0,29,33,7,31,0,Raccoon foraging on reef prior to arrival
S18,9/11/2018,Guana River,St Johns,N,GR3,GR51,30.015104,-81.327155,0.81,6.4,0.1265625,Ridge,18,5,N,NA,24,0,0,33,36,5,26,0,Raccoon foraging on reef prior to arrival
S18,9/11/2018,Guana River,St Johns,N,GR3,GR51,30.015104,-81.327155,0.81,6.4,0.1265625,Ridge,18,6,Y,S18GR3R6,10,0,0,26,11,4,59,0,Raccoon foraging on reef prior to arrival
S18,9/11/2018,Guana River,St Johns,N,GR3,GR51,30.015104,-81.327155,0.81,6.4,0.1265625,Ridge,18,12,N,NA,31,0,0,29,35,5,29,2,other = mussel; Raccoon foraging on reef prior to arrival
S18,9/11/2018,Guana River,St Johns,N,GR3,GR51,30.015104,-81.327155,0.81,6.4,0.1265625,Ridge,18,14,N,NA,24,0,0,19,38,16,26,1,other = not listed; Raccoon foraging on reef prior to arrival
S18,10/16/2018,Guana River,St Johns,N,GR109,GR43,30.008648,-81.325788,0.7,5.7,0.122807018,Edge,27,2,Y,S18GR109E2,12,0,0,26,27,5,42,0,
S18,10/16/2018,Guana River,St Johns,N,GR109,GR43,30.008648,-81.325788,0.7,5.7,0.122807018,Edge,27,7,Y,S18GR109E7,19,0,0,22,14,5,59,0,
S18,10/16/2018,Guana River,St Johns,N,GR109,GR43,30.008648,-81.325788,0.7,5.7,0.122807018,Edge,27,11,N,NA,15,0,0,27,15,6,52,0,
S18,10/16/2018,Guana River,St Johns,N,GR109,GR43,30.008648,-81.325788,0.7,5.7,0.122807018,Edge,27,12,N,NA,15,0,0,25,38,12,25,0,
S18,10/16/2018,Guana River,St Johns,N,GR109,GR43,30.008648,-81.325788,0.7,5.7,0.122807018,Edge,27,20,Y,S18GR109E20,14,0,0,16,48,7,29,0,
S18,10/16/2018,Guana River,St Johns,N,GR109,GR43,30.008648,-81.325788,0.7,5.7,0.122807018,Edge,27,26,N,NA,8,0,0,13,24,5,58,0,
S18,10/16/2018,Guana River,St Johns,N,GR31,GR6,30.002381,-81.326086,0.5,3.5,0.142857143,Ridge,13,0,N,NA,19,0,0,37,28,5,30,0,
S18,10/16/2018,Guana River,St Johns,N,GR31,GR6,30.002381,-81.326086,0.5,3.5,0.142857143,Ridge,13,3,Y,S18GR31R3,18,0,0,30,32,11,27,0,
S18,10/16/2018,Guana River,St Johns,N,GR31,GR6,30.002381,-81.326086,0.5,3.5,0.142857143,Ridge,13,5,N,NA,15,0,0,19,55,6,20,0,
S18,10/16/2018,Guana River,St Johns,N,GR31,GR6,30.002381,-81.326086,0.5,3.5,0.142857143,Ridge,13,6,Y,S18GR31R6,24,0,0,30,36,8,25,1,other = crab
S18,10/16/2018,Guana River,St Johns,N,GR31,GR6,30.002381,-81.326086,0.5,3.5,0.142857143,Ridge,13,11,N,NA,34,0,0,37,33,13,17,0,
S18,10/16/2018,Guana River,St Johns,N,GR31,GR6,30.002381,-81.326086,0.5,3.5,0.142857143,Ridge,13,12,Y,S18GR31R12,32,0,0,30,20,11,39,0,stepped in quadrat
S18,10/16/2018,Guana River,St Johns,N,GR37,GR8,29.99445,-81.321489,0.9,4.1,0.219512195,Ridge,84,6,N,NA,18,NA,NA,27,29,4,40,0,
S18,10/16/2018,Guana River,St Johns,N,GR37,GR8,29.99445,-81.321489,0.9,4.1,0.219512195,Ridge,84,13,Y,S18GR37R13,20,NA,NA,26,30,4,40,0,
S18,10/16/2018,Guana River,St Johns,N,GR37,GR8,29.99445,-81.321489,0.9,4.1,0.219512195,Ridge,84,18,N,NA,15,NA,NA,16,67,8,9,0,
S18,10/16/2018,Guana River,St Johns,N,GR37,GR8,29.99445,-81.321489,0.9,4.1,0.219512195,Ridge,84,19,Y,S18GR37R19,18,NA,NA,23,58,7,12,0,
S18,10/16/2018,Guana River,St Johns,N,GR37,GR8,29.99445,-81.321489,0.9,4.1,0.219512195,Ridge,84,38,Y,S18GR37R38,12,NA,NA,18,52,8,22,0,
S18,10/16/2018,Guana River,St Johns,N,GR37,GR8,29.99445,-81.321489,0.9,4.1,0.219512195,Ridge,84,63,N,NA,21,NA,NA,25,19,4,51,1,
W20,1/23/2020,St Augustine,St Johns,N,SA2,SA2,29.85211,-81.31173,NA,NA,NA,Ridge,10,0,N,NA,10,0,0,20,3,3,74,0,
W20,1/23/2020,St Augustine,St Johns,N,SA2,SA2,29.85211,-81.31173,NA,NA,NA,Ridge,10,3,Y,W20SA2R3,12,0,0,8,3,3,86,0,
W20,1/23/2020,St Augustine,St Johns,N,SA2,SA2,29.85211,-81.31173,NA,NA,NA,Ridge,10,5,Y,W20SA2R5,7,0,0,11,15,1,73,0,
W20,1/23/2020,St Augustine,St Johns,N,SA2,SA2,29.85211,-81.31173,NA,NA,NA,Ridge,10,6,Y,W20SA2R6,8,0,0,21,10,3,66,0,
W20,1/23/2020,St Augustine,St Johns,N,SA2,SA2,29.85211,-81.31173,NA,NA,NA,Ridge,10,8,N,NA,8,0,0,17,8,2,73,0,
W20,1/23/2020,St Augustine,St Johns,N,SA2,SA2,29.85211,-81.31173,NA,NA,NA,Ridge,10,9,N,NA,11,0,0,19,12,8,61,0,
W20,1/31/2020,Butler Beach,St Johns,N,BU1,BU1,29.770711,-81.265576,0.66,3.7,0.178378378,Ridge,78,14,N,NA,12,0,0,25,57,6,12,0,
W20,1/31/2020,Butler Beach,St Johns,N,BU1,BU1,29.770711,-81.265576,0.66,3.7,0.178378378,Ridge,78,24,N,NA,10,0,0,42,49,6,3,0,
W20,1/31/2020,Butler Beach,St Johns,N,BU1,BU1,29.770711,-81.265576,0.66,3.7,0.178378378,Ridge,78,33,N,NA,23,0,0,41,47,5,7,0,
W20,1/31/2020,Butler Beach,St Johns,N,BU1,BU1,29.770711,-81.265576,0.66,3.7,0.178378378,Ridge,78,41,Y,W20BU1R41,25,0,0,36,61,2,1,0,
W20,1/31/2020,Butler Beach,St Johns,N,BU1,BU1,29.770711,-81.265576,0.66,3.7,0.178378378,Ridge,78,65,Y,W20BU1R65,17,0,0,42,50,6,2,0,
W20,1/31/2020,Butler Beach,St Johns,N,BU1,BU1,29.770711,-81.265576,0.66,3.7,0.178378378,Ridge,78,66,Y,W20BU1R66,18,0,0,39,50,5,6,0,
W20,2/3/2020,Tolomato River,St Johns,N,RC1,VBNR2,29.930754,-81.318668,1.05,5.5,0.190909091,Ridge,8,0,N,NA,30,0,0,52,11,8,29,0,
W20,2/3/2020,Tolomato River,St Johns,N,RC1,VBNR2,29.930754,-81.318668,1.05,5.5,0.190909091,Ridge,8,1,N,NA,29,0,0,55,13,10,22,0,
W20,2/3/2020,Tolomato River,St Johns,N,RC1,VBNR2,29.930754,-81.318668,1.05,5.5,0.190909091,Ridge,8,2,N,NA,30,0,0,55,17,7,20,1,Other = Mussel
W20,2/3/2020,Tolomato River,St Johns,N,RC1,VBNR2,29.930754,-81.318668,1.05,5.5,0.190909091,Ridge,8,3,N,NA,17,0,0,27,29,10,34,0,
W20,2/3/2020,Tolomato River,St Johns,N,RC1,VBNR2,29.930754,-81.318668,1.05,5.5,0.190909091,Ridge,8,5,N,NA,30,0,0,42,10,11,37,0,
W20,2/3/2020,Tolomato River,St Johns,N,RC1,VBNR2,29.930754,-81.318668,1.05,5.5,0.190909091,Ridge,8,7,N,NA,36,0,0,36,11,9,43,1,Other = Barnacle
W20,2/4/2020,Tolomato River,St Johns,Y,TR2,TR2B,30.007146,-81.347778,0.46,3.15,0.146031746,Ridge,13,0,N,NA,17,0,0,34,44,5,17,0,
W20,2/4/2020,Tolomato River,St Johns,Y,TR2,TR2B,30.007146,-81.347778,0.46,3.15,0.146031746,Ridge,13,4,Y,W20TR2R4,24,0,0,23,69,6,2,0,
W20,2/4/2020,Tolomato River,St Johns,Y,TR2,TR2B,30.007146,-81.347778,0.46,3.15,0.146031746,Ridge,13,6,Y,W20TR2R6,20,0,0,43,48,5,4,0,
W20,2/4/2020,Tolomato River,St Johns,Y,TR2,TR2B,30.007146,-81.347778,0.46,3.15,0.146031746,Ridge,13,9,N,NA,19,0,0,37,40,9,14,0,
W20,2/4/2020,Tolomato River,St Johns,Y,TR2,TR2B,30.007146,-81.347778,0.46,3.15,0.146031746,Ridge,13,10,N,NA,18,0,0,28,53,13,6,0,
W20,2/4/2020,Tolomato River,St Johns,Y,TR2,TR2B,30.007146,-81.347778,0.46,3.15,0.146031746,Ridge,13,11,Y,W20TR2R11,19,0,0,32,44,8,16,0,
W20,2/7/2020,St Augustine,St Johns,N,SA3,SA3,29.870527,-81.314577,0.7,7.45,0.093959732,Ridge,20,2,N,NA,15,0,0,40,27,7,26,0,
W20,2/7/2020,St Augustine,St Johns,N,SA3,SA3,29.870527,-81.314577,0.7,7.45,0.093959732,Ridge,20,6,N,NA,14,0,0,38,27,6,29,0,
W20,2/7/2020,St Augustine,St Johns,N,SA3,SA3,29.870527,-81.314577,0.7,7.45,0.093959732,Ridge,20,7,Y,W20SA3R7,20,0,0,40,24,8,28,0,
W20,2/7/2020,St Augustine,St Johns,N,SA3,SA3,29.870527,-81.314577,0.7,7.45,0.093959732,Ridge,20,8,Y,W20SA3R8,17,0,0,28,16,5,50,1,Other = Mussel
W20,2/7/2020,St Augustine,St Johns,N,SA3,SA3,29.870527,-81.314577,0.7,7.45,0.093959732,Ridge,20,11,Y,W20SA3R11,11,0,0,11,13,5,71,0,
W20,2/7/2020,St Augustine,St Johns,N,SA3,SA3,29.870527,-81.314577,0.7,7.45,0.093959732,Ridge,20,18,N,NA,18,0,0,26,16,4,54,0,
W20,2/14/2020,Butler Beach,St Johns,Y,BU3,BU3,29.79896,-81.27794,0.68,4.6,0.147826087,Ridge,12,3,Y,W20BU3R3,14,0,0,34,65,1,0,0,
W20,2/14/2020,Butler Beach,St Johns,Y,BU3,BU3,29.79896,-81.27794,0.68,4.6,0.147826087,Ridge,12,4,Y,W20BU3R4,19,0,0,24,74,2,0,0,
W20,2/14/2020,Butler Beach,St Johns,Y,BU3,BU3,29.79896,-81.27794,0.68,4.6,0.147826087,Ridge,12,7,N,NA,27,0,0,23,70,7,0,0,
W20,2/14/2020,Butler Beach,St Johns,Y,BU3,BU3,29.79896,-81.27794,0.68,4.6,0.147826087,Ridge,12,8,N,NA,22,0,0,35,60,5,0,0,
W20,2/14/2020,Butler Beach,St Johns,Y,BU3,BU3,29.79896,-81.27794,0.68,4.6,0.147826087,Ridge,12,9,N,NA,27,0,0,36,59,5,0,0,
W20,2/14/2020,Butler Beach,St Johns,Y,BU3,BU3,29.79896,-81.27794,0.68,4.6,0.147826087,Ridge,12,10,Y,W20BU3R10,16,0,0,38,57,5,0,0,
W20,2/17/2020,Guana River,St Johns,N,GR2,GR2B,29.99874,-81.32677,0.68,4.2,0.161904762,Ridge,61,1,Y,W20GR2R1,21,0,0,32,27,9,32,0,
W20,2/17/2020,Guana River,St Johns,N,GR2,GR2B,29.99874,-81.32677,0.68,4.2,0.161904762,Ridge,61,17,Y,W20GR2R17,21,0,0,21,44,7,28,0,
W20,2/17/2020,Guana River,St Johns,N,GR2,GR2B,29.99874,-81.32677,0.68,4.2,0.161904762,Ridge,61,19,Y,W20GR2R19,22,0,0,26,37,11,26,0,
W20,2/17/2020,Guana River,St Johns,N,GR2,GR2B,29.99874,-81.32677,0.68,4.2,0.161904762,Ridge,61,32,N,NA,14,0,0,18,31,9,41,1,Other = Barnacle
W20,2/17/2020,Guana River,St Johns,N,GR2,GR2B,29.99874,-81.32677,0.68,4.2,0.161904762,Ridge,61,43,N,NA,16,0,0,30,38,7,25,0,
W20,2/17/2020,Guana River,St Johns,N,GR2,GR2B,29.99874,-81.32677,0.68,4.2,0.161904762,Ridge,61,44,N,NA,17,0,0,17,54,6,23,0,Stepped in quadrat
W20,2/17/2020,Guana River,St Johns,Y,GR3,GR37,30.008551,-81.324333,0.63,4.7,0.134042553,Ridge,17,3,Y,W20GR3R3,23,0,0,45,21,6,28,0,
W20,2/17/2020,Guana River,St Johns,Y,GR3,GR37,30.008551,-81.324333,0.63,4.7,0.134042553,Ridge,17,7,N,NA,17,0,0,23,65,10,2,0,
W20,2/17/2020,Guana River,St Johns,Y,GR3,GR37,30.008551,-81.324333,0.63,4.7,0.134042553,Ridge,17,10,N,NA,21,0,0,24,51,7,18,0,
W20,2/17/2020,Guana River,St Johns,Y,GR3,GR37,30.008551,-81.324333,0.63,4.7,0.134042553,Ridge,17,11,Y,W20GR3R11,34,0,0,31,43,4,22,0,
W20,2/17/2020,Guana River,St Johns,Y,GR3,GR37,30.008551,-81.324333,0.63,4.7,0.134042553,Ridge,17,13,N,NA,26,0,0,28,15,8,49,0,
W20,2/17/2020,Guana River,St Johns,Y,GR3,GR37,30.008551,-81.324333,0.63,4.7,0.134042553,Ridge,17,16,Y,W20GR3R16,28,0,0,42,17,5,36,0,
W20,2/19/2020,Tolomato River,St Johns,N,TR307A,TR307A,29.9257,-81.31893,1.23,3.8,0.323684211,Ridge,12,1,N,NA,17,0,0,43,38,8,11,0,
W20,2/19/2020,Tolomato River,St Johns,N,TR307A,TR307A,29.9257,-81.31893,1.23,3.8,0.323684211,Ridge,12,3,N,NA,12,0,0,34,51,8,7,0,
W20,2/19/2020,Tolomato River,St Johns,N,TR307A,TR307A,29.9257,-81.31893,1.23,3.8,0.323684211,Ridge,12,6,N,NA,16,0,0,38,25,7,30,0,
W20,2/19/2020,Tolomato River,St Johns,N,TR307A,TR307A,29.9257,-81.31893,1.23,3.8,0.323684211,Ridge,12,9,N,NA,22,0,0,27,23,3,47,0,
W20,2/19/2020,Tolomato River,St Johns,N,TR307A,TR307A,29.9257,-81.31893,1.23,3.8,0.323684211,Ridge,12,10,N,NA,17,0,0,34,31,4,30,1,Other= Mussel
W20,2/19/2020,Tolomato River,St Johns,N,TR307A,TR307A,29.9257,-81.31893,1.23,3.8,0.323684211,Ridge,12,11,N,NA,21,0,0,39,17,9,34,1,Other= Spartina
W20,2/19/2020,Tolomato River,St Johns,N,TR308,TR308,29.92614,-81.31913,1.14,3.3,0.345454545,Ridge,10,0,N,NA,16,0,0,36,45,5,14,0,
W20,2/19/2020,Tolomato River,St Johns,N,TR308,TR308,29.92614,-81.31913,1.14,3.3,0.345454545,Ridge,10,1,N,NA,21,0,0,62,27,4,7,0,
W20,2/19/2020,Tolomato River,St Johns,N,TR308,TR308,29.92614,-81.31913,1.14,3.3,0.345454545,Ridge,10,2,N,NA,16,0,0,54,28,5,13,0,
W20,2/19/2020,Tolomato River,St Johns,N,TR308,TR308,29.92614,-81.31913,1.14,3.3,0.345454545,Ridge,10,5,N,NA,33,0,0,51,11,4,33,1,Other= Spartina
W20,2/19/2020,Tolomato River,St Johns,N,TR308,TR308,29.92614,-81.31913,1.14,3.3,0.345454545,Ridge,10,6,N,NA,23,0,0,42,13,9,36,0,
W20,2/19/2020,Tolomato River,St Johns,N,TR308,TR308,29.92614,-81.31913,1.14,3.3,0.345454545,Ridge,10,8,N,NA,22,0,0,31,25,6,38,0,
W20,2/19/2020,Tolomato River,St Johns,N,VBNR1,VBNR1,29.930953,-81.318159,0.91,7.9,0.115189873,Ridge,11,0,N,NA,28,0,0,36,11,4,49,0,
W20,2/19/2020,Tolomato River,St Johns,N,VBNR1,VBNR1,29.930953,-81.318159,0.91,7.9,0.115189873,Ridge,11,2,N,NA,31,0,0,50,18,4,28,0,
W20,2/19/2020,Tolomato River,St Johns,N,VBNR1,VBNR1,29.930953,-81.318159,0.91,7.9,0.115189873,Ridge,11,3,N,NA,21,0,0,28,18,2,52,0,
W20,2/19/2020,Tolomato River,St Johns,N,VBNR1,VBNR1,29.930953,-81.318159,0.91,7.9,0.115189873,Ridge,11,5,N,NA,20,0,0,32,23,6,39,0,
W20,2/19/2020,Tolomato River,St Johns,N,VBNR1,VBNR1,29.930953,-81.318159,0.91,7.9,0.115189873,Ridge,11,8,N,NA,13,0,0,35,25,5,35,0,
W20,2/19/2020,Tolomato River,St Johns,N,VBNR1,VBNR1,29.930953,-81.318159,0.91,7.9,0.115189873,Ridge,11,10,N,NA,15,0,0,21,19,3,57,0,
W20,2/20/2020,Guana River,St Johns,N,GR101,GR101,29.984909,-81.323344,0.65,4.5,0.144444444,Ridge,12,0,N,NA,25,0,0,39,42,12,7,0,
W20,2/20/2020,Guana River,St Johns,N,GR101,GR101,29.984909,-81.323344,0.65,4.5,0.144444444,Ridge,12,1,N,NA,31,0,0,43,40,9,8,0,
W20,2/20/2020,Guana River,St Johns,N,GR101,GR101,29.984909,-81.323344,0.65,4.5,0.144444444,Ridge,12,4,N,NA,37,0,0,47,39,14,0,0,
W20,2/20/2020,Guana River,St Johns,N,GR101,GR101,29.984909,-81.323344,0.65,4.5,0.144444444,Ridge,12,8,N,NA,40,0,0,59,27,13,1,0,
W20,2/20/2020,Guana River,St Johns,N,GR101,GR101,29.984909,-81.323344,0.65,4.5,0.144444444,Ridge,12,9,N,NA,32,0,0,57,26,15,2,0,
W20,2/20/2020,Guana River,St Johns,N,GR101,GR101,29.984909,-81.323344,0.65,4.5,0.144444444,Ridge,12,11,N,NA,NA,0,0,49,38,13,0,0,
W20,2/20/2020,Guana River,St Johns,N,GR11,GR11,30.01845,-81.32863,0.95,2.5,0.38,Ridge,43,1,N,NA,23,0,0,57,30,11,1,1,Other= Mussel
W20,2/20/2020,Guana River,St Johns,N,GR11,GR11,30.01845,-81.32863,0.95,2.5,0.38,Ridge,43,8,N,NA,25,0,0,40,46,9,0,5,Other= Mussel
W20,2/20/2020,Guana River,St Johns,N,GR11,GR11,30.01845,-81.32863,0.95,2.5,0.38,Ridge,43,25,N,NA,21,0,0,35,14,13,38,0,
W20,2/20/2020,Guana River,St Johns,N,GR11,GR11,30.01845,-81.32863,0.95,2.5,0.38,Ridge,43,29,N,NA,23,0,0,30,17,8,45,0,
W20,2/20/2020,Guana River,St Johns,N,GR11,GR11,30.01845,-81.32863,0.95,2.5,0.38,Ridge,43,31,N,NA,15,0,0,27,20,7,45,1,Other= Mussel
W20,2/20/2020,Guana River,St Johns,N,GR11,GR11,30.01845,-81.32863,0.95,2.5,0.38,Ridge,43,37,N,NA,17,0,0,35,5,10,50,0,Black algae on oysters 
W20,2/20/2020,Guana River,St Johns,N,GR2,GR24,30.01708,-81.326712,0.65,2.2,0.295454545,Ridge,32,6,N,NA,17,0,0,33,8,3,54,2,Other = mussel
W20,2/20/2020,Guana River,St Johns,N,GR2,GR24,30.01708,-81.326712,0.65,2.2,0.295454545,Ridge,32,8,N,NA,22,0,0,43,8,5,44,0,
W20,2/20/2020,Guana River,St Johns,N,GR2,GR24,30.01708,-81.326712,0.65,2.2,0.295454545,Ridge,32,11,N,NA,29,0,0,35,15,16,30,4,Other = Mussel
W20,2/20/2020,Guana River,St Johns,N,GR2,GR24,30.01708,-81.326712,0.65,2.2,0.295454545,Ridge,32,19,N,NA,10,0,0,17,4,5,74,0,
W20,2/20/2020,Guana River,St Johns,N,GR2,GR24,30.01708,-81.326712,0.65,2.2,0.295454545,Ridge,32,27,N,NA,15,0,0,39,13,4,44,0,
W20,2/20/2020,Guana River,St Johns,N,GR2,GR24,30.01708,-81.326712,0.65,2.2,0.295454545,Ridge,32,31,N,NA,13,0,0,38,14,3,42,3,Other = Mussel
W20,2/20/2020,Guana River,St Johns,Y,GR3,GR3,29.984411,-81.324158,0.46,2.2,0.209090909,Ridge,9,0,N,NA,44,0,0,64,30,5,1,0,
W20,2/20/2020,Guana River,St Johns,Y,GR3,GR3,29.984411,-81.324158,0.46,2.2,0.209090909,Ridge,9,1,N,NA,42,0,0,58,36,6,0,0,
W20,2/20/2020,Guana River,St Johns,Y,GR3,GR3,29.984411,-81.324158,0.46,2.2,0.209090909,Ridge,9,3,N,NA,41,0,0,52,36,11,1,0,
W20,2/20/2020,Guana River,St Johns,Y,GR3,GR3,29.984411,-81.324158,0.46,2.2,0.209090909,Ridge,9,5,N,NA,43,0,0,44,42,2,12,0,
W20,2/20/2020,Guana River,St Johns,Y,GR3,GR3,29.984411,-81.324158,0.46,2.2,0.209090909,Ridge,9,6,N,NA,46,0,0,42,50,7,1,0,
W20,2/20/2020,Guana River,St Johns,Y,GR3,GR3,29.984411,-81.324158,0.46,2.2,0.209090909,Ridge,9,8,N,NA,27,0,0,40,51,7,2,0,
W22,1/11/2022,Tolomato River,St Johns,N,W22TR1,W22TR1,29.915276,-81.310731,0.98,3.78,0.259259259,Ridge,22,4,N,NA,19,0,0,20,14,8,58,0,
W22,1/11/2022,Tolomato River,St Johns,N,W22TR1,W22TR1,29.915276,-81.310731,0.98,3.78,0.259259259,Ridge,22,10,Y,W22TR1R10,13,0,0,16,4,3,77,0,
W22,1/11/2022,Tolomato River,St Johns,N,W22TR1,W22TR1,29.915276,-81.310731,0.98,3.78,0.259259259,Ridge,22,14,Y,W22TR1R14,18,0,0,22,13,7,58,0,
W22,1/11/2022,Tolomato River,St Johns,N,W22TR1,W22TR1,29.915276,-81.310731,0.98,3.78,0.259259259,Ridge,22,15,N,NA,21,0,0,19,8,5,68,0,
W22,1/11/2022,Tolomato River,St Johns,N,W22TR1,W22TR1,29.915276,-81.310731,0.98,3.78,0.259259259,Ridge,22,16,Y,W22TR1R16,17,0,0,30,9,2,59,0,
W22,1/11/2022,Tolomato River,St Johns,N,W22TR1,W22TR1,29.915276,-81.310731,0.98,3.78,0.259259259,Ridge,22,20,N,NA,17,0,0,33,16,8,43,0,
W22,1/12/2022,Guana River,St Johns,Y,W22GR12,W22GR12,30.011051,-81.323356,0.76,4.6,0.165217391,Ridge,20,4,N,NA,23,0,0,19,19,13,49,0,
W22,1/12/2022,Guana River,St Johns,Y,W22GR12,W22GR12,30.011051,-81.323356,0.76,4.6,0.165217391,Ridge,20,6,Y,W22GR12R6,20,0,0,16,10,8,66,0,
W22,1/12/2022,Guana River,St Johns,Y,W22GR12,W22GR12,30.011051,-81.323356,0.76,4.6,0.165217391,Ridge,20,7,Y,W22GR12R7,16,0,0,23,6,2,68,1,other = barnacle; 4 mud points in footprints
W22,1/12/2022,Guana River,St Johns,Y,W22GR12,W22GR12,30.011051,-81.323356,0.76,4.6,0.165217391,Ridge,20,9,Y,W22GR12R9,14,0,0,15,12,4,69,0,
W22,1/12/2022,Guana River,St Johns,Y,W22GR12,W22GR12,30.011051,-81.323356,0.76,4.6,0.165217391,Ridge,20,11,N,NA,11,0,0,22,17,2,59,0,
W22,1/12/2022,Guana River,St Johns,Y,W22GR12,W22GR12,30.011051,-81.323356,0.76,4.6,0.165217391,Ridge,20,19,N,NA,11,0,0,12,6,0,82,0,
W22,1/13/2022,Guana River,St Johns,N,W22GR13,GR5,30.014183,-81.326075,0.85,5,0.17,Ridge,45,17,Y,W22GR13R17,21,0,0,33,18,9,38,2,"other = 1 barnacle, 1 mussel"
W22,1/13/2022,Guana River,St Johns,N,W22GR13,GR5,30.014183,-81.326075,0.85,5,0.17,Ridge,45,31,N,NA,33,0,0,52,17,11,17,3,other = barnacle
W22,1/13/2022,Guana River,St Johns,N,W22GR13,GR5,30.014183,-81.326075,0.85,5,0.17,Ridge,45,34,N,NA,21,0,0,32,40,8,19,1,other = barnacle
W22,1/13/2022,Guana River,St Johns,N,W22GR13,GR5,30.014183,-81.326075,0.85,5,0.17,Ridge,45,38,Y,W22GR13R38,27,0,0,39,22,8,29,2,other = barnacle
W22,1/13/2022,Guana River,St Johns,N,W22GR13,GR5,30.014183,-81.326075,0.85,5,0.17,Ridge,45,39,N,NA,26,0,0,47,17,10,25,1,other = barnacle
W22,1/13/2022,Guana River,St Johns,N,W22GR13,GR5,30.014183,-81.326075,0.85,5,0.17,Ridge,45,44,Y,W22GR13R44,19,0,0,33,7,4,54,2,other = barnacle; footprint in quadrat
W22,1/13/2022,Guana River,St Johns,N,W22GR14,W22GR14,30.015915,-81.327653,0.58,2.4,0.241666667,Ridge,20,9,N,NA,40,0,0,55,18,10,8,9,"other = 7 mussels, 2 barnacles; footprint in quadrat"
W22,1/13/2022,Guana River,St Johns,N,W22GR14,W22GR14,30.015915,-81.327653,0.58,2.4,0.241666667,Ridge,20,10,Y,W22GR14R10,29,0,0,43,7,7,41,2,other = mussel; footprint in quadrat
W22,1/13/2022,Guana River,St Johns,N,W22GR14,W22GR14,30.015915,-81.327653,0.58,2.4,0.241666667,Ridge,20,12,N,NA,NA,0,0,43,23,13,15,6,other = mussel
W22,1/13/2022,Guana River,St Johns,N,W22GR14,W22GR14,30.015915,-81.327653,0.58,2.4,0.241666667,Ridge,20,17,Y,W22GR14R17,34,0,0,51,33,9,6,1,
W22,1/13/2022,Guana River,St Johns,N,W22GR14,W22GR14,30.015915,-81.327653,0.58,2.4,0.241666667,Ridge,20,18,Y,W22GR14R18,20,0,0,30,46,13,7,4,"other = 1 barnacle, 3 mussels"
W22,1/13/2022,Guana River,St Johns,N,W22GR14,W22GR14,30.015915,-81.327653,0.58,2.4,0.241666667,Ridge,20,19,N,NA,29,0,0,34,48,12,3,3,"other = 2 barnacles, 1 mussel"
W22,1/18/2022,Tolomato River,St Johns,N,W22TR12,W22TR12,29.973229,-81.339598,0.8,5.41,0.147874307,Ridge,56,10,N,NA,11,0,0,17,80,3,0,0,
W22,1/18/2022,Tolomato River,St Johns,N,W22TR12,W22TR12,29.973229,-81.339598,0.8,5.41,0.147874307,Ridge,56,22,N,NA,20,0,0,26,64,6,3,1,other = mussel
W22,1/18/2022,Tolomato River,St Johns,N,W22TR12,W22TR12,29.973229,-81.339598,0.8,5.41,0.147874307,Ridge,56,38,N,NA,16,0,0,22,56,5,17,0,
W22,1/18/2022,Tolomato River,St Johns,N,W22TR12,W22TR12,29.973229,-81.339598,0.8,5.41,0.147874307,Ridge,56,39,Y,W22TR12R39,26,1,0,26,50,6,16,2,"other = 1 hermit crab, 1 mussel"
W22,1/18/2022,Tolomato River,St Johns,N,W22TR12,W22TR12,29.973229,-81.339598,0.8,5.41,0.147874307,Ridge,56,42,Y,W22TR12R42,15,0,0,21,66,8,5,0,
W22,1/18/2022,Tolomato River,St Johns,N,W22TR12,W22TR12,29.973229,-81.339598,0.8,5.41,0.147874307,Ridge,56,50,Y,W22TR12R50,24,0,0,30,40,6,24,0,
W22,1/18/2022,Tolomato River,St Johns,N,W22TR13,W22TR13,29.973632,-81.339485,0.55,4.4,0.125,Ridge,21,1,N,NA,8,0,0,12,53,4,31,0,
W22,1/18/2022,Tolomato River,St Johns,N,W22TR13,W22TR13,29.973632,-81.339485,0.55,4.4,0.125,Ridge,21,2,N,NA,14,0,0,11,56,10,23,0,
W22,1/18/2022,Tolomato River,St Johns,N,W22TR13,W22TR13,29.973632,-81.339485,0.55,4.4,0.125,Ridge,21,3,Y,W22TR13R3,13,0,0,14,23,7,55,1,other = mussel
W22,1/18/2022,Tolomato River,St Johns,N,W22TR13,W22TR13,29.973632,-81.339485,0.55,4.4,0.125,Ridge,21,4,Y,W22TR13R4,8,0,0,9,6,5,80,0,
W22,1/18/2022,Tolomato River,St Johns,N,W22TR13,W22TR13,29.973632,-81.339485,0.55,4.4,0.125,Ridge,21,14,Y,W22TR13R14,12,0,0,16,29,5,50,0,
W22,1/18/2022,Tolomato River,St Johns,N,W22TR13,W22TR13,29.973632,-81.339485,0.55,4.4,0.125,Ridge,21,20,N,NA,5,0,0,4,16,8,72,0,
W22,1/19/2022,Tolomato River,St Johns,N,W22TR7,W22TR7,29.941652,-81.316555,0.94,5.5,0.170909091,Ridge,21,1,Y,W22TR7R1,29,0,0,46,21,9,23,1,other = barnacle; Shell covering entire area; slope is from water to marsh
W22,1/19/2022,Tolomato River,St Johns,N,W22TR7,W22TR7,29.941652,-81.316555,0.94,5.5,0.170909091,Ridge,21,4,Y,W22TR7R4,27,0,0,46,36,11,6,1,other = barnacle; Shell covering entire area; slope is from water to marsh
W22,1/19/2022,Tolomato River,St Johns,N,W22TR7,W22TR7,29.941652,-81.316555,0.94,5.5,0.170909091,Ridge,21,5,Y,W22TR7R5,11,0,0,36,50,5,8,1,other = barnacle; Shell covering entire area; slope is from water to marsh
W22,1/19/2022,Tolomato River,St Johns,N,W22TR7,W22TR7,29.941652,-81.316555,0.94,5.5,0.170909091,Ridge,21,7,N,NA,10,0,0,18,74,1,7,0,Shell covering entire area; slope is from water to marsh
W22,1/19/2022,Tolomato River,St Johns,N,W22TR7,W22TR7,29.941652,-81.316555,0.94,5.5,0.170909091,Ridge,21,9,N,NA,12,0,0,60,33,5,2,0,Shell covering entire area; slope is from water to marsh
W22,1/19/2022,Tolomato River,St Johns,N,W22TR7,W22TR7,29.941652,-81.316555,0.94,5.5,0.170909091,Ridge,21,18,N,NA,12,0,0,21,72,6,1,0,Shell covering entire area; slope is from water to marsh
W22,1/19/2022,Tolomato River,St Johns,N,W22TR8,W22TR8,29.941851,-81.31776,0.98,3.05,0.321311475,Ridge,12,0,Y,W22TR8R0,30,0,0,30,15,4,51,0,
W22,1/19/2022,Tolomato River,St Johns,N,W22TR8,W22TR8,29.941851,-81.31776,0.98,3.05,0.321311475,Ridge,12,2,N,NA,20,0,0,29,24,3,44,0,
W22,1/19/2022,Tolomato River,St Johns,N,W22TR8,W22TR8,29.941851,-81.31776,0.98,3.05,0.321311475,Ridge,12,3,Y,W22TR8R3,26,0,0,25,26,1,48,0,
W22,1/19/2022,Tolomato River,St Johns,N,W22TR8,W22TR8,29.941851,-81.31776,0.98,3.05,0.321311475,Ridge,12,4,N,NA,32,0,0,38,5,6,50,1,other = barnacle; Avic propagule in quadrat
W22,1/19/2022,Tolomato River,St Johns,N,W22TR8,W22TR8,29.941851,-81.31776,0.98,3.05,0.321311475,Ridge,12,5,N,NA,34,0,0,44,8,2,45,1,other = barnacle
W22,1/19/2022,Tolomato River,St Johns,N,W22TR8,W22TR8,29.941851,-81.31776,0.98,3.05,0.321311475,Ridge,12,9,Y,W22TR8R9,17,0,0,23,11,2,63,1,other = Spartina; Some mud cover had crab burrows or holes
W22,1/25/2022,Tolomato River,St Johns,N,W22TR43,W22TR43,30.111366,-81.372202,0.51,4.55,0.112087912,Ridge,67,32,Y,W22TR43R32,1,0,0,1,75,1,23,0,"very sandy, little relic reef under collections"
W22,1/25/2022,Tolomato River,St Johns,N,W22TR43,W22TR43,30.111366,-81.372202,0.51,4.55,0.112087912,Ridge,67,36,Y,W22TR43R36,4,0,0,16,82,2,0,0,"very sandy, little relic reef under collections"
W22,1/25/2022,Tolomato River,St Johns,N,W22TR43,W22TR43,30.111366,-81.372202,0.51,4.55,0.112087912,Ridge,67,42,Y,W22TR43R42,7,0,0,12,67,5,16,0,"very sandy, little relic reef under collections"
W22,1/25/2022,Tolomato River,St Johns,N,W22TR43,W22TR43,30.111366,-81.372202,0.51,4.55,0.112087912,Ridge,67,47,N,NA,15,0,0,27,64,3,6,0,"very sandy, little relic reef under collections"
W22,1/25/2022,Tolomato River,St Johns,N,W22TR43,W22TR43,30.111366,-81.372202,0.51,4.55,0.112087912,Ridge,67,55,N,NA,21,0,0,13,68,5,14,0,"very sandy, little relic reef under collections"
W22,1/25/2022,Tolomato River,St Johns,N,W22TR43,W22TR43,30.111366,-81.372202,0.51,4.55,0.112087912,Ridge,67,57,N,NA,25,0,0,23,55,11,11,0,"very sandy, little relic reef under collections"
W22,1/26/2022,Tolomato River,St Johns,N,W22TR39,W22TR39,30.101181,-81.366202,0.25,10.6,0.023584906,Ridge,37,1,N,NA,12,0,0,15,60,6,18,1,other = Mussel
W22,1/26/2022,Tolomato River,St Johns,N,W22TR39,W22TR39,30.101181,-81.366202,0.25,10.6,0.023584906,Ridge,37,5,Y,W22TR39R5,11,0,0,17,73,4,6,0,
W22,1/26/2022,Tolomato River,St Johns,N,W22TR39,W22TR39,30.101181,-81.366202,0.25,10.6,0.023584906,Ridge,37,16,Y,W22TR39R16,2,0,0,8,63,0,29,0,
W22,1/26/2022,Tolomato River,St Johns,N,W22TR39,W22TR39,30.101181,-81.366202,0.25,10.6,0.023584906,Ridge,37,21,N,NA,9,0,0,20,56,2,22,0,
W22,1/26/2022,Tolomato River,St Johns,N,W22TR39,W22TR39,30.101181,-81.366202,0.25,10.6,0.023584906,Ridge,37,25,Y,W22TR39R25,6,0,0,8,35,1,56,0,
W22,1/26/2022,Tolomato River,St Johns,N,W22TR39,W22TR39,30.101181,-81.366202,0.25,10.6,0.023584906,Ridge,37,27,N,NA,3,0,0,2,34,0,64,0,
W22,1/26/2022,Tolomato River,St Johns,N,W22TR41,W22TR41,30.107863,-81.370278,0.57,3.8,0.15,Ridge,17,0,Y,W22TR41R0,20,0,0,23,22,7,48,0,
W22,1/26/2022,Tolomato River,St Johns,N,W22TR41,W22TR41,30.107863,-81.370278,0.57,3.8,0.15,Ridge,17,3,N,NA,28,0,0,32,24,4,40,0,
W22,1/26/2022,Tolomato River,St Johns,N,W22TR41,W22TR41,30.107863,-81.370278,0.57,3.8,0.15,Ridge,17,8,Y,W22TR41R8,22,0,0,37,44,8,11,0,
W22,1/26/2022,Tolomato River,St Johns,N,W22TR41,W22TR41,30.107863,-81.370278,0.57,3.8,0.15,Ridge,17,11,N,NA,15,0,0,21,62,9,7,1,other = barnacle
W22,1/26/2022,Tolomato River,St Johns,N,W22TR41,W22TR41,30.107863,-81.370278,0.57,3.8,0.15,Ridge,17,13,N,NA,23,0,0,30,46,11,13,0,
W22,1/26/2022,Tolomato River,St Johns,N,W22TR41,W22TR41,30.107863,-81.370278,0.57,3.8,0.15,Ridge,17,15,Y,W22TR41R15,16,0,0,22,40,9,29,0,
W22,1/27/2022,Guana River,St Johns,Y,W22GR11,W22GR11,30.006417,-81.325454,0.45,2.4,0.1875,Ridge,12,2,N,NA,29,0,0,26,32,6,36,0,
W22,1/27/2022,Guana River,St Johns,Y,W22GR11,W22GR11,30.006417,-81.325454,0.45,2.4,0.1875,Ridge,12,3,N,NA,26,0,0,40,32,9,19,0,
W22,1/27/2022,Guana River,St Johns,Y,W22GR11,W22GR11,30.006417,-81.325454,0.45,2.4,0.1875,Ridge,12,5,Y,W22GR11R5,17,0,0,30,54,8,8,0,
W22,1/27/2022,Guana River,St Johns,Y,W22GR11,W22GR11,30.006417,-81.325454,0.45,2.4,0.1875,Ridge,12,6,Y,W22GR11R6,22,6,0,30,48,11,10,1,other = mussel; Bootprint in mud
W22,1/27/2022,Guana River,St Johns,Y,W22GR11,W22GR11,30.006417,-81.325454,0.45,2.4,0.1875,Ridge,12,7,N,NA,33,0,0,31,48,9,11,1,other = mussel
W22,1/27/2022,Guana River,St Johns,Y,W22GR11,W22GR11,30.006417,-81.325454,0.45,2.4,0.1875,Ridge,12,9,Y,W22GR11R9,28,0,0,34,28,7,31,0,
W22,1/27/2022,Guana River,St Johns,Y,W22GR3,GR62,29.987982,-81.322413,0.5,2.8,0.178571429,Ridge,11,0,N,NA,27,0,0,35,55,10,0,0,
W22,1/27/2022,Guana River,St Johns,Y,W22GR3,GR62,29.987982,-81.322413,0.5,2.8,0.178571429,Ridge,11,2,Y,W22GR3R2,14,0,0,16,79,5,0,0,
W22,1/27/2022,Guana River,St Johns,Y,W22GR3,GR62,29.987982,-81.322413,0.5,2.8,0.178571429,Ridge,11,3,Y,W22GR3R3,10,0,0,23,72,5,0,0,
W22,1/27/2022,Guana River,St Johns,Y,W22GR3,GR62,29.987982,-81.322413,0.5,2.8,0.178571429,Ridge,11,5,Y,W22GR3R5,30,0,0,41,53,6,0,0,
W22,1/27/2022,Guana River,St Johns,Y,W22GR3,GR62,29.987982,-81.322413,0.5,2.8,0.178571429,Ridge,11,6,N,NA,15,0,0,23,69,5,3,0,
W22,1/27/2022,Guana River,St Johns,Y,W22GR3,GR62,29.987982,-81.322413,0.5,2.8,0.178571429,Ridge,11,8,N,NA,26,0,0,27,64,8,1,0,
W22,2/7/2022,Guana River,St Johns,Y,W22GR2,W22GR2,29.987162,-81.323085,0.76,0.49,1.551020408,Ridge,13,1,Y,W22GR2R1,5,0,0,13,74,10,3,0,
W22,2/7/2022,Guana River,St Johns,Y,W22GR2,W22GR2,29.987162,-81.323085,0.76,0.49,1.551020408,Ridge,13,2,Y,W22GR2R2,12,0,0,17,70,10,3,0,
W22,2/7/2022,Guana River,St Johns,Y,W22GR2,W22GR2,29.987162,-81.323085,0.76,0.49,1.551020408,Ridge,13,8,N,NA,21,0,0,30,64,5,1,0,
W22,2/7/2022,Guana River,St Johns,Y,W22GR2,W22GR2,29.987162,-81.323085,0.76,0.49,1.551020408,Ridge,13,9,Y,W22GR2R9,29,0,0,27,59,14,0,0,
W22,2/7/2022,Guana River,St Johns,Y,W22GR2,W22GR2,29.987162,-81.323085,0.76,0.49,1.551020408,Ridge,13,10,N,NA,23,0,0,29,60,8,3,0,
W22,2/7/2022,Guana River,St Johns,Y,W22GR2,W22GR2,29.987162,-81.323085,0.76,0.49,1.551020408,Ridge,13,12,N,NA,21,0,0,28,47,16,8,1,other = Spartina
W22,2/7/2022,Guana River,St Johns,Y,W22GR5,GR8,29.99445,-81.321489,0.93,6.1,0.152459016,Ridge,85,7,N,NA,22,0,0,26,54,7,13,0,
W22,2/7/2022,Guana River,St Johns,Y,W22GR5,GR8,29.99445,-81.321489,0.93,6.1,0.152459016,Ridge,85,11,N,NA,18,0,0,24,63,11,2,0,
W22,2/7/2022,Guana River,St Johns,Y,W22GR5,GR8,29.99445,-81.321489,0.93,6.1,0.152459016,Ridge,85,12,Y,W22GR5R12,19,0,0,15,78,5,2,0,
W22,2/7/2022,Guana River,St Johns,Y,W22GR5,GR8,29.99445,-81.321489,0.93,6.1,0.152459016,Ridge,85,24,Y,W22GR5R24,30,0,0,32,51,9,8,0,
W22,2/7/2022,Guana River,St Johns,Y,W22GR5,GR8,29.99445,-81.321489,0.93,6.1,0.152459016,Ridge,85,54,N,NA,21,0,0,23,69,7,1,0,
W22,2/7/2022,Guana River,St Johns,Y,W22GR5,GR8,29.99445,-81.321489,0.93,6.1,0.152459016,Ridge,85,65,Y,W22GR5R65,13,0,0,13,50,7,30,0,
W22,2/8/2022,Tolomato River,St Johns,Y,W22TR18,W22TR18,29.996279,-81.338413,0.69,2.9,0.237931034,Ridge,10,0,N,NA,41,0,0,44,46,10,0,0,
W22,2/8/2022,Tolomato River,St Johns,Y,W22TR18,W22TR18,29.996279,-81.338413,0.69,2.9,0.237931034,Ridge,10,1,N,NA,30,0,0,36,50,14,0,0,
W22,2/8/2022,Tolomato River,St Johns,Y,W22TR18,W22TR18,29.996279,-81.338413,0.69,2.9,0.237931034,Ridge,10,2,N,NA,22,0,0,27,54,18,1,0,
W22,2/8/2022,Tolomato River,St Johns,Y,W22TR18,W22TR18,29.996279,-81.338413,0.69,2.9,0.237931034,Ridge,10,5,Y,W22TR18R5,28,0,0,45,35,19,1,0,
W22,2/8/2022,Tolomato River,St Johns,Y,W22TR18,W22TR18,29.996279,-81.338413,0.69,2.9,0.237931034,Ridge,10,6,Y,W22TR18R6,21,0,0,37,48,14,1,0,
W22,2/8/2022,Tolomato River,St Johns,Y,W22TR18,W22TR18,29.996279,-81.338413,0.69,2.9,0.237931034,Ridge,10,9,Y,W22TR18R9,10,0,0,23,25,5,46,1,other = barnacle
W22,2/8/2022,Tolomato River,St Johns,N,W22TR20,TR2B,30.00715,-81.34778,0.45,1.95,0.230769231,Ridge,24,0,Y,W22TR20R0,10,0,0,3,67,2,27,1,other = clam
W22,2/8/2022,Tolomato River,St Johns,N,W22TR20,TR2B,30.007131,-81.347812,0.45,1.95,0.230769231,Ridge,24,2,N,NA,12,0,0,15,54,6,25,0,
W22,2/8/2022,Tolomato River,St Johns,N,W22TR20,TR2B,30.007131,-81.347812,0.45,1.95,0.230769231,Ridge,24,11,Y,W22TR20R11,16,0,0,10,83,6,1,0,
W22,2/8/2022,Tolomato River,St Johns,N,W22TR20,TR2B,30.007131,-81.347812,0.45,1.95,0.230769231,Ridge,24,15,N,NA,16,0,0,13,71,10,6,0,
W22,2/8/2022,Tolomato River,St Johns,N,W22TR20,TR2B,30.007131,-81.347812,0.45,1.95,0.230769231,Ridge,24,16,Y,W22TR20R16,19,0,0,14,69,9,8,0,
W22,2/8/2022,Tolomato River,St Johns,N,W22TR20,TR2B,30.007131,-81.347812,0.45,1.95,0.230769231,Ridge,24,22,N,NA,15,0,0,14,57,8,21,0,
W22,2/9/2022,Guana River,St Johns,Y,W22GR6,W22GR6,29.994452,-81.322987,0.64,4.9,0.130612245,Ridge,50,10,N,NA,18,0,0,14,78,4,4,0,
W22,2/9/2022,Guana River,St Johns,Y,W22GR6,W22GR6,29.994452,-81.322987,0.64,4.9,0.130612245,Ridge,50,14,Y,W22GR6R14,12,0,0,13,70,8,9,0,
W22,2/9/2022,Guana River,St Johns,Y,W22GR6,W22GR6,29.994452,-81.322987,0.64,4.9,0.130612245,Ridge,50,23,N,NA,14,0,0,27,49,11,11,2,other = barnacle
W22,2/9/2022,Guana River,St Johns,Y,W22GR6,W22GR6,29.994452,-81.322987,0.64,4.9,0.130612245,Ridge,50,37,N,NA,16,0,0,21,42,8,28,1,other = barnacle
W22,2/9/2022,Guana River,St Johns,Y,W22GR6,W22GR6,29.994452,-81.322987,0.64,4.9,0.130612245,Ridge,50,44,Y,W22GR6R44,13,0,0,12,31,4,53,0,
W22,2/9/2022,Guana River,St Johns,Y,W22GR6,W22GR6,29.994452,-81.322987,0.64,4.9,0.130612245,Ridge,50,46,Y,W22GR6R46,13,0,0,21,74,4,1,0,
W22,2/9/2022,Guana River,St Johns,Y,W22GR7,W22GR7,29.994999,-81.323444,0.77,3.9,0.197435897,Ridge,65,2,N,NA,14,0,0,20,67,3,10,0,
W22,2/9/2022,Guana River,St Johns,Y,W22GR7,W22GR7,29.994999,-81.323444,0.77,3.9,0.197435897,Ridge,65,4,N,NA,7,0,0,20,67,7,6,0,
W22,2/9/2022,Guana River,St Johns,Y,W22GR7,W22GR7,29.994999,-81.323444,0.77,3.9,0.197435897,Ridge,65,18,N,NA,29,0,0,38,53,3,6,0,
W22,2/9/2022,Guana River,St Johns,Y,W22GR7,W22GR7,29.994999,-81.323444,0.77,3.9,0.197435897,Ridge,65,24,Y,W22GR7R24,6,0,0,12,71,2,15,0,
W22,2/9/2022,Guana River,St Johns,Y,W22GR7,W22GR7,29.994999,-81.323444,0.77,3.9,0.197435897,Ridge,65,33,Y,W22GR7R33,0,0,0,2,95,2,1,0,
W22,2/9/2022,Guana River,St Johns,Y,W22GR7,W22GR7,29.994999,-81.323444,0.77,3.9,0.197435897,Ridge,65,56,Y,W22GR7R56,18,0,0,37,47,6,10,0,
W22,2/9/2022,Tolomato River,St Johns,N,W22TR27,W22TR27,30.051638,-81.362556,0.47,5,0.094,Ridge,82,3,Y,W22TR27R3,16,0,0,19,79,2,0,0,
W22,2/9/2022,Tolomato River,St Johns,N,W22TR27,W22TR27,30.051638,-81.362556,0.47,5,0.094,Ridge,82,12,N,NA,9,0,0,36,60,3,1,0,
W22,2/9/2022,Tolomato River,St Johns,N,W22TR27,W22TR27,30.051638,-81.362556,0.47,5,0.094,Ridge,82,15,N,NA,16,0,0,19,42,4,34,1,other = barnacle
W22,2/9/2022,Tolomato River,St Johns,N,W22TR27,W22TR27,30.051638,-81.362556,0.47,5,0.094,Ridge,82,31,N,NA,21,0,0,46,41,9,4,0,
W22,2/9/2022,Tolomato River,St Johns,N,W22TR27,W22TR27,30.051638,-81.362556,0.47,5,0.094,Ridge,82,49,Y,W22TR27R49,NA,0,0,38,30,5,27,0,
W22,2/9/2022,Tolomato River,St Johns,N,W22TR27,W22TR27,30.051638,-81.362556,0.47,5,0.094,Ridge,82,53,Y,W22TR27R53,15,0,0,33,44,5,17,1,other = barnacle
W22,2/9/2022,Tolomato River,St Johns,N,W22TR28,W22TR28,30.053984,-81.362363,0.28,7.75,0.036129032,Ridge,56,27,Y,W22TR28R27,13,0,0,22,39,7,30,2,other = barnacle
W22,2/9/2022,Tolomato River,St Johns,N,W22TR28,W22TR28,30.053984,-81.362363,0.28,7.75,0.036129032,Ridge,56,28,Y,W22TR28R28,8,0,0,13,38,3,46,0,
W22,2/9/2022,Tolomato River,St Johns,N,W22TR28,W22TR28,30.053984,-81.362363,0.28,7.75,0.036129032,Ridge,56,36,N,NA,14,0,0,17,28,9,46,0,
W22,2/9/2022,Tolomato River,St Johns,N,W22TR28,W22TR28,30.053984,-81.362363,0.28,7.75,0.036129032,Ridge,56,40,N,NA,5,0,0,7,28,1,64,0,
W22,2/9/2022,Tolomato River,St Johns,N,W22TR28,W22TR28,30.053984,-81.362363,0.28,7.75,0.036129032,Ridge,56,41,Y,W22TR28R41,6,0,0,4,25,2,69,0,
W22,2/9/2022,Tolomato River,St Johns,N,W22TR28,W22TR28,30.053984,-81.362363,0.28,7.75,0.036129032,Ridge,56,44,N,NA,5,0,0,7,31,4,58,0,
W22,2/10/2022,Tolomato River,St Johns,N,W22TR11,W22TR11,29.9606729,-81.331332,0.93,4.6,0.202173913,Ridge,26,4,Y,W22TR11R4,7,0,0,9,88,2,1,0,
W22,2/10/2022,Tolomato River,St Johns,N,W22TR11,W22TR11,29.9606729,-81.331332,0.93,4.6,0.202173913,Ridge,26,8,N,NA,17,0,0,30,59,11,0,0,
W22,2/10/2022,Tolomato River,St Johns,N,W22TR11,W22TR11,29.9606729,-81.331332,0.93,4.6,0.202173913,Ridge,26,10,N,NA,21,0,0,33,55,8,3,1,other = mussel
W22,2/10/2022,Tolomato River,St Johns,N,W22TR11,W22TR11,29.9606729,-81.331332,0.93,4.6,0.202173913,Ridge,26,12,Y,W22TR11R12,17,0,0,25,61,12,2,0,
W22,2/10/2022,Tolomato River,St Johns,N,W22TR11,W22TR11,29.9606729,-81.331332,0.93,4.6,0.202173913,Ridge,26,17,N,NA,31,0,0,32,58,10,0,0,
W22,2/10/2022,Tolomato River,St Johns,N,W22TR11,W22TR11,29.9606729,-81.331332,0.93,4.6,0.202173913,Ridge,26,24,Y,W22TR11R24,22,0,0,37,52,10,1,0,
W22,2/10/2022,Tolomato River,St Johns,N,W22TR22,W22TR22,30.02353,-81.357959,0.38,3.1,0.122580645,Ridge,22,1,Y,W22TR22R1,9,0,0,16,37,4,42,1,other = clam shell
W22,2/10/2022,Tolomato River,St Johns,N,W22TR22,W22TR22,30.02353,-81.357959,0.38,3.1,0.122580645,Ridge,22,2,N,NA,9,0,0,10,40,6,44,0,
W22,2/10/2022,Tolomato River,St Johns,N,W22TR22,W22TR22,30.02353,-81.357959,0.38,3.1,0.122580645,Ridge,22,8,Y,W22TR22R8,13,0,0,23,57,10,10,0,
W22,2/10/2022,Tolomato River,St Johns,N,W22TR22,W22TR22,30.02353,-81.357959,0.38,3.1,0.122580645,Ridge,22,16,Y,W22TR22R16,15,0,0,18,73,9,0,0,
W22,2/10/2022,Tolomato River,St Johns,N,W22TR22,W22TR22,30.02353,-81.357959,0.38,3.1,0.122580645,Ridge,22,18,N,NA,24,0,0,37,57,3,3,0,
W22,2/10/2022,Tolomato River,St Johns,N,W22TR22,W22TR22,30.02353,-81.357959,0.38,3.1,0.122580645,Ridge,22,20,N,NA,21,0,0,25,65,7,3,0,
W22,2/10/2022,Tolomato River,St Johns,N,W22TR33,W22TR33,30.066913,-81.368708,0.45,3.4,0.132352941,Ridge,25,1,Y,W22TR33R1,13,0,0,27,23,2,46,2,other = barnacle
W22,2/10/2022,Tolomato River,St Johns,N,W22TR33,W22TR33,30.066913,-81.368708,0.45,3.4,0.132352941,Ridge,25,5,N,NA,20,0,0,34,37,3,26,0,
W22,2/10/2022,Tolomato River,St Johns,N,W22TR33,W22TR33,30.066913,-81.368708,0.45,3.4,0.132352941,Ridge,25,11,Y,W22TR33R11,22,0,0,30,52,6,6,6,other = barnacle
W22,2/10/2022,Tolomato River,St Johns,N,W22TR33,W22TR33,30.066913,-81.368708,0.45,3.4,0.132352941,Ridge,25,12,N,NA,38,0,0,37,50,10,1,2,other = barnacle
W22,2/10/2022,Tolomato River,St Johns,N,W22TR33,W22TR33,30.066913,-81.368708,0.45,3.4,0.132352941,Ridge,25,13,Y,W22TR33R13,17,0,0,38,32,5,23,2,"other = 1 mussel, 1 barnacle"
W22,2/10/2022,Tolomato River,St Johns,N,W22TR33,W22TR33,30.066913,-81.368708,0.45,3.4,0.132352941,Ridge,25,16,N,NA,22,0,0,23,70,4,2,1,other = barnacle
W22,2/11/2022,Guana River,St Johns,Y,W22GR1,W22GR1,29.986935,-81.321766,0.84,6.2,0.135483871,Ridge,55,14,Y,W22GR1R14,2,0,0,3,95,2,0,0,
W22,2/11/2022,Guana River,St Johns,Y,W22GR1,W22GR1,29.986935,-81.321766,0.84,6.2,0.135483871,Ridge,55,16,N,NA,3,0,0,6,94,0,0,0,
W22,2/11/2022,Guana River,St Johns,Y,W22GR1,W22GR1,29.986935,-81.321766,0.84,6.2,0.135483871,Ridge,55,17,Y,W22GR1R17,2,0,0,3,97,0,0,0,
W22,2/11/2022,Guana River,St Johns,Y,W22GR1,W22GR1,29.986935,-81.321766,0.84,6.2,0.135483871,Ridge,55,29,N,NA,9,0,0,10,88,2,0,0,
W22,2/11/2022,Guana River,St Johns,Y,W22GR1,W22GR1,29.986935,-81.321766,0.84,6.2,0.135483871,Ridge,55,31,Y,W22GR1R31,4,0,0,5,95,0,0,0,
W22,2/11/2022,Guana River,St Johns,Y,W22GR1,W22GR1,29.986935,-81.321766,0.84,6.2,0.135483871,Ridge,55,41,N,NA,21,0,0,18,67,6,9,0,
W22,2/11/2022,Tolomato River,St Johns,N,W22TR23,W22TR23,30.021747,-81.354634,0.52,5.45,0.095412844,Ridge,20,5,N,NA,16,0,0,24,71,5,0,0,
W22,2/11/2022,Tolomato River,St Johns,N,W22TR23,W22TR23,30.021747,-81.354634,0.52,5.45,0.095412844,Ridge,20,7,N,NA,9,0,0,19,73,7,0,1,other = barnacle
W22,2/11/2022,Tolomato River,St Johns,N,W22TR23,W22TR23,30.021747,-81.354634,0.52,5.45,0.095412844,Ridge,20,11,Y,W22TR23R11,18,0,0,14,75,7,4,0,
W22,2/11/2022,Tolomato River,St Johns,N,W22TR23,W22TR23,30.021747,-81.354634,0.52,5.45,0.095412844,Ridge,20,12,Y,W22TR23R12,24,0,0,13,73,11,3,0,
W22,2/11/2022,Tolomato River,St Johns,N,W22TR23,W22TR23,30.021747,-81.354634,0.52,5.45,0.095412844,Ridge,20,13,N,NA,22,0,0,21,72,7,0,0,
W22,2/11/2022,Tolomato River,St Johns,N,W22TR23,W22TR23,30.021747,-81.354634,0.52,5.45,0.095412844,Ridge,20,15,Y,W22TR23R15,13,0,0,13,62,6,19,0,
W22,2/14/2022,Guana River,St Johns,Y,W22GR10,W22GR10,30.003021,-81.326321,0.73,2.15,0.339534884,Ridge,9,0,Y,W22GR10R0,22,0,0,28,6,3,63,0,
W22,2/14/2022,Guana River,St Johns,Y,W22GR10,W22GR10,30.003021,-81.326321,0.73,2.15,0.339534884,Ridge,9,3,Y,W22GR10R3,28,0,0,42,23,15,20,0,
W22,2/14/2022,Guana River,St Johns,Y,W22GR10,W22GR10,30.003021,-81.326321,0.73,2.15,0.339534884,Ridge,9,5,N,NA,24,0,0,38,31,10,21,0,
W22,2/14/2022,Guana River,St Johns,Y,W22GR10,W22GR10,30.003021,-81.326321,0.73,2.15,0.339534884,Ridge,9,6,N,NA,34,0,0,28,29,8,35,0,
W22,2/14/2022,Guana River,St Johns,Y,W22GR10,W22GR10,30.003021,-81.326321,0.73,2.15,0.339534884,Ridge,9,7,N,NA,14,0,0,27,11,3,59,0,
W22,2/14/2022,Guana River,St Johns,Y,W22GR10,W22GR10,30.003021,-81.326321,0.73,2.15,0.339534884,Ridge,9,8,Y,W22GR10R8,12,0,0,13,9,2,76,0,
W22,2/14/2022,Guana River,St Johns,Y,W22GR9,W22GR9,30.002285,-81.327253,0.58,6.5,0.089230769,Ridge,41,3,N,NA,15,0,0,19,12,5,64,0,
W22,2/14/2022,Guana River,St Johns,Y,W22GR9,W22GR9,30.002285,-81.327253,0.58,6.5,0.089230769,Ridge,41,12,N,NA,9,0,0,12,30,6,51,1,other = mussel
W22,2/14/2022,Guana River,St Johns,Y,W22GR9,W22GR9,30.002285,-81.327253,0.58,6.5,0.089230769,Ridge,41,13,Y,W22GR9R13,14,0,0,20,23,2,55,0,
W22,2/14/2022,Guana River,St Johns,Y,W22GR9,W22GR9,30.002285,-81.327253,0.58,6.5,0.089230769,Ridge,41,34,Y,W22GR9R34,18,0,0,10,32,8,50,0,
W22,2/14/2022,Guana River,St Johns,Y,W22GR9,W22GR9,30.002285,-81.327253,0.58,6.5,0.089230769,Ridge,41,37,Y,W22GR9R37,19,0,0,19,43,6,32,0,
W22,2/14/2022,Guana River,St Johns,Y,W22GR9,W22GR9,30.002285,-81.327253,0.58,6.5,0.089230769,Ridge,41,38,N,NA,15,0,0,18,49,3,30,0,
W22,2/14/2022,Tolomato River,St Johns,N,W22TR31,W22TR31,30.0646429,-81.3583165,0.87,5.6,0.155357143,Ridge,36,6,Y,W22TR31R6,25,0,0,32,38,3,27,0,
W22,2/14/2022,Tolomato River,St Johns,N,W22TR31,W22TR31,30.0646429,-81.3583165,0.87,5.6,0.155357143,Ridge,36,8,N,NA,28,0,0,21,25,4,50,0,
W22,2/14/2022,Tolomato River,St Johns,N,W22TR31,W22TR31,30.0646429,-81.3583165,0.87,5.6,0.155357143,Ridge,36,13,Y,W22TR31R13,26,0,0,32,54,8,6,0,
W22,2/14/2022,Tolomato River,St Johns,N,W22TR31,W22TR31,30.0646429,-81.3583165,0.87,5.6,0.155357143,Ridge,36,20,Y,W22TR31R20,22,0,0,28,61,5,6,0,
W22,2/14/2022,Tolomato River,St Johns,N,W22TR31,W22TR31,30.0646429,-81.3583165,0.87,5.6,0.155357143,Ridge,36,23,N,NA,21,0,0,34,58,4,4,0,
W22,2/14/2022,Tolomato River,St Johns,N,W22TR31,W22TR31,30.0646429,-81.3583165,0.87,5.6,0.155357143,Ridge,36,25,N,NA,27,0,0,28,64,6,1,1,other = barnacle
W22,2/14/2022,Tolomato River,St Johns,N,W22TR32,W22TR32,30.066726,-81.361594,0.94,4,0.235,Ridge,47,0,Y,W22TR32R0,14,0,0,37,38,8,16,1,other = barnacle
W22,2/14/2022,Tolomato River,St Johns,N,W22TR32,W22TR32,30.066726,-81.361594,0.94,4,0.235,Ridge,47,4,Y,W22TR32R4,11,0,0,11,63,3,23,0,
W22,2/14/2022,Tolomato River,St Johns,N,W22TR32,W22TR32,30.066726,-81.361594,0.94,4,0.235,Ridge,47,8,N,NA,9,0,0,23,64,2,11,0,
W22,2/14/2022,Tolomato River,St Johns,N,W22TR32,W22TR32,30.066726,-81.361594,0.94,4,0.235,Ridge,47,21,N,NA,8,0,0,19,72,1,8,0,
W22,2/14/2022,Tolomato River,St Johns,N,W22TR32,W22TR32,30.066726,-81.361594,0.94,4,0.235,Ridge,47,23,Y,W22TR32R23,5,0,0,11,59,1,29,0,
W22,2/14/2022,Tolomato River,St Johns,N,W22TR32,W22TR32,30.066726,-81.361594,0.94,4,0.235,Ridge,47,45,N,NA,13,0,0,30,37,2,31,0,
W22,2/15/2022,Guana River,St Johns,Y,W22GR8,W22GR8,29.996632,-81.325292,0.43,5.1,0.084313725,Ridge,40,4,N,NA,11,0,0,29,48,5,17,1,other = barnacle; Continuous reef several hundred meters long
W22,2/15/2022,Guana River,St Johns,Y,W22GR8,W22GR8,29.996632,-81.325292,0.43,5.1,0.084313725,Ridge,40,15,N,NA,6,0,0,20,62,5,13,0,Continuous reef several hundred meters long
W22,2/15/2022,Guana River,St Johns,Y,W22GR8,W22GR8,29.996632,-81.325292,0.43,5.1,0.084313725,Ridge,40,18,Y,W22GR8R18,10,0,0,25,47,12,15,1,other = barnacle; Continuous reef several hundred meters long
W22,2/15/2022,Guana River,St Johns,Y,W22GR8,W22GR8,29.996632,-81.325292,0.43,5.1,0.084313725,Ridge,40,23,Y,W22GR8R23,8,0,0,30,61,3,6,0,Continuous reef several hundred meters long
W22,2/15/2022,Guana River,St Johns,Y,W22GR8,W22GR8,29.996632,-81.325292,0.43,5.1,0.084313725,Ridge,40,29,N,NA,10,0,0,19,70,5,5,1,other = mussel; Continuous reef several hundred meters long
W22,2/15/2022,Guana River,St Johns,Y,W22GR8,W22GR8,29.996632,-81.325292,0.43,5.1,0.084313725,Ridge,40,35,Y,W22GR8R35,17,0,0,26,43,14,17,0,Continuous reef several hundred meters long
W22,2/15/2022,Tolomato River,St Johns,N,W22TR4,W22TR4,29.922493,-81.307452,0.86,2.5,0.344,Ridge,9,0,N,NA,18,0,0,21,20,5,46,8,"other = 7 Spartina, 1 leaf"
W22,2/15/2022,Tolomato River,St Johns,N,W22TR4,W22TR4,29.922493,-81.307452,0.86,2.5,0.344,Ridge,9,2,N,NA,35,0,0,32,38,7,14,9,other = Spartina
W22,2/15/2022,Tolomato River,St Johns,N,W22TR4,W22TR4,29.922493,-81.307452,0.86,2.5,0.344,Ridge,9,5,Y,W22TR4R5,9,0,0,20,15,6,40,19,other = Spartina
W22,2/15/2022,Tolomato River,St Johns,N,W22TR4,W22TR4,29.922493,-81.307452,0.86,2.5,0.344,Ridge,9,6,Y,W22TR4R6,23,0,0,31,29,4,20,16,other = Spartina
W22,2/15/2022,Tolomato River,St Johns,N,W22TR4,W22TR4,29.922493,-81.307452,0.86,2.5,0.344,Ridge,9,7,Y,W22TR4R7,10,0,0,26,54,5,10,5,other = Spartina
W22,2/15/2022,Tolomato River,St Johns,N,W22TR4,W22TR4,29.922493,-81.307452,0.86,2.5,0.344,Ridge,9,8,N,NA,1,0,0,11,72,6,8,3,"other = 1 clam shell, 2 Spartina"
W22,2/15/2022,Tolomato River,St Johns,N,W22TR9,W22TR9,29.955329,-81.31737,0.35,6.66,0.052552553,Ridge,21,2,Y,W22TR9R2,13,0,0,16,47,9,18,10,"other = 9 Spartina, 1 mussel"
W22,2/15/2022,Tolomato River,St Johns,N,W22TR9,W22TR9,29.955329,-81.31737,0.35,6.66,0.052552553,Ridge,21,5,N,NA,19,0,0,33,46,19,2,0,
W22,2/15/2022,Tolomato River,St Johns,N,W22TR9,W22TR9,29.955329,-81.31737,0.35,6.66,0.052552553,Ridge,21,9,Y,W22TR9R9,21,0,0,41,42,11,5,1,other = spartina
W22,2/15/2022,Tolomato River,St Johns,N,W22TR9,W22TR9,29.955329,-81.31737,0.35,6.66,0.052552553,Ridge,21,10,N,NA,31,0,0,40,42,14,4,0,
W22,2/15/2022,Tolomato River,St Johns,N,W22TR9,W22TR9,29.955329,-81.31737,0.35,6.66,0.052552553,Ridge,21,17,N,NA,25,0,0,27,36,18,19,0,
W22,2/15/2022,Tolomato River,St Johns,N,W22TR9,W22TR9,29.955329,-81.31737,0.35,6.66,0.052552553,Ridge,21,19,Y,W22TR9R19,32,0,0,29,20,14,37,0,
W22,2/22/2022,Guana River,St Johns,Y,W22GR16,GR6,30.002381,-81.326086,0.64,3.35,0.191044776,Ridge,15,0,N,NA,24,0,0,30,29,12,29,0,
W22,2/22/2022,Guana River,St Johns,Y,W22GR16,GR6,30.002381,-81.326086,0.64,3.35,0.191044776,Ridge,15,3,N,NA,18,0,0,24,23,3,50,0,
W22,2/22/2022,Guana River,St Johns,Y,W22GR16,GR6,30.002381,-81.326086,0.64,3.35,0.191044776,Ridge,15,5,Y,W22GR16R5,17,0,0,28,20,2,50,0,
W22,2/22/2022,Guana River,St Johns,Y,W22GR16,GR6,30.002381,-81.326086,0.64,3.35,0.191044776,Ridge,15,7,N,NA,29,0,0,42,27,5,26,0,
W22,2/22/2022,Guana River,St Johns,Y,W22GR16,GR6,30.002381,-81.326086,0.64,3.35,0.191044776,Ridge,15,9,Y,W22GR16R9,21,0,0,26,8,4,62,0,
W22,2/22/2022,Guana River,St Johns,Y,W22GR16,GR6,30.002381,-81.326086,0.64,3.35,0.191044776,Ridge,15,13,Y,W22GR16R13,23,0,0,36,17,6,41,0,
W22,2/22/2022,Guana River,St Johns,Y,W22GR4,GR3,29.984411,-81.324158,0.8,3.65,0.219178082,Ridge,13,2,Y,W22GR4R2,28,0,0,35,53,12,0,0,
W22,2/22/2022,Guana River,St Johns,Y,W22GR4,GR3,29.984411,-81.324158,0.8,3.65,0.219178082,Ridge,13,3,N,NA,41,0,0,40,51,9,0,0,
W22,2/22/2022,Guana River,St Johns,Y,W22GR4,GR3,29.984411,-81.324158,0.8,3.65,0.219178082,Ridge,13,5,Y,W22GR4R5,37,0,0,39,51,9,1,0,
W22,2/22/2022,Guana River,St Johns,Y,W22GR4,GR3,29.984411,-81.324158,0.8,3.65,0.219178082,Ridge,13,7,N,NA,37,0,0,53,39,8,0,0,
W22,2/22/2022,Guana River,St Johns,Y,W22GR4,GR3,29.984411,-81.324158,0.8,3.65,0.219178082,Ridge,13,9,N,NA,28,0,0,33,53,5,9,0,
W22,2/22/2022,Guana River,St Johns,Y,W22GR4,GR3,29.984411,-81.324158,0.8,3.65,0.219178082,Ridge,13,10,Y,W22GR4R10,26,0,0,49,43,6,2,0,
W22,2/22/2022,Tolomato River,St Johns,N,W22TR24,W22TR24,30.0291527,-81.3540823,0.66,9.15,0.072131148,Ridge,26,1,N,NA,6,0,0,9,73,3,15,0,
W22,2/22/2022,Tolomato River,St Johns,N,W22TR24,W22TR24,30.0291527,-81.3540823,0.66,9.15,0.072131148,Ridge,26,6,Y,W22TR24R6,8,0,0,7,74,1,18,0,
W22,2/22/2022,Tolomato River,St Johns,N,W22TR24,W22TR24,30.0291527,-81.3540823,0.66,9.15,0.072131148,Ridge,26,7,N,NA,8,0,0,10,76,1,13,0,
W22,2/22/2022,Tolomato River,St Johns,N,W22TR24,W22TR24,30.0291527,-81.3540823,0.66,9.15,0.072131148,Ridge,26,18,Y,W22TR24R18,25,0,0,37,61,2,0,0,
W22,2/22/2022,Tolomato River,St Johns,N,W22TR24,W22TR24,30.0291527,-81.3540823,0.66,9.15,0.072131148,Ridge,26,20,Y,W22TR24R20,19,0,0,18,47,4,30,1,other = barnacle
W22,2/22/2022,Tolomato River,St Johns,N,W22TR24,W22TR24,30.0291527,-81.3540823,0.66,9.15,0.072131148,Ridge,26,22,N,NA,24,0,0,32,42,6,18,2,other = barnacle
W22,3/1/2022,Tolomato River,St Johns,N,W22TR21,W22TR21,30.011905,-81.356613,0.68,2.2,0.309090909,Ridge,12,0,Y,W22TR21R0,11,0,0,25,67,8,0,0,
W22,3/1/2022,Tolomato River,St Johns,N,W22TR21,W22TR21,30.011905,-81.356613,0.68,2.2,0.309090909,Ridge,12,4,N,NA,24,0,0,36,26,10,28,0,
W22,3/1/2022,Tolomato River,St Johns,N,W22TR21,W22TR21,30.011905,-81.356613,0.68,2.2,0.309090909,Ridge,12,7,N,NA,25,0,0,33,26,11,30,0,
W22,3/1/2022,Tolomato River,St Johns,N,W22TR21,W22TR21,30.011905,-81.356613,0.68,2.2,0.309090909,Ridge,12,8,Y,W22TR21R8,21,0,0,34,34,7,25,0,
W22,3/1/2022,Tolomato River,St Johns,N,W22TR21,W22TR21,30.011905,-81.356613,0.68,2.2,0.309090909,Ridge,12,9,N,NA,19,0,0,28,42,4,26,0,
W22,3/1/2022,Tolomato River,St Johns,N,W22TR21,W22TR21,30.011905,-81.356613,0.68,2.2,0.309090909,Ridge,12,10,Y,W22TR21R10,24,0,0,37,55,3,5,0,"Sample located on top of shell rake, loose shell bits covered top but found reef ~5cm below"
W22,3/1/2022,Tolomato River,St Johns,N,W22TR6,VBNR1,29.930953,-81.318159,0.6,4.37,0.137299771,Ridge,10,0,Y,W22TR6R0,18,0,0,21,21,4,54,0,Very muddy; previously sampled reef VBNR1
W22,3/1/2022,Tolomato River,St Johns,N,W22TR6,VBNR1,29.930953,-81.318159,0.6,4.37,0.137299771,Ridge,10,4,N,NA,16,0,0,32,35,7,26,0,Very muddy; previously sampled reef VBNR1
W22,3/1/2022,Tolomato River,St Johns,N,W22TR6,VBNR1,29.930953,-81.318159,0.6,4.37,0.137299771,Ridge,10,5,Y,W22TR6R5,15,0,0,23,22,4,51,0,Very muddy; previously sampled reef VBNR1
W22,3/1/2022,Tolomato River,St Johns,N,W22TR6,VBNR1,29.930953,-81.318159,0.6,4.37,0.137299771,Ridge,10,6,N,NA,7,0,0,30,24,8,38,0,Very muddy; previously sampled reef VBNR1
W22,3/1/2022,Tolomato River,St Johns,N,W22TR6,VBNR1,29.930953,-81.318159,0.6,4.37,0.137299771,Ridge,10,8,N,NA,13,0,0,27,25,5,43,0,Very muddy; previously sampled reef VBNR1
W22,3/1/2022,Tolomato River,St Johns,N,W22TR6,VBNR1,29.930953,-81.318159,0.6,4.37,0.137299771,Ridge,10,9,Y,W22TR6R9,8,0,0,23,19,7,51,0,Very muddy; previously sampled reef VBNR1
W22,3/2/2022,Tolomato River,St Johns,N,W22TR2,W22TR2,29.919059,-81.306249,0.46,4.32,0.106481481,Ridge,24,1,N,NA,18,0,0,40,31,4,25,0,
W22,3/2/2022,Tolomato River,St Johns,N,W22TR2,W22TR2,29.919059,-81.306249,0.46,4.32,0.106481481,Ridge,24,10,N,NA,10,0,0,25,34,9,31,1,other = crab claw
W22,3/2/2022,Tolomato River,St Johns,N,W22TR2,W22TR2,29.919059,-81.306249,0.46,4.32,0.106481481,Ridge,24,11,Y,W22TR2R11,18,0,0,38,33,10,19,0,
W22,3/2/2022,Tolomato River,St Johns,N,W22TR2,W22TR2,29.919059,-81.306249,0.46,4.32,0.106481481,Ridge,24,12,N,NA,14,0,0,32,40,9,19,0,
W22,3/2/2022,Tolomato River,St Johns,N,W22TR2,W22TR2,29.919059,-81.306249,0.46,4.32,0.106481481,Ridge,24,15,Y,W22TR2R15,14,0,0,33,40,17,10,0,
W22,3/2/2022,Tolomato River,St Johns,N,W22TR2,W22TR2,29.919059,-81.306249,0.46,4.32,0.106481481,Ridge,24,18,Y,W22TR2R18,6,0,0,17,77,2,4,0,
W22,3/2/2022,Tolomato River,St Johns,N,W22TR3,W22TR3,29.921617,-81.300185,1.3,4.75,0.273684211,Ridge,9,0,Y,W22TR3R0,13,0,0,64,9,6,8,13,other = spartina
W22,3/2/2022,Tolomato River,St Johns,N,W22TR3,W22TR3,29.921617,-81.300185,1.3,4.75,0.273684211,Ridge,9,2,N,NA,13,0,0,59,25,11,4,1,other = spartina
W22,3/2/2022,Tolomato River,St Johns,N,W22TR3,W22TR3,29.921617,-81.300185,1.3,4.75,0.273684211,Ridge,9,3,N,NA,16,0,0,55,20,14,11,0,
W22,3/2/2022,Tolomato River,St Johns,N,W22TR3,W22TR3,29.921617,-81.300185,1.3,4.75,0.273684211,Ridge,9,4,Y,W22TR3R4,23,0,0,56,24,4,16,0,
W22,3/2/2022,Tolomato River,St Johns,N,W22TR3,W22TR3,29.921617,-81.300185,1.3,4.75,0.273684211,Ridge,9,6,Y,W22TR3R6,25,0,0,39,17,5,39,0,"Stepped in quadrat, 7 mud cover were in bootprints"
W22,3/2/2022,Tolomato River,St Johns,N,W22TR3,W22TR3,29.921617,-81.300185,1.3,4.75,0.273684211,Ridge,9,7,N,NA,13,0,0,44,14,5,37,0,
W22,3/3/2022,Tolomato River,St Johns,N,W22TR15,W22TR15,29.977487,-81.337303,0.94,2.95,0.318644068,Ridge,23,5,N,NA,21,0,0,29,52,9,7,3,other = Spartina
W22,3/3/2022,Tolomato River,St Johns,N,W22TR15,W22TR15,29.977487,-81.337303,0.94,2.95,0.318644068,Ridge,23,8,N,NA,23,0,0,25,56,5,14,0,
W22,3/3/2022,Tolomato River,St Johns,N,W22TR15,W22TR15,29.977487,-81.337303,0.94,2.95,0.318644068,Ridge,23,10,Y,W22TR15R10,23,0,0,25,59,6,10,0,
W22,3/3/2022,Tolomato River,St Johns,N,W22TR15,W22TR15,29.977487,-81.337303,0.94,2.95,0.318644068,Ridge,23,14,Y,W22TR15R14,29,0,0,19,42,8,31,0,
W22,3/3/2022,Tolomato River,St Johns,N,W22TR15,W22TR15,29.977487,-81.337303,0.94,2.95,0.318644068,Ridge,23,21,N,NA,24,0,0,29,24,7,39,1,other = Barnacle
W22,3/3/2022,Tolomato River,St Johns,N,W22TR15,W22TR15,29.977487,-81.337303,0.94,2.95,0.318644068,Ridge,23,22,Y,W22TR15R22,25,0,0,20,21,12,47,0,
W22,3/3/2022,Tolomato River,St Johns,Y,W22TR17,W22TR17,29.997687,-81.337681,0.88,4.7,0.187234043,Ridge,13,3,N,NA,33,0,0,44,44,11,1,0,
W22,3/3/2022,Tolomato River,St Johns,Y,W22TR17,W22TR17,29.997687,-81.337681,0.88,4.7,0.187234043,Ridge,13,7,Y,W22TR17R7,33,0,0,34,40,15,11,0,
W22,3/3/2022,Tolomato River,St Johns,Y,W22TR17,W22TR17,29.997687,-81.337681,0.88,4.7,0.187234043,Ridge,13,8,N,NA,20,0,0,28,35,11,26,0,
W22,3/3/2022,Tolomato River,St Johns,Y,W22TR17,W22TR17,29.997687,-81.337681,0.88,4.7,0.187234043,Ridge,13,10,Y,W22TR17R10,18,0,0,19,15,9,57,0,
W22,3/3/2022,Tolomato River,St Johns,Y,W22TR17,W22TR17,29.997687,-81.337681,0.88,4.7,0.187234043,Ridge,13,11,Y,W22TR17R11,19,0,0,29,17,11,43,0,
W22,3/3/2022,Tolomato River,St Johns,Y,W22TR17,W22TR17,29.997687,-81.337681,0.88,4.7,0.187234043,Ridge,13,12,N,NA,18,0,0,20,13,9,55,3,"other = 2 spartina, 1 barnacle"
W22,3/3/2022,Tolomato River,St Johns,Y,W22TR19,TR78,30.00074,-81.3436,0.43,2.25,0.191111111,Ridge,31,4,Y,W22TR19R4,14,0,0,19,61,7,13,0,
W22,3/3/2022,Tolomato River,St Johns,Y,W22TR19,TR78,30.00074,-81.3436,0.43,2.25,0.191111111,Ridge,31,14,Y,W22TR19R14,13,0,0,17,70,12,1,0,
W22,3/3/2022,Tolomato River,St Johns,Y,W22TR19,TR78,30.00074,-81.3436,0.43,2.25,0.191111111,Ridge,31,18,Y,W22TR19R18,18,0,0,29,59,11,1,0,
W22,3/3/2022,Tolomato River,St Johns,Y,W22TR19,TR78,30.00074,-81.3436,0.43,2.25,0.191111111,Ridge,31,24,N,NA,16,0,0,24,59,4,13,0,
W22,3/3/2022,Tolomato River,St Johns,Y,W22TR19,TR78,30.00074,-81.3436,0.43,2.25,0.191111111,Ridge,31,26,N,NA,14,0,0,31,54,12,3,0,
W22,3/3/2022,Tolomato River,St Johns,Y,W22TR19,TR78,30.00074,-81.3436,0.43,2.25,0.191111111,Ridge,31,30,N,NA,15,0,0,13,74,3,10,0,
W22,3/7/2022,Tolomato River,St Johns,N,W22TR38,W22TR38,30.092673,-81.366527,0.9,5.49,0.163934426,Ridge,24,0,Y,W22TR38R0,21,0,0,26,55,2,17,0,
W22,3/7/2022,Tolomato River,St Johns,N,W22TR38,W22TR38,30.092673,-81.366527,0.9,5.49,0.163934426,Ridge,24,1,Y,W22TR38R1,26,0,0,49,41,6,4,0,
W22,3/7/2022,Tolomato River,St Johns,N,W22TR38,W22TR38,30.092673,-81.366527,0.9,5.49,0.163934426,Ridge,24,3,Y,W22TR38R3,12,0,0,35,57,6,2,0,
W22,3/7/2022,Tolomato River,St Johns,N,W22TR38,W22TR38,30.092673,-81.366527,0.9,5.49,0.163934426,Ridge,24,7,N,NA,14,0,0,32,48,2,18,0,
W22,3/7/2022,Tolomato River,St Johns,N,W22TR38,W22TR38,30.092673,-81.366527,0.9,5.49,0.163934426,Ridge,24,12,N,NA,9,0,0,27,63,0,6,4,"other = 3 barnacle, 1 mussel"
W22,3/7/2022,Tolomato River,St Johns,N,W22TR38,W22TR38,30.092673,-81.366527,0.9,5.49,0.163934426,Ridge,24,13,N,NA,2,0,0,5,83,1,10,1,other = barnacle
W22,3/7/2022,Tolomato River,St Johns,N,W22TR44,W22TR44,30.111607,-81.371551,0.71,3.1,0.229032258,Ridge,24,4,Y,W22TR44R4,12,0,0,23,24,0,53,0,
W22,3/7/2022,Tolomato River,St Johns,N,W22TR44,W22TR44,30.111607,-81.371551,0.71,3.1,0.229032258,Ridge,24,8,N,NA,14,0,0,25,43,5,27,0,
W22,3/7/2022,Tolomato River,St Johns,N,W22TR44,W22TR44,30.111607,-81.371551,0.71,3.1,0.229032258,Ridge,24,9,N,NA,14,0,0,33,49,9,9,0,
W22,3/7/2022,Tolomato River,St Johns,N,W22TR44,W22TR44,30.111607,-81.371551,0.71,3.1,0.229032258,Ridge,24,10,Y,W22TR44R10,23,0,0,33,47,6,14,0,
W22,3/7/2022,Tolomato River,St Johns,N,W22TR44,W22TR44,30.111607,-81.371551,0.71,3.1,0.229032258,Ridge,24,13,N,NA,9,0,0,22,62,6,10,0,
W22,3/7/2022,Tolomato River,St Johns,N,W22TR44,W22TR44,30.111607,-81.371551,0.71,3.1,0.229032258,Ridge,24,16,Y,W22TR44R16,11,0,0,16,78,4,2,0,
W22,3/9/2022,Tolomato River,St Johns,N,W22TR40,W22TR40,30.103074,-81.365382,0.45,4.95,0.090909091,Ridge,18,3,Y,W22TR40R3,15,0,0,17,56,3,24,0,
W22,3/9/2022,Tolomato River,St Johns,N,W22TR40,W22TR40,30.103074,-81.365382,0.45,4.95,0.090909091,Ridge,18,6,Y,W22TR40R6,16,0,0,16,25,5,54,0,
W22,3/9/2022,Tolomato River,St Johns,N,W22TR40,W22TR40,30.103074,-81.365382,0.45,4.95,0.090909091,Ridge,18,7,N,NA,21,0,0,20,35,7,38,0,
W22,3/9/2022,Tolomato River,St Johns,N,W22TR40,W22TR40,30.103074,-81.365382,0.45,4.95,0.090909091,Ridge,18,9,N,NA,15,0,0,25,25,8,42,0,
W22,3/9/2022,Tolomato River,St Johns,N,W22TR40,W22TR40,30.103074,-81.365382,0.45,4.95,0.090909091,Ridge,18,11,Y,W22TR40R11,7,0,0,13,30,5,52,0,
W22,3/9/2022,Tolomato River,St Johns,N,W22TR40,W22TR40,30.103074,-81.365382,0.45,4.95,0.090909091,Ridge,18,13,N,NA,11,0,0,13,20,4,62,1,other = mussel
W22,3/11/2022,Tolomato River,St Johns,N,W22TR36,W22TR36,30.078709,-81.362601,0.69,2.35,0.293617021,Ridge,72,2,N,NA,5,0,0,14,86,0,0,0,
W22,3/11/2022,Tolomato River,St Johns,N,W22TR36,W22TR36,30.078709,-81.362601,0.69,2.35,0.293617021,Ridge,72,33,Y,W22TR36R33,8,0,0,12,85,2,0,1,other = barnacle
W22,3/11/2022,Tolomato River,St Johns,N,W22TR36,W22TR36,30.078709,-81.362601,0.69,2.35,0.293617021,Ridge,72,47,Y,W22TR36R47,6,0,0,14,83,1,1,1,other = barnacle
W22,3/11/2022,Tolomato River,St Johns,N,W22TR36,W22TR36,30.078709,-81.362601,0.69,2.35,0.293617021,Ridge,72,50,N,NA,2,0,0,15,70,1,14,0,
W22,3/11/2022,Tolomato River,St Johns,N,W22TR36,W22TR36,30.078709,-81.362601,0.69,2.35,0.293617021,Ridge,72,60,Y,W22TR36R60,0,0,0,4,32,1,63,0,
W22,3/11/2022,Tolomato River,St Johns,N,W22TR36,W22TR36,30.078709,-81.362601,0.69,2.35,0.293617021,Ridge,72,61,N,NA,0,0,0,1,9,0,90,0,
W22,3/11/2022,Tolomato River,St Johns,N,W22TR42,W22TR42,30.108498,-81.370004,0.3,2.3,0.130434783,Ridge,17,0,Y,W22TR42R0,15,0,0,17,39,3,41,0,
W22,3/11/2022,Tolomato River,St Johns,N,W22TR42,W22TR42,30.108498,-81.370004,0.3,2.3,0.130434783,Ridge,17,6,Y,W22TR42R6,4,0,0,10,49,1,40,0,
W22,3/11/2022,Tolomato River,St Johns,N,W22TR42,W22TR42,30.108498,-81.370004,0.3,2.3,0.130434783,Ridge,17,7,N,NA,7,0,0,6,18,1,75,0,
W22,3/11/2022,Tolomato River,St Johns,N,W22TR42,W22TR42,30.108498,-81.370004,0.3,2.3,0.130434783,Ridge,17,8,N,NA,11,0,0,19,39,2,40,0,
W22,3/11/2022,Tolomato River,St Johns,N,W22TR42,W22TR42,30.108498,-81.370004,0.3,2.3,0.130434783,Ridge,17,9,N,NA,9,0,0,16,64,1,19,0,
W22,3/11/2022,Tolomato River,St Johns,N,W22TR42,W22TR42,30.108498,-81.370004,0.3,2.3,0.130434783,Ridge,17,12,Y,W22TR42R12,8,0,0,15,61,2,22,0,
W22,3/14/2022,Tolomato River,St Johns,N,W22TR45,W22TR45,30.112805,-81.373182,0.55,5.53,0.099457505,Ridge,57,8,N,NA,11,0,0,34,48,4,14,0,
W22,3/14/2022,Tolomato River,St Johns,N,W22TR45,W22TR45,30.112805,-81.373182,0.55,5.53,0.099457505,Ridge,57,10,Y,W22TR45R10,15,0,0,30,61,3,6,0,
W22,3/14/2022,Tolomato River,St Johns,N,W22TR45,W22TR45,30.112805,-81.373182,0.55,5.53,0.099457505,Ridge,57,11,Y,W22TR45R11,19,0,0,41,45,6,8,0,
W22,3/14/2022,Tolomato River,St Johns,N,W22TR45,W22TR45,30.112805,-81.373182,0.55,5.53,0.099457505,Ridge,57,34,Y,W22TR45R34,6,0,0,9,81,3,7,0,
W22,3/14/2022,Tolomato River,St Johns,N,W22TR45,W22TR45,30.112805,-81.373182,0.55,5.53,0.099457505,Ridge,57,38,N,NA,10,0,0,23,52,3,22,0,
W22,3/14/2022,Tolomato River,St Johns,N,W22TR45,W22TR45,30.112805,-81.373182,0.55,5.53,0.099457505,Ridge,57,52,N,NA,23,0,0,36,50,3,11,0,
W22,3/14/2022,Tolomato River,St Johns,N,W22TR10,W22TR10,29.958306,-81.326237,0.75,5.05,0.148514851,Ridge,13,2,N,NA,30,0,0,40,44,14,2,0,
W22,3/14/2022,Tolomato River,St Johns,N,W22TR10,W22TR10,29.958306,-81.326237,0.75,5.05,0.148514851,Ridge,13,3,Y,W22TR10R3,31,0,0,57,33,9,1,0,
W22,3/14/2022,Tolomato River,St Johns,N,W22TR10,W22TR10,29.958306,-81.326237,0.75,5.05,0.148514851,Ridge,13,4,Y,W22TR10R4,29,0,0,46,41,11,2,0,
W22,3/14/2022,Tolomato River,St Johns,N,W22TR10,W22TR10,29.958306,-81.326237,0.75,5.05,0.148514851,Ridge,13,6,N,NA,31,0,0,53,34,11,2,0,
W22,3/14/2022,Tolomato River,St Johns,N,W22TR10,W22TR10,29.958306,-81.326237,0.75,5.05,0.148514851,Ridge,13,7,N,NA,22,0,0,56,21,12,11,0,
W22,3/14/2022,Tolomato River,St Johns,N,W22TR10,W22TR10,29.958306,-81.326237,0.75,5.05,0.148514851,Ridge,13,11,Y,W22TR10R11,18,0,0,30,18,8,44,0,
W22,3/14/2022,Tolomato River,St Johns,N,W22TR29,TR220,30.05577,-81.3602,0.77,6.23,0.123595506,Ridge,47,0,Y,W22TR29R0,14,0,0,22,43,6,29,0,
W22,3/14/2022,Tolomato River,St Johns,N,W22TR29,TR220,30.05577,-81.3602,0.77,6.23,0.123595506,Ridge,47,11,N,NA,4,0,0,11,86,2,1,0,
W22,3/14/2022,Tolomato River,St Johns,N,W22TR29,TR220,30.05577,-81.3602,0.77,6.23,0.123595506,Ridge,47,23,Y,W22TR29R23,6,0,0,11,43,7,39,0,
W22,3/14/2022,Tolomato River,St Johns,N,W22TR29,TR220,30.05577,-81.3602,0.77,6.23,0.123595506,Ridge,47,27,N,NA,15,0,0,15,61,2,22,0,
W22,3/14/2022,Tolomato River,St Johns,N,W22TR29,TR220,30.05577,-81.3602,0.77,6.23,0.123595506,Ridge,47,39,N,NA,16,0,0,13,38,2,47,0,
W22,3/14/2022,Tolomato River,St Johns,N,W22TR29,TR220,30.05577,-81.3602,0.77,6.23,0.123595506,Ridge,47,40,Y,W22TR29R40,6,0,0,17,40,4,39,0,
W22,3/15/2022,Tolomato River,St Johns,N,W22TR25,W22TR25,30.031196,-81.36167,0.57,2.75,0.207272727,Ridge,15,0,N,NA,16,0,0,10,28,5,56,1,other = barnacle
W22,3/15/2022,Tolomato River,St Johns,N,W22TR25,W22TR25,30.031196,-81.36167,0.57,2.75,0.207272727,Ridge,15,1,N,NA,15,0,0,22,60,3,15,0,
W22,3/15/2022,Tolomato River,St Johns,N,W22TR25,W22TR25,30.031196,-81.36167,0.57,2.75,0.207272727,Ridge,15,2,Y,W22TR25R2,21,0,0,20,71,3,6,0,
W22,3/15/2022,Tolomato River,St Johns,N,W22TR25,W22TR25,30.031196,-81.36167,0.57,2.75,0.207272727,Ridge,15,6,Y,W22TR25R6,12,0,0,16,38,5,41,0,
W22,3/15/2022,Tolomato River,St Johns,N,W22TR25,W22TR25,30.031196,-81.36167,0.57,2.75,0.207272727,Ridge,15,10,N,NA,23,0,0,30,43,6,21,0,
W22,3/15/2022,Tolomato River,St Johns,N,W22TR25,W22TR25,30.031196,-81.36167,0.57,2.75,0.207272727,Ridge,15,14,Y,W22TR25R14,26,0,0,33,24,7,36,0,
W22,3/15/2022,Tolomato River,St Johns,N,W22TR26,W22TR26,30.03228,-81.367386,0.45,9.95,0.045226131,Ridge,37,6,Y,W22TR26R6,13,0,0,10,46,2,42,0,
W22,3/15/2022,Tolomato River,St Johns,N,W22TR26,W22TR26,30.03228,-81.367386,0.45,9.95,0.045226131,Ridge,37,18,N,NA,14,0,0,12,79,5,4,0,
W22,3/15/2022,Tolomato River,St Johns,N,W22TR26,W22TR26,30.03228,-81.367386,0.45,9.95,0.045226131,Ridge,37,19,Y,W22TR26R19,15,0,0,15,80,3,2,0,
W22,3/15/2022,Tolomato River,St Johns,N,W22TR26,W22TR26,30.03228,-81.367386,0.45,9.95,0.045226131,Ridge,37,20,N,NA,7,0,0,15,82,1,2,0,
W22,3/15/2022,Tolomato River,St Johns,N,W22TR26,W22TR26,30.03228,-81.367386,0.45,9.95,0.045226131,Ridge,37,32,Y,W22TR26R32,14,0,0,12,76,7,5,0,
W22,3/15/2022,Tolomato River,St Johns,N,W22TR26,W22TR26,30.03228,-81.367386,0.45,9.95,0.045226131,Ridge,37,33,N,NA,12,0,0,9,84,6,1,0,
W22,3/15/2022,Tolomato River,St Johns,N,W22TR37,W22TR37,30.084006,-81.362927,0.14,5.5,0.025454545,Ridge,15,0,Y,W22TR37R0,10,0,0,12,64,2,21,1,other = barnacle; Rake height- 0.23; Rake length- 4.8m
W22,3/15/2022,Tolomato River,St Johns,N,W22TR37,W22TR37,30.084006,-81.362927,0.14,5.5,0.025454545,Ridge,15,1,N,NA,5,0,0,11,61,1,25,2,other = barnacle; Rake height- 0.23; Rake length- 4.8m
W22,3/15/2022,Tolomato River,St Johns,N,W22TR37,W22TR37,30.084006,-81.362927,0.14,5.5,0.025454545,Ridge,15,5,N,NA,15,0,0,26,54,6,14,0,Rake height- 0.23; Rake length- 4.8m
W22,3/15/2022,Tolomato River,St Johns,N,W22TR37,W22TR37,30.084006,-81.362927,0.14,5.5,0.025454545,Ridge,15,6,Y,W22TR37R6,26,0,0,34,44,6,15,1,other = barnacle; Rake height- 0.23; Rake length- 4.8m
W22,3/15/2022,Tolomato River,St Johns,N,W22TR37,W22TR37,30.084006,-81.362927,0.14,5.5,0.025454545,Ridge,15,7,N,NA,36,0,0,39,41,4,15,1,other = Spartina; Rake height- 0.23; Rake length- 4.8m
W22,3/15/2022,Tolomato River,St Johns,N,W22TR37,W22TR37,30.084006,-81.362927,0.14,5.5,0.025454545,Ridge,15,12,Y,W22TR37R12,22,0,0,37,19,4,39,1,other = mussel; Rake height- 0.23; Rake length- 4.8m
W22,3/16/2022,Guana River,St Johns,N,W22GR15,GR30,30.021332,-81.327742,0.77,4.7,0.163829787,Ridge,46,9,Y,W22GR15R9,13,0,0,21,6,4,67,2,other = barnacle
W22,3/16/2022,Guana River,St Johns,N,W22GR15,GR30,30.021332,-81.327742,0.77,4.7,0.163829787,Ridge,46,14,N,NA,31,0,0,54,6,5,32,3,other = barnacle
W22,3/16/2022,Guana River,St Johns,N,W22GR15,GR30,30.021332,-81.327742,0.77,4.7,0.163829787,Ridge,46,24,Y,W22GR15R24,22,0,0,30,5,6,58,1,other = barnacle
W22,3/16/2022,Guana River,St Johns,N,W22GR15,GR30,30.021332,-81.327742,0.77,4.7,0.163829787,Ridge,46,29,N,NA,17,0,0,35,2,3,59,1,other = barnacle
W22,3/16/2022,Guana River,St Johns,N,W22GR15,GR30,30.021332,-81.327742,0.77,4.7,0.163829787,Ridge,46,39,Y,W22GR17R39,23,0,0,35,13,6,45,1,other = mussel
W22,3/16/2022,Guana River,St Johns,N,W22GR15,GR30,30.021332,-81.327742,0.77,4.7,0.163829787,Ridge,46,42,N,NA,19,0,0,38,4,10,46,2,"other = 1 barnacle, 1 mussel"
W22,3/16/2022,Guana River,St Johns,N,W22GR17,GR11,30.01845,-81.32863,0.49,2.15,0.227906977,Ridge,24,7,N,NA,19,0,0,34,39,10,13,4,other = mussel
W22,3/16/2022,Guana River,St Johns,N,W22GR17,GR11,30.01845,-81.32863,0.49,2.15,0.227906977,Ridge,24,8,Y,W22GR17R8,27,0,0,58,21,8,11,2,other = mussel
W22,3/16/2022,Guana River,St Johns,N,W22GR17,GR11,30.01845,-81.32863,0.49,2.15,0.227906977,Ridge,24,9,N,NA,23,0,0,34,30,8,25,3,other = mussel
W22,3/16/2022,Guana River,St Johns,N,W22GR17,GR11,30.01845,-81.32863,0.49,2.15,0.227906977,Ridge,24,15,Y,W22GR17R15,28,0,0,40,10,14,33,3,other = barnacle
W22,3/16/2022,Guana River,St Johns,N,W22GR17,GR11,30.01845,-81.32863,0.49,2.15,0.227906977,Ridge,24,18,N,NA,24,0,0,28,13,9,45,5,"other = 4 barnacle, 1 mussel"
W22,3/16/2022,Guana River,St Johns,N,W22GR17,GR11,30.01845,-81.32863,0.49,2.15,0.227906977,Ridge,24,22,Y,W22GR17R22,20,0,0,34,9,2,54,1,other = barnacle
W22,3/17/2022,Guana River,St Johns,Y,W22GR18,W22GR18,29.990125,-81.321692,0.55,3.5,0.157142857,Ridge,55,15,Y,W22GR18R15,17,0,0,14,43,5,38,0,
W22,3/17/2022,Guana River,St Johns,Y,W22GR18,W22GR18,29.990125,-81.321692,0.55,3.5,0.157142857,Ridge,55,24,N,NA,13,0,0,25,70,4,1,0,
W22,3/17/2022,Guana River,St Johns,Y,W22GR18,W22GR18,29.990125,-81.321692,0.55,3.5,0.157142857,Ridge,55,35,N,NA,10,0,0,12,80,7,1,0,
W22,3/17/2022,Guana River,St Johns,Y,W22GR18,W22GR18,29.990125,-81.321692,0.55,3.5,0.157142857,Ridge,55,37,Y,W22GR18R37,13,0,0,23,67,9,1,0,
W22,3/17/2022,Guana River,St Johns,Y,W22GR18,W22GR18,29.990125,-81.321692,0.55,3.5,0.157142857,Ridge,55,45,Y,W22GR18R45,21,0,0,21,74,4,0,1,other = barnacle
W22,3/17/2022,Guana River,St Johns,Y,W22GR18,W22GR18,29.990125,-81.321692,0.55,3.5,0.157142857,Ridge,55,52,N,NA,18,0,0,18,67,11,3,1,other = barnacle
W22,3/17/2022,Tolomato River,St Johns,N,W22TR30,W22TR30,30.056233,-81.355413,0.91,6.3,0.144444444,Ridge,33,4,N,NA,23,0,0,26,43,4,27,0,
W22,3/17/2022,Tolomato River,St Johns,N,W22TR30,W22TR30,30.056233,-81.355413,0.91,6.3,0.144444444,Ridge,33,10,Y,W22TR30R10,21,0,0,19,72,4,5,0,
W22,3/17/2022,Tolomato River,St Johns,N,W22TR30,W22TR30,30.056233,-81.355413,0.91,6.3,0.144444444,Ridge,33,12,N,NA,25,0,0,27,61,5,7,0,
W22,3/17/2022,Tolomato River,St Johns,N,W22TR30,W22TR30,30.056233,-81.355413,0.91,6.3,0.144444444,Ridge,33,14,Y,W22TR30R14,34,0,0,27,33,6,34,0,
W22,3/17/2022,Tolomato River,St Johns,N,W22TR30,W22TR30,30.056233,-81.355413,0.91,6.3,0.144444444,Ridge,33,15,Y,W22TR30R15,21,0,0,17,76,5,2,0,
W22,3/17/2022,Tolomato River,St Johns,N,W22TR30,W22TR30,30.056233,-81.355413,0.91,6.3,0.144444444,Ridge,33,29,N,NA,8,0,0,12,77,6,3,2,other = barnacle
W22,3/18/2022,Tolomato River,St Johns,Y,W22TR14,TR13,29.985413,-81.331717,1,10.9,0.091743119,Ridge,30,4,Y,W22TR14R4,13,0,0,18,64,5,12,1,other = barnacle
W22,3/18/2022,Tolomato River,St Johns,Y,W22TR14,TR13,29.985413,-81.331717,1,10.9,0.091743119,Ridge,30,5,Y,W22TR14R5,18,0,0,25,49,6,19,1,other = barnacle
W22,3/18/2022,Tolomato River,St Johns,Y,W22TR14,TR13,29.985413,-81.331717,1,10.9,0.091743119,Ridge,30,6,N,NA,12,0,0,15,64,7,14,0,
W22,3/18/2022,Tolomato River,St Johns,Y,W22TR14,TR13,29.985413,-81.331717,1,10.9,0.091743119,Ridge,30,7,N,NA,15,0,0,28,59,6,7,0,
W22,3/18/2022,Tolomato River,St Johns,Y,W22TR14,TR13,29.985413,-81.331717,1,10.9,0.091743119,Ridge,30,21,Y,W22TR14R21,6,0,0,15,79,3,2,1,other = barnacle
W22,3/18/2022,Tolomato River,St Johns,Y,W22TR14,TR13,29.985413,-81.331717,1,10.9,0.091743119,Ridge,30,26,N,NA,3,0,0,7,72,1,20,0,
W22,3/18/2022,Tolomato River,St Johns,N,W22TR34,W22TR34,30.083929,-81.366046,0.39,2,0.195,Ridge,13,0,Y,W22TR34R0,21,0,0,31,64,4,1,0,"One corner underwater, couldn't measure  height above sediment"
W22,3/18/2022,Tolomato River,St Johns,N,W22TR34,W22TR34,30.083929,-81.366046,0.39,2,0.195,Ridge,13,2,N,NA,22,0,0,36,32,10,22,0,
W22,3/18/2022,Tolomato River,St Johns,N,W22TR34,W22TR34,30.083929,-81.366046,0.39,2,0.195,Ridge,13,8,Y,W22TR34R8,20,0,0,35,26,3,36,0,
W22,3/18/2022,Tolomato River,St Johns,N,W22TR34,W22TR34,30.083929,-81.366046,0.39,2,0.195,Ridge,13,9,N,NA,13,0,0,26,61,8,5,0,
W22,3/18/2022,Tolomato River,St Johns,N,W22TR34,W22TR34,30.083929,-81.366046,0.39,2,0.195,Ridge,13,11,Y,W22TR34R11,20,0,0,17,78,5,0,0,
W22,3/18/2022,Tolomato River,St Johns,N,W22TR34,W22TR34,30.083929,-81.366046,0.39,2,0.195,Ridge,13,12,N,NA,11,0,0,7,76,2,14,1,other = spartina
W23,11/22/2022,Salt Run,St Johns,N,W23SR1,W23SR1,29.886572,-81.285969,0.83,6.55,0.126717557,Ridge,39,3,Y,W23SR1R3,15,0,0,24,42,12,22,0,"Seasonal calibration, numbers listed are a average of three measurments taken by three different observers"
W23,11/22/2022,Salt Run,St Johns,N,W23SR1,W23SR1,29.886572,-81.285969,0.83,6.55,0.126717557,Ridge,39,4,Y,W23SR1R4,15,0,0,30,39,9,22,0,
W23,11/22/2022,Salt Run,St Johns,N,W23SR1,W23SR1,29.886572,-81.285969,0.83,6.55,0.126717557,Ridge,39,7,Y,W23SR1R7,12,0,0,28,48,16,8,0,
W23,11/22/2022,Salt Run,St Johns,N,W23SR1,W23SR1,29.886572,-81.285969,0.83,6.55,0.126717557,Ridge,39,11,Y,W23SR1R11,18,0,0,34,29,9,28,0,
W23,11/22/2022,Salt Run,St Johns,N,W23SR1,W23SR1,29.886572,-81.285969,0.83,6.55,0.126717557,Ridge,39,12,Y,W23SR1R12,17,0,0,48,11,14,27,0,
W23,11/22/2022,Salt Run,St Johns,N,W23SR1,W23SR1,29.886572,-81.285969,0.83,6.55,0.126717557,Ridge,39,29,Y,W23SR1R29,8,0,0,18,74,5,3,0,
W23,12/16/2022,St Augustine,St Johns,N,W23SA1R1,W23SA1R1,29.9075,-81.306403,0.3,2.3,0.130434783,Ridge,32,13,Y,W23SA1R1R13,6,0,0,6,37,2,55,0,Lots of boat wakes next to reef
W23,12/16/2022,St Augustine,St Johns,N,W23SA1R1,W23SA1R1,29.9075,-81.306403,0.3,2.3,0.130434783,Ridge,32,14,Y,W23SA1R1R14,5,0,0,5,66,0,29,0,Lots of boat wakes next to reef
W23,12/16/2022,St Augustine,St Johns,N,W23SA1R1,W23SA1R1,29.9075,-81.306403,0.3,2.3,0.130434783,Ridge,32,19,Y,W23SA1R1R19,7,0,0,5,53,4,38,0,Lots of boat wakes next to reef
W23,12/16/2022,St Augustine,St Johns,N,W23SA1R1,W23SA1R1,29.9075,-81.306403,0.3,2.3,0.130434783,Ridge,32,23,Y,W23SA1R1R23,5,0,0,7,49,4,40,0,Lots of boat wakes next to reef
W23,12/16/2022,St Augustine,St Johns,N,W23SA1R1,W23SA1R1,29.9075,-81.306403,0.3,2.3,0.130434783,Ridge,32,25,Y,W23SA1R1R25,9,0,0,12,36,8,44,0,Lots of boat wakes next to reef
W23,12/16/2022,St Augustine,St Johns,N,W23SA1R1,W23SA1R1,29.9075,-81.306403,0.3,2.3,0.130434783,Ridge,32,26,Y,W23SA1R1R26,18,0,0,16,44,9,31,0,Lots of boat wakes next to reef
W23,12/16/2022,St Augustine,St Johns,N,W23SA1R2,SANR1,29.90174,-81.3103,0.4,2.15,0.186046512,Ridge,34,2,Y,W23SA1R2R2,2,0,0,3,93,3,0,1,other = Spartina alterniflora; Lots of boat wakes next to reef
W23,12/16/2022,St Augustine,St Johns,N,W23SA1R2,SANR1,29.90174,-81.3103,0.4,2.15,0.186046512,Ridge,34,3,Y,W23SA1R2R3,3,0,0,2,96,1,0,1,other = Spartina alterniflora; Lots of boat wakes next to reef
W23,12/16/2022,St Augustine,St Johns,N,W23SA1R2,SANR1,29.90174,-81.3103,0.4,2.15,0.186046512,Ridge,34,6,Y,W23SA1R2R6,2,0,0,4,92,4,0,0,Lots of boat wakes next to reef
W23,12/16/2022,St Augustine,St Johns,N,W23SA1R2,SANR1,29.90174,-81.3103,0.4,2.15,0.186046512,Ridge,34,16,Y,W23SA1R2R16,2,0,0,3,90,5,0,2,other = Spartina alterniflora; Lots of boat wakes next to reef
W23,12/16/2022,St Augustine,St Johns,N,W23SA1R2,SANR1,29.90174,-81.3103,0.4,2.15,0.186046512,Ridge,34,17,Y,W23SA1R2R17,6,0,0,1,94,5,0,0,Lots of boat wakes next to reef
W23,12/16/2022,St Augustine,St Johns,N,W23SA1R2,SANR1,29.90174,-81.3103,0.4,2.15,0.186046512,Ridge,34,20,Y,W23SA1R2R20,1,0,0,4,95,1,0,0,Lots of boat wakes next to reef
W23,12/19/2022,Salt Run,St Johns,N,W23SR2,SRLRH,29.88608,-81.28586,0.36,5.9,0.061016949,Ridge,21,2,Y,W23SR2R2,7,0,0,9,43,11,37,0,
W23,12/19/2022,Salt Run,St Johns,N,W23SR2,SRLRH,29.88608,-81.28586,0.36,5.9,0.061016949,Ridge,21,4,Y,W23SR2R4,14,0,0,27,39,6,28,0,
W23,12/19/2022,Salt Run,St Johns,N,W23SR2,SRLRH,29.88608,-81.28586,0.36,5.9,0.061016949,Ridge,21,7,Y,W23SR2R7,3,0,0,36,45,8,10,1,other = bone
W23,12/19/2022,Salt Run,St Johns,N,W23SR2,SRLRH,29.88608,-81.28586,0.36,5.9,0.061016949,Ridge,21,9,Y,W23SR2R9,15,0,0,21,39,7,33,0,
W23,12/19/2022,Salt Run,St Johns,N,W23SR2,SRLRH,29.88608,-81.28586,0.36,5.9,0.061016949,Ridge,21,12,Y,W23SR2R12,14,0,0,51,31,6,12,0,
W23,12/19/2022,Salt Run,St Johns,N,W23SR2,SRLRH,29.88608,-81.28586,0.36,5.9,0.061016949,Ridge,21,14,Y,W23SR2R14,9,0,0,15,69,12,4,0,
W23,1/4/2023,Salt Run,St Johns,N,W23SR6,W23SR6,29.890175,-81.28645,0.7,3.8,0.184210526,Ridge,29,1,Y,W23SR6R1,24,0,0,24,11,3,62,0,
W23,1/4/2023,Salt Run,St Johns,N,W23SR6,W23SR6,29.890175,-81.28645,0.7,3.8,0.184210526,Ridge,29,4,Y,W23SR6R4,22,0,0,27,57,12,4,0,
W23,1/4/2023,Salt Run,St Johns,N,W23SR6,W23SR6,29.890175,-81.28645,0.7,3.8,0.184210526,Ridge,29,14,Y,W23SR6R14,29,0,0,40,51,7,2,0,
W23,1/4/2023,Salt Run,St Johns,N,W23SR6,W23SR6,29.890175,-81.28645,0.7,3.8,0.184210526,Ridge,29,15,Y,W23SR6R15,15,0,0,46,42,12,0,0,
W23,1/4/2023,Salt Run,St Johns,N,W23SR6,W23SR6,29.890175,-81.28645,0.7,3.8,0.184210526,Ridge,29,16,Y,W23SR6R16,28,0,0,49,37,14,0,0,
W23,1/4/2023,Salt Run,St Johns,N,W23SR6,W23SR6,29.890175,-81.28645,0.7,3.8,0.184210526,Ridge,29,20,Y,W23SR6R20,20,0,0,33,31,19,17,0,Some tree branches in plot
W23,1/4/2023,Salt Run,St Johns,N,W23SR7,W23SR7,29.888769,-81.284019,0.65,3.62,0.179558011,Ridge,20,2,Y,W23SR7R2,13,0,0,35,44,17,2,2,other = barnacle
W23,1/4/2023,Salt Run,St Johns,N,W23SR7,W23SR7,29.888769,-81.284019,0.65,3.62,0.179558011,Ridge,20,5,Y,W23SR7R5,15,0,0,25,34,15,25,1,other = barnacle
W23,1/4/2023,Salt Run,St Johns,N,W23SR7,W23SR7,29.888769,-81.284019,0.65,3.62,0.179558011,Ridge,20,14,Y,W23SR7R14,11,0,0,26,63,11,0,0,
W23,1/4/2023,Salt Run,St Johns,N,W23SR7,W23SR7,29.888769,-81.284019,0.65,3.62,0.179558011,Ridge,20,17,Y,W23SR7R17,14,0,0,30,39,4,26,1,other = leaf
W23,1/4/2023,Salt Run,St Johns,N,W23SR7,W23SR7,29.888769,-81.284019,0.65,3.62,0.179558011,Ridge,20,18,Y,W23SR7R18,14,0,0,25,36,10,27,2,other = leaf
W23,1/4/2023,Salt Run,St Johns,N,W23SR7,W23SR7,29.888769,-81.284019,0.65,3.62,0.179558011,Ridge,20,20,Y,W23SR7R20,15,0,0,22,20,14,42,2,other = leaf black mangrove
W23,1/5/2023,Salt Run,St Johns,N,W23SR8,W23SR8,29.887078,-81.283247,0.6,6.15,0.097560976,Ridge,12,3,Y,W23SR8R3,14,0,0,8,35,11,46,0,
W23,1/5/2023,Salt Run,St Johns,N,W23SR8,W23SR8,29.887078,-81.283247,0.6,6.15,0.097560976,Ridge,12,5,Y,W23SR8R5,15,0,0,11,32,10,47,0,
W23,1/5/2023,Salt Run,St Johns,N,W23SR8,W23SR8,29.887078,-81.283247,0.6,6.15,0.097560976,Ridge,12,6,Y,W23SR8R6,19,0,0,13,36,11,40,0,
W23,1/5/2023,Salt Run,St Johns,N,W23SR8,W23SR8,29.887078,-81.283247,0.6,6.15,0.097560976,Ridge,12,7,Y,W23SR8R7,15,0,0,23,58,7,12,0,
W23,1/5/2023,Salt Run,St Johns,N,W23SR8,W23SR8,29.887078,-81.283247,0.6,6.15,0.097560976,Ridge,12,8,Y,W23SR8R8,16,0,0,29,32,8,31,0,
W23,1/5/2023,Salt Run,St Johns,N,W23SR8,W23SR8,29.887078,-81.283247,0.6,6.15,0.097560976,Ridge,12,11,Y,W23SR8R11,16,0,0,26,34,6,34,0,
W23,1/5/2023,Salt Run,St Johns,N,W23SR13,W23SR13,29.88660833,-81.28316111,0.6,8,0.075,Ridge,32,5,Y,W23SR13R5,19,0,0,40,48,10,1,1,other = barnacle
W23,1/5/2023,Salt Run,St Johns,N,W23SR13,W23SR13,29.88660833,-81.28316111,0.6,8,0.075,Ridge,32,12,Y,W23SR13R12,21,0,0,32,53,11,3,1,other = clam
W23,1/5/2023,Salt Run,St Johns,N,W23SR13,W23SR13,29.88660833,-81.28316111,0.6,8,0.075,Ridge,32,20,Y,W23SR13R20,23,0,0,39,45,13,3,0,
W23,1/5/2023,Salt Run,St Johns,N,W23SR13,W23SR13,29.88660833,-81.28316111,0.6,8,0.075,Ridge,32,25,Y,W23SR13R25,17,0,0,17,24,12,47,0,
W23,1/5/2023,Salt Run,St Johns,N,W23SR13,W23SR13,29.88660833,-81.28316111,0.6,8,0.075,Ridge,32,26,Y,W23SR13R26,23,0,0,19,38,13,29,1,other = barnacle
W23,1/5/2023,Salt Run,St Johns,N,W23SR13,W23SR13,29.88660833,-81.28316111,0.6,8,0.075,Ridge,32,32,Y,W23SR13R32,14,0,0,11,19,8,62,0,
W23,1/6/2023,Salt Run,St Johns,Y,W23SR14,W23SR14,29.881725,-81.27826389,0.33,5.92,0.055743243,Ridge,26,5,Y,W23SR14R5,3,0,0,25,44,6,25,0,
W23,1/6/2023,Salt Run,St Johns,Y,W23SR14,W23SR14,29.881725,-81.27826389,0.33,5.92,0.055743243,Ridge,26,12,Y,W23SR14R12,7,0,0,25,45,5,25,0,
W23,1/6/2023,Salt Run,St Johns,Y,W23SR14,W23SR14,29.881725,-81.27826389,0.33,5.92,0.055743243,Ridge,26,16,Y,W23SR14R16,5,0,0,29,58,4,8,1,other = barnacle
W23,1/6/2023,Salt Run,St Johns,Y,W23SR14,W23SR14,29.881725,-81.27826389,0.33,5.92,0.055743243,Ridge,26,20,Y,W23SR14R20,6,0,0,16,35,10,39,0,
W23,1/6/2023,Salt Run,St Johns,Y,W23SR14,W23SR14,29.881725,-81.27826389,0.33,5.92,0.055743243,Ridge,26,23,Y,W23SR14R23,12,0,0,18,36,5,40,1,other = barnacle
W23,1/6/2023,Salt Run,St Johns,Y,W23SR14,W23SR14,29.881725,-81.27826389,0.33,5.92,0.055743243,Ridge,26,25,Y,W23SR14R25,13,0,0,15,26,7,52,0,
W23,1/6/2023,Salt Run,St Johns,Y,W23SR9,SR22,29.88198,-81.278859,0.45,8.52,0.052816901,Ridge,22,2,Y,W23SR9R2,12,0,0,21,43,9,27,0,
W23,1/6/2023,Salt Run,St Johns,Y,W23SR9,SR22,29.88198,-81.278859,0.45,8.52,0.052816901,Ridge,22,4,Y,W23SR9R4,11,0,0,28,47,10,13,2,other = leaf; barnacle
W23,1/6/2023,Salt Run,St Johns,Y,W23SR9,SR22,29.88198,-81.278859,0.45,8.52,0.052816901,Ridge,22,5,Y,W23SR9R5,10,0,0,40,38,7,15,0,
W23,1/6/2023,Salt Run,St Johns,Y,W23SR9,SR22,29.88198,-81.278859,0.45,8.52,0.052816901,Ridge,22,14,Y,W23SR9R14,5,0,0,24,58,7,11,0,
W23,1/6/2023,Salt Run,St Johns,Y,W23SR9,SR22,29.88198,-81.278859,0.45,8.52,0.052816901,Ridge,22,18,Y,W23SR9R18,4,0,0,18,42,8,31,1,other = barnacle
W23,1/6/2023,Salt Run,St Johns,Y,W23SR9,SR22,29.88198,-81.278859,0.45,8.52,0.052816901,Ridge,22,20,Y,W23SR9R20,4,0,0,17,38,14,31,0,
W23,1/16/2023,Salt Run,St Johns,N,W23SR5,W23SR5,29.870375,-81.2746,0.63,4.35,0.144827586,Ridge,24,2,Y,W23SR5R2,18,0,0,27,25,8,40,0,
W23,1/16/2023,Salt Run,St Johns,N,W23SR5,W23SR5,29.870375,-81.2746,0.63,4.35,0.144827586,Ridge,24,3,Y,W23SR5R3,11,0,0,26,21,9,44,0,
W23,1/16/2023,Salt Run,St Johns,N,W23SR5,W23SR5,29.870375,-81.2746,0.63,4.35,0.144827586,Ridge,24,6,Y,W23SR5R6,16,0,0,47,20,7,25,1,other = barnacle
W23,1/16/2023,Salt Run,St Johns,N,W23SR5,W23SR5,29.870375,-81.2746,0.63,4.35,0.144827586,Ridge,24,16,Y,W23SR5R16,7,0,0,31,14,4,50,1,other = mussel
W23,1/16/2023,Salt Run,St Johns,N,W23SR5,W23SR5,29.870375,-81.2746,0.63,4.35,0.144827586,Ridge,24,17,Y,W23SR5R17,15,0,0,29,8,4,59,0,
W23,1/16/2023,Salt Run,St Johns,N,W23SR5,W23SR5,29.870375,-81.2746,0.63,4.35,0.144827586,Ridge,24,20,Y,W23SR5R20,11,0,0,26,7,6,61,0,
W23,1/16/2023,Salt Run,St Johns,N,W23SR4,W23SR4,29.871708,-81.275011,0.6,6.05,0.099173554,Ridge,47,2,Y,W23SR4R2,12,0,0,23,20,0,57,0,
W23,1/16/2023,Salt Run,St Johns,N,W23SR4,W23SR4,29.871708,-81.275011,0.6,6.05,0.099173554,Ridge,47,5,Y,W23SR4R5,9,0,0,21,52,4,23,0,
W23,1/16/2023,Salt Run,St Johns,N,W23SR4,W23SR4,29.871708,-81.275011,0.6,6.05,0.099173554,Ridge,47,8,Y,W23SR4R8,10,0,0,25,62,6,7,0,
W23,1/16/2023,Salt Run,St Johns,N,W23SR4,W23SR4,29.871708,-81.275011,0.6,6.05,0.099173554,Ridge,47,14,Y,W23SR4R14,20,0,0,37,43,14,5,1,other = mussel
W23,1/16/2023,Salt Run,St Johns,N,W23SR4,W23SR4,29.871708,-81.275011,0.6,6.05,0.099173554,Ridge,47,24,Y,W23SR4R24,17,0,0,35,42,16,5,2,other = mussel
W23,1/16/2023,Salt Run,St Johns,N,W23SR4,W23SR4,29.871708,-81.275011,0.6,6.05,0.099173554,Ridge,47,33,Y,W23SR4R33,16,0,0,15,21,5,59,0,
W23,1/17/2023,Salt Run,St Johns,N,W23SR10,W23SR10,29.87376389,-81.27578611,0.79,6.35,0.124409449,Ridge,71,2,Y,W23SR10R2,14,0,0,29,46,9,16,0,
W23,1/17/2023,Salt Run,St Johns,N,W23SR10,W23SR10,29.87376389,-81.27578611,0.79,6.35,0.124409449,Ridge,71,5,Y,W23SR10R5,13,0,0,35,47,5,13,0,
W23,1/17/2023,Salt Run,St Johns,N,W23SR10,W23SR10,29.87376389,-81.27578611,0.79,6.35,0.124409449,Ridge,71,38,Y,W23SR10R38,16,0,0,28,21,7,44,0,
W23,1/17/2023,Salt Run,St Johns,N,W23SR10,W23SR10,29.87376389,-81.27578611,0.79,6.35,0.124409449,Ridge,71,39,Y,W23SR10R39,14,0,0,29,30,9,31,1,other = leaf
W23,1/17/2023,Salt Run,St Johns,N,W23SR10,W23SR10,29.87376389,-81.27578611,0.79,6.35,0.124409449,Ridge,71,55,Y,W23SR10R55,13,0,0,27,18,4,51,0,
W23,1/17/2023,Salt Run,St Johns,N,W23SR10,W23SR10,29.87376389,-81.27578611,0.79,6.35,0.124409449,Ridge,71,67,Y,W23SR10R67,7,0,0,28,34,8,29,1,other = barnacle
W23,1/17/2023,Salt Run,St Johns,N,W23SR16,W23SR16,29.87463611,-81.27605278,0.71,5.8,0.122413793,Ridge,41,4,Y,W23SR16R4,12,0,0,26,15,6,53,0,
W23,1/17/2023,Salt Run,St Johns,N,W23SR16,W23SR16,29.87463611,-81.27605278,0.71,5.8,0.122413793,Ridge,41,17,Y,W23SR16R17,12,0,0,14,29,7,49,1,other = mussel
W23,1/17/2023,Salt Run,St Johns,N,W23SR16,W23SR16,29.87463611,-81.27605278,0.71,5.8,0.122413793,Ridge,41,19,Y,W23SR16R19,16,0,0,16,23,4,57,0,
W23,1/17/2023,Salt Run,St Johns,N,W23SR16,W23SR16,29.87463611,-81.27605278,0.71,5.8,0.122413793,Ridge,41,21,Y,W23SR16R21,12,0,0,25,18,1,56,0,
W23,1/17/2023,Salt Run,St Johns,N,W23SR16,W23SR16,29.87463611,-81.27605278,0.71,5.8,0.122413793,Ridge,41,27,Y,W23SR16R27,18,0,0,26,24,4,46,0,
W23,1/17/2023,Salt Run,St Johns,N,W23SR16,W23SR16,29.87463611,-81.27605278,0.71,5.8,0.122413793,Ridge,41,28,Y,W23SR16R28,16,0,0,23,22,4,51,0,
W23,1/18/2023,Salt Run,St Johns,Y,W23SR11,W23SR11,29.88024167,-81.28123056,0.3,7.85,0.038216561,Ridge,57,0,Y,W23SR11R0,16,0,0,12,15,5,67,1,other = leaf
W23,1/18/2023,Salt Run,St Johns,Y,W23SR11,W23SR11,29.88024167,-81.28123056,0.3,7.85,0.038216561,Ridge,57,6,Y,W23SR11R6,13,0,0,11,24,6,59,0,
W23,1/18/2023,Salt Run,St Johns,Y,W23SR11,W23SR11,29.88024167,-81.28123056,0.3,7.85,0.038216561,Ridge,57,8,Y,W23SR11R8,13,0,0,11,14,4,71,0,
W23,1/18/2023,Salt Run,St Johns,Y,W23SR11,W23SR11,29.88024167,-81.28123056,0.3,7.85,0.038216561,Ridge,57,19,Y,W23SR11R19,12,0,0,7,16,4,73,0,
W23,1/18/2023,Salt Run,St Johns,Y,W23SR11,W23SR11,29.88024167,-81.28123056,0.3,7.85,0.038216561,Ridge,57,22,Y,W23SR11R22,14,0,0,12,20,4,64,0,
W23,1/18/2023,Salt Run,St Johns,Y,W23SR11,W23SR11,29.88024167,-81.28123056,0.3,7.85,0.038216561,Ridge,57,48,Y,W23SR11R48,11,0,0,6,12,2,80,0,
W23,1/18/2023,Salt Run,St Johns,Y,W23SR17,W23SR17,29.879722,-81.278067,0.54,5.4,0.1,Ridge,15,3,Y,W23SR17R3,13,0,0,36,50,7,5,2,other = clam shell; barnacle
W23,1/18/2023,Salt Run,St Johns,Y,W23SR17,W23SR17,29.879722,-81.278067,0.54,5.4,0.1,Ridge,15,6,Y,W23SR17R6,16,0,0,45,46,9,0,0,
W23,1/18/2023,Salt Run,St Johns,Y,W23SR17,W23SR17,29.879722,-81.278067,0.54,5.4,0.1,Ridge,15,8,Y,W23SR17R8,9,0,0,37,49,12,1,1,other = barnacle
W23,1/18/2023,Salt Run,St Johns,Y,W23SR17,W23SR17,29.879722,-81.278067,0.54,5.4,0.1,Ridge,15,9,Y,W23SR17R9,9,0,0,41,47,10,2,0,
W23,1/18/2023,Salt Run,St Johns,Y,W23SR17,W23SR17,29.879722,-81.278067,0.54,5.4,0.1,Ridge,15,10,Y,W23SR17R10,12,0,0,56,36,8,0,0,
W23,1/18/2023,Salt Run,St Johns,Y,W23SR17,W23SR17,29.879722,-81.278067,0.54,5.4,0.1,Ridge,15,13,Y,W23SR17R13,10,0,0,16,48,13,1,22,other = vegetation
W23,1/19/2023,Salt Run,St Johns,Y,W23SR15,SR2S,29.87925,-81.277053,0.71,9.5,0.074736842,Ridge,42,0,Y,W23SR15R0,15,0,0,30,51,9,6,4,other = barnacle; clam
W23,1/19/2023,Salt Run,St Johns,Y,W23SR15,SR2S,29.87925,-81.277053,0.71,9.5,0.074736842,Ridge,42,12,Y,W23SR15R12,9,0,0,34,50,15,1,0,
W23,1/19/2023,Salt Run,St Johns,Y,W23SR15,SR2S,29.87925,-81.277053,0.71,9.5,0.074736842,Ridge,42,20,Y,W23SR15R20,9,0,0,36,42,9,13,0,
W23,1/19/2023,Salt Run,St Johns,Y,W23SR15,SR2S,29.87925,-81.277053,0.71,9.5,0.074736842,Ridge,42,21,Y,W23SR15R21,0,0,0,35,44,8,13,0,
W23,1/19/2023,Salt Run,St Johns,Y,W23SR15,SR2S,29.87925,-81.277053,0.71,9.5,0.074736842,Ridge,42,24,Y,W23SR15R24,4,0,0,34,43,6,17,0,
W23,1/19/2023,Salt Run,St Johns,Y,W23SR15,SR2S,29.87925,-81.277053,0.71,9.5,0.074736842,Ridge,42,30,Y,W23SR15R30,2,0,0,34,49,6,10,1,other = barnacle
W23,1/19/2023,Salt Run,St Johns,N,W23SR12,W23SR12,29.888568,-81.283904,0.71,9.22,0.077006508,Ridge,18,2,Y,W23SR12R2,16,0,0,28,55,12,3,2,other = barnacle
W23,1/19/2023,Salt Run,St Johns,N,W23SR12,W23SR12,29.888568,-81.283904,0.71,9.22,0.077006508,Ridge,18,8,Y,W23SR12R8,15,0,0,32,60,8,0,0,
W23,1/19/2023,Salt Run,St Johns,N,W23SR12,W23SR12,29.888568,-81.283904,0.71,9.22,0.077006508,Ridge,18,11,Y,W23SR12R11,19,0,0,29,58,12,0,1,other = mussel
W23,1/19/2023,Salt Run,St Johns,N,W23SR12,W23SR12,29.888568,-81.283904,0.71,9.22,0.077006508,Ridge,18,15,Y,W23SR12R15,12,0,0,24,55,17,3,1,other = barnacle
W23,1/19/2023,Salt Run,St Johns,N,W23SR12,W23SR12,29.888568,-81.283904,0.71,9.22,0.077006508,Ridge,18,16,Y,W23SR12R16,25,0,0,33,49,17,1,0,
W23,1/19/2023,Salt Run,St Johns,N,W23SR12,W23SR12,29.888568,-81.283904,0.71,9.22,0.077006508,Ridge,18,17,Y,W23SR12R17,33,0,0,43,41,12,3,1,other = barnacle
W23,1/30/2023,St Augustine,St Johns,N,W23SA3R1,W23SA3R1,29.888703,-81.321489,0.74,6.3,0.117460317,Ridge,15,2,Y,W23SA3R1R2,3,0,0,1,69,0,30,0,
W23,1/30/2023,St Augustine,St Johns,N,W23SA3R1,W23SA3R1,29.888703,-81.321489,0.74,6.3,0.117460317,Ridge,15,6,Y,W23SA3R1R6,7,0,0,5,83,5,7,0,
W23,1/30/2023,St Augustine,St Johns,N,W23SA3R1,W23SA3R1,29.888703,-81.321489,0.74,6.3,0.117460317,Ridge,15,8,Y,W23SA3R1R8,20,0,0,19,62,13,6,0,
W23,1/30/2023,St Augustine,St Johns,N,W23SA3R1,W23SA3R1,29.888703,-81.321489,0.74,6.3,0.117460317,Ridge,15,11,Y,W23SA3R1R11,26,0,0,27,58,4,11,0,
W23,1/30/2023,St Augustine,St Johns,N,W23SA3R1,W23SA3R1,29.888703,-81.321489,0.74,6.3,0.117460317,Ridge,15,12,Y,W23SA3R1R12,12,0,0,28,54,1,17,0,
W23,1/30/2023,St Augustine,St Johns,N,W23SA3R1,W23SA3R1,29.888703,-81.321489,0.74,6.3,0.117460317,Ridge,15,14,Y,W23SA3R1R14,3,0,0,12,71,2,15,0,
W23,1/30/2023,St Augustine,St Johns,N,W23SA3R2,W23SA3R2,29.879244,-81.316489,0.37,3.7,0.1,Ridge,23,1,Y,W23SA3R2R1,25,0,0,23,42,12,23,0,
W23,1/30/2023,St Augustine,St Johns,N,W23SA3R2,W23SA3R2,29.879244,-81.316489,0.37,3.7,0.1,Ridge,23,8,Y,W23SA3R2R8,20,0,0,19,74,7,0,0,
W23,1/30/2023,St Augustine,St Johns,N,W23SA3R2,W23SA3R2,29.879244,-81.316489,0.37,3.7,0.1,Ridge,23,10,Y,W23SA3R2R10,14,0,0,12,79,7,2,0,
W23,1/30/2023,St Augustine,St Johns,N,W23SA3R2,W23SA3R2,29.879244,-81.316489,0.37,3.7,0.1,Ridge,23,19,Y,W23SA3R2R19,0,0,0,2,95,0,2,1,other =mussel shell
W23,1/30/2023,St Augustine,St Johns,N,W23SA3R2,W23SA3R2,29.879244,-81.316489,0.37,3.7,0.1,Ridge,23,21,Y,W23SA3R2R21,2,0,0,2,90,5,3,0,
W23,1/30/2023,St Augustine,St Johns,N,W23SA3R2,W23SA3R2,29.879244,-81.316489,0.37,3.7,0.1,Ridge,23,22,Y,W23SA3R2R22,5,0,0,14,51,6,29,0,
W23,1/31/2023,St Augustine,St Johns,N,W23SA1R3,W23SA1R3,29.902402,-81.311703,1.1,5.9,0.186440678,Ridge,23,6,Y,W23SA1R3R6,25,0,0,28,47,6,19,0,
W23,1/31/2023,St Augustine,St Johns,N,W23SA1R3,W23SA1R3,29.902402,-81.311703,1.1,5.9,0.186440678,Ridge,23,8,Y,W23SA1R3R8,15,0,0,25,64,8,3,0,
W23,1/31/2023,St Augustine,St Johns,N,W23SA1R3,W23SA1R3,29.902402,-81.311703,1.1,5.9,0.186440678,Ridge,23,9,Y,W23SA1R3R9,15,0,0,25,59,8,8,0,
W23,1/31/2023,St Augustine,St Johns,N,W23SA1R3,W23SA1R3,29.902402,-81.311703,1.1,5.9,0.186440678,Ridge,23,13,Y,W23SA1R3R13,3,0,0,7,88,1,4,0,
W23,1/31/2023,St Augustine,St Johns,N,W23SA1R3,W23SA1R3,29.902402,-81.311703,1.1,5.9,0.186440678,Ridge,23,17,Y,W23SA1R3R17,18,0,0,29,60,9,2,0,
W23,1/31/2023,St Augustine,St Johns,N,W23SA1R3,W23SA1R3,29.902402,-81.311703,1.1,5.9,0.186440678,Ridge,23,21,Y,W23SA1R3R21,11,0,0,14,69,16,1,0,
W23,1/31/2023,St Augustine,St Johns,N,W23SA3R3,SA3,29.87053,-81.31458,0.5,6.9,0.072463768,Ridge,43,8,Y,W23SA3R3R8,17,0,0,17,23,7,52,1,other = barnacle
W23,1/31/2023,St Augustine,St Johns,N,W23SA3R3,SA3,29.87053,-81.31458,0.5,6.9,0.072463768,Ridge,43,13,Y,W23SA3R3R13,11,0,0,9,19,4,68,0,
W23,1/31/2023,St Augustine,St Johns,N,W23SA3R3,SA3,29.87053,-81.31458,0.5,6.9,0.072463768,Ridge,43,25,Y,W23SA3R3R25,12,0,0,9,22,8,61,0,
W23,1/31/2023,St Augustine,St Johns,N,W23SA3R3,SA3,29.87053,-81.31458,0.5,6.9,0.072463768,Ridge,43,35,Y,W23SA3R3R35,21,0,0,18,9,5,68,0,
W23,1/31/2023,St Augustine,St Johns,N,W23SA3R3,SA3,29.87053,-81.31458,0.5,6.9,0.072463768,Ridge,43,36,Y,W23SA3R3R36,12,0,0,11,16,6,67,0,
W23,1/31/2023,St Augustine,St Johns,N,W23SA3R3,SA3,29.87053,-81.31458,0.5,6.9,0.072463768,Ridge,43,41,Y,W23SA3R3R41,17,0,0,18,14,3,65,0,
W23,2/2/2023,Butler Beach,St Johns,N,W23BB5,W23BB5,29.795667,-81.276614,0.52,3.6,0.144444444,Ridge,17,1,Y,W23BB5R1,10,0,0,14,76,8,2,0,
W23,2/2/2023,Butler Beach,St Johns,N,W23BB5,W23BB5,29.795667,-81.276614,0.52,3.6,0.144444444,Ridge,17,2,Y,W23BB5R2,12,0,0,17,78,5,0,0,
W23,2/2/2023,Butler Beach,St Johns,N,W23BB5,W23BB5,29.795667,-81.276614,0.52,3.6,0.144444444,Ridge,17,5,Y,W23BB5R5,4,0,0,9,75,8,8,0,
W23,2/2/2023,Butler Beach,St Johns,N,W23BB5,W23BB5,29.795667,-81.276614,0.52,3.6,0.144444444,Ridge,17,14,Y,W23BB5R14,13,0,0,16,73,8,3,0,
W23,2/2/2023,Butler Beach,St Johns,N,W23BB5,W23BB5,29.795667,-81.276614,0.52,3.6,0.144444444,Ridge,17,15,Y,W23BB5R15,15,0,0,23,71,6,0,0,
W23,2/2/2023,Butler Beach,St Johns,N,W23BB5,W23BB5,29.795667,-81.276614,0.52,3.6,0.144444444,Ridge,17,16,Y,W23BB5R16,12,0,0,13,62,7,18,0,
W23,2/2/2023,Butler Beach,St Johns,N,W23BB9,W23BB9,29.797036,-81.277464,0.8,5.5,0.145454545,Ridge,45,7,Y,W23BB9R7,10,0,0,17,72,11,0,0,
W23,2/2/2023,Butler Beach,St Johns,N,W23BB9,W23BB9,29.797036,-81.277464,0.8,5.5,0.145454545,Ridge,45,8,Y,W23BB9R8,8,0,0,19,71,10,0,0,
W23,2/2/2023,Butler Beach,St Johns,N,W23BB9,W23BB9,29.797036,-81.277464,0.8,5.5,0.145454545,Ridge,45,9,Y,W23BB9R9,15,0,0,15,71,14,0,0,
W23,2/2/2023,Butler Beach,St Johns,N,W23BB9,W23BB9,29.797036,-81.277464,0.8,5.5,0.145454545,Ridge,45,12,Y,W23BB9R12,20,0,0,17,64,16,3,0,
W23,2/2/2023,Butler Beach,St Johns,N,W23BB9,W23BB9,29.797036,-81.277464,0.8,5.5,0.145454545,Ridge,45,16,Y,W23BB9R16,17,0,0,24,61,12,3,0,
W23,2/2/2023,Butler Beach,St Johns,N,W23BB9,W23BB9,29.797036,-81.277464,0.8,5.5,0.145454545,Ridge,45,43,Y,W23BB9R43,27,0,0,11,80,5,4,0,
W23,2/13/2023,Butler Beach,St Johns,N,W23BB3,BU3,29.79896,-81.27794,0.34,3.9,0.087179487,Ridge,14,2,Y,W23BB3R2,16,0,0,25,63,9,2,1,other = barnacle
W23,2/13/2023,Butler Beach,St Johns,N,W23BB3,BU3,29.79896,-81.27794,0.34,3.9,0.087179487,Ridge,14,4,Y,W23BB3R4,14,0,0,15,74,11,0,0,
W23,2/13/2023,Butler Beach,St Johns,N,W23BB3,BU3,29.79896,-81.27794,0.34,3.9,0.087179487,Ridge,14,8,Y,W23BB3R8,18,0,0,20,74,6,0,0,
W23,2/13/2023,Butler Beach,St Johns,N,W23BB3,BU3,29.79896,-81.27794,0.34,3.9,0.087179487,Ridge,14,9,Y,W23BB3R9,11,0,0,15,75,10,0,0,
W23,2/13/2023,Butler Beach,St Johns,N,W23BB3,BU3,29.79896,-81.27794,0.34,3.9,0.087179487,Ridge,14,12,Y,W23BB3R12,11,0,0,25,71,4,0,0,
W23,2/13/2023,Butler Beach,St Johns,N,W23BB3,BU3,29.79896,-81.27794,0.34,3.9,0.087179487,Ridge,14,13,Y,W23BB3R13,9,0,0,25,66,7,2,0,
W23,2/13/2023,Butler Beach,St Johns,N,W23BB10,W23BB10,29.79645,-81.278333,0.62,4.8,0.129166667,Ridge,30,1,Y,W23BB10R1,23,0,0,32,54,9,4,1,other = mussel
W23,2/13/2023,Butler Beach,St Johns,N,W23BB10,W23BB10,29.79645,-81.278333,0.62,4.8,0.129166667,Ridge,30,6,Y,W23BB10R6,26,0,0,32,57,9,2,0,
W23,2/13/2023,Butler Beach,St Johns,N,W23BB10,W23BB10,29.79645,-81.278333,0.62,4.8,0.129166667,Ridge,30,11,Y,W23BB10R11,24,0,0,27,63,10,0,0,
W23,2/13/2023,Butler Beach,St Johns,N,W23BB10,W23BB10,29.79645,-81.278333,0.62,4.8,0.129166667,Ridge,30,15,Y,W23BB10R15,20,0,0,32,60,8,0,0,
W23,2/13/2023,Butler Beach,St Johns,N,W23BB10,W23BB10,29.79645,-81.278333,0.62,4.8,0.129166667,Ridge,30,17,Y,W23BB10R17,25,0,0,29,57,14,0,0,
W23,2/13/2023,Butler Beach,St Johns,N,W23BB10,W23BB10,29.79645,-81.278333,0.62,4.8,0.129166667,Ridge,30,25,Y,W23BB10R25,28,0,0,30,61,9,0,0,
W23,2/14/2023,Butler Beach,St Johns,N,W23BB4,W23BB4,29.798231,-81.278325,0.58,6.35,0.091338583,Ridge,21,2,Y,W23BB4R2,15,0,0,27,64,9,0,0,
W23,2/14/2023,Butler Beach,St Johns,N,W23BB4,W23BB4,29.798231,-81.278325,0.58,6.35,0.091338583,Ridge,21,4,Y,W23BB4R4,11,0,0,17,75,8,0,0,
W23,2/14/2023,Butler Beach,St Johns,N,W23BB4,W23BB4,29.798231,-81.278325,0.58,6.35,0.091338583,Ridge,21,5,Y,W23BB4R5,15,0,0,26,65,9,0,0,
W23,2/14/2023,Butler Beach,St Johns,N,W23BB4,W23BB4,29.798231,-81.278325,0.58,6.35,0.091338583,Ridge,21,14,Y,W23BB4R14,28,0,0,21,73,6,0,0,
W23,2/14/2023,Butler Beach,St Johns,N,W23BB4,W23BB4,29.798231,-81.278325,0.58,6.35,0.091338583,Ridge,21,18,Y,W23BB4R18,24,0,0,35,52,12,1,0,
W23,2/14/2023,Butler Beach,St Johns,N,W23BB4,W23BB4,29.798231,-81.278325,0.58,6.35,0.091338583,Ridge,21,20,Y,W23BB4R20,12,0,0,22,55,5,17,1,other = dead vegetation
W23,2/14/2023,Butler Beach,St Johns,N,W23BB8,BB15A,29.798435,-81.277819,0.63,4.1,0.153658537,Ridge,34,1,Y,W23BB8R1,21,0,0,29,60,9,2,0,
W23,2/14/2023,Butler Beach,St Johns,N,W23BB8,BB15A,29.798435,-81.277819,0.63,4.1,0.153658537,Ridge,34,2,Y,W23BB8R2,22,0,0,20,72,8,0,0,
W23,2/14/2023,Butler Beach,St Johns,N,W23BB8,BB15A,29.798435,-81.277819,0.63,4.1,0.153658537,Ridge,34,3,Y,W23BB8R3,29,0,0,30,62,8,0,0,
W23,2/14/2023,Butler Beach,St Johns,N,W23BB8,BB15A,29.798435,-81.277819,0.63,4.1,0.153658537,Ridge,34,10,Y,W23BB8R10,9,0,0,20,69,11,0,0,
W23,2/14/2023,Butler Beach,St Johns,N,W23BB8,BB15A,29.798435,-81.277819,0.63,4.1,0.153658537,Ridge,34,16,Y,W23BB8R16,21,0,0,28,62,10,0,0,
W23,2/14/2023,Butler Beach,St Johns,N,W23BB8,BB15A,29.798435,-81.277819,0.63,4.1,0.153658537,Ridge,34,30,Y,W23BB8R30,13,0,0,26,65,9,0,0,
W23,2/15/2023,St Augustine,St Johns,N,W23SA4R3,W23SA4R3,29.831497,-81.305653,0.72,4.2,0.171428571,Ridge,38,0,Y,W23SA4R3R0,13,0,0,17,12,8,62,1,other = dead vegetation
W23,2/15/2023,St Augustine,St Johns,N,W23SA4R3,W23SA4R3,29.831497,-81.305653,0.72,4.2,0.171428571,Ridge,38,7,Y,W23SA4R3R7,14,0,0,20,66,11,3,0,
W23,2/15/2023,St Augustine,St Johns,N,W23SA4R3,W23SA4R3,29.831497,-81.305653,0.72,4.2,0.171428571,Ridge,38,13,Y,W23SA4R3R13,6,0,0,14,85,1,0,0,
W23,2/15/2023,St Augustine,St Johns,N,W23SA4R3,W23SA4R3,29.831497,-81.305653,0.72,4.2,0.171428571,Ridge,38,17,Y,W23SA4R3R17,5,0,0,9,85,6,0,0,
W23,2/15/2023,St Augustine,St Johns,N,W23SA4R3,W23SA4R3,29.831497,-81.305653,0.72,4.2,0.171428571,Ridge,38,19,Y,W23SA4R3R19,6,0,0,17,75,8,0,0,
W23,2/15/2023,St Augustine,St Johns,N,W23SA4R3,W23SA4R3,29.831497,-81.305653,0.72,4.2,0.171428571,Ridge,38,24,Y,W23SA4R3R24,2,0,0,4,94,1,1,0,
W23,2/15/2023,St Augustine,St Johns,N,W23SA4R2,SA5,29.85402,-81.311931,0.76,3.45,0.220289855,Ridge,27,3,Y,W23SA4R2R3,18,0,0,12,18,4,65,1,other = barnacle
W23,2/15/2023,St Augustine,St Johns,N,W23SA4R2,SA5,29.85402,-81.311931,0.76,3.45,0.220289855,Ridge,27,6,Y,W23SA4R2R6,10,0,0,32,5,6,57,0,
W23,2/15/2023,St Augustine,St Johns,N,W23SA4R2,SA5,29.85402,-81.311931,0.76,3.45,0.220289855,Ridge,27,14,Y,W23SA4R2R14,19,0,0,28,15,8,49,0,
W23,2/15/2023,St Augustine,St Johns,N,W23SA4R2,SA5,29.85402,-81.311931,0.76,3.45,0.220289855,Ridge,27,17,Y,W23SA4R2R17,10,0,0,30,14,4,52,0,
W23,2/15/2023,St Augustine,St Johns,N,W23SA4R2,SA5,29.85402,-81.311931,0.76,3.45,0.220289855,Ridge,27,21,Y,W23SA4R2R21,22,0,0,32,9,1,58,0,
W23,2/15/2023,St Augustine,St Johns,N,W23SA4R2,SA5,29.85402,-81.311931,0.76,3.45,0.220289855,Ridge,27,25,Y,W23SA4R2R25,26,0,0,22,15,10,53,0,
W23,2/27/2023,Butler Beach,St Johns,N,W23BB2,W23BB2,29.804036,-81.283961,0.62,2.45,0.253061224,Ridge,41,15,Y,W23BB2R15,17,0,0,18,67,9,6,0,
W23,2/27/2023,Butler Beach,St Johns,N,W23BB2,W23BB2,29.804036,-81.283961,0.62,2.45,0.253061224,Ridge,41,21,Y,W23BB2R21,20,0,0,28,52,9,11,0,
W23,2/27/2023,Butler Beach,St Johns,N,W23BB2,W23BB2,29.804036,-81.283961,0.62,2.45,0.253061224,Ridge,41,22,Y,W23BB2R22,34,0,0,28,56,11,5,0,
W23,2/27/2023,Butler Beach,St Johns,N,W23BB2,W23BB2,29.804036,-81.283961,0.62,2.45,0.253061224,Ridge,41,26,Y,W23BB2R26,30,0,0,37,40,6,17,0,
W23,2/27/2023,Butler Beach,St Johns,N,W23BB2,W23BB2,29.804036,-81.283961,0.62,2.45,0.253061224,Ridge,41,30,Y,W23BB2R30,18,0,0,29,9,8,54,0,
W23,2/27/2023,Butler Beach,St Johns,N,W23BB2,W23BB2,29.804036,-81.283961,0.62,2.45,0.253061224,Ridge,41,37,Y,W23BB2R37,23,0,0,31,29,7,33,0,
W23,2/27/2023,Butler Beach,St Johns,N,W23BB7,W23BB7,29.802192,-81.283039,0.61,2.4,0.254166667,Ridge,28,5,Y,W23BB7R5,26,0,0,27,47,1,25,0,
W23,2/27/2023,Butler Beach,St Johns,N,W23BB7,W23BB7,29.802192,-81.283039,0.61,2.4,0.254166667,Ridge,28,12,Y,W23BB7R12,27,0,0,28,59,6,7,0,
W23,2/27/2023,Butler Beach,St Johns,N,W23BB7,W23BB7,29.802192,-81.283039,0.61,2.4,0.254166667,Ridge,28,20,Y,W23BB7R20,31,0,0,36,52,9,2,1,other = mussel
W23,2/27/2023,Butler Beach,St Johns,N,W23BB7,W23BB7,29.802192,-81.283039,0.61,2.4,0.254166667,Ridge,28,23,Y,W23BB7R23,34,0,0,34,50,12,4,0,
W23,2/27/2023,Butler Beach,St Johns,N,W23BB7,W23BB7,29.802192,-81.283039,0.61,2.4,0.254166667,Ridge,28,25,Y,W23BB7R25,20,0,0,28,45,6,21,0,
W23,2/27/2023,Butler Beach,St Johns,N,W23BB7,W23BB7,29.802192,-81.283039,0.61,2.4,0.254166667,Ridge,28,26,Y,W23BB7R26,26,0,0,23,38,9,30,0,
W23,2/28/2023,Butler Beach,St Johns,N,W23BB6,W23BB6,29.804003,-81.283452,0.55,1.95,0.282051282,Ridge,21,0,Y,W23BB6R0,9,0,0,23,36,4,37,0,
W23,2/28/2023,Butler Beach,St Johns,N,W23BB6,W23BB6,29.804003,-81.283452,0.55,1.95,0.282051282,Ridge,21,1,Y,W23BB6R1,18,0,0,26,59,6,9,0,
W23,2/28/2023,Butler Beach,St Johns,N,W23BB6,W23BB6,29.804003,-81.283452,0.55,1.95,0.282051282,Ridge,21,6,Y,W23BB6R6,12,0,0,29,51,10,10,0,
W23,2/28/2023,Butler Beach,St Johns,N,W23BB6,W23BB6,29.804003,-81.283452,0.55,1.95,0.282051282,Ridge,21,7,Y,W23BB6R7,17,0,0,31,36,3,30,0,
W23,2/28/2023,Butler Beach,St Johns,N,W23BB6,W23BB6,29.804003,-81.283452,0.55,1.95,0.282051282,Ridge,21,13,Y,W23BB6R13,9,0,0,17,60,4,19,0,
W23,2/28/2023,Butler Beach,St Johns,N,W23BB6,W23BB6,29.804003,-81.283452,0.55,1.95,0.282051282,Ridge,21,20,Y,W23BB6R20,2,0,0,10,34,4,52,0,
W23,2/28/2023,Butler Beach,St Johns,N,W23BB1,W23BB1,29.807408,-81.289744,0.89,5.39,0.165120594,Ridge,31,4,Y,W23BB1R4,3,0,0,6,90,0,4,0,
W23,2/28/2023,Butler Beach,St Johns,N,W23BB1,W23BB1,29.807408,-81.289744,0.89,5.39,0.165120594,Ridge,31,15,Y,W23BB1R15,0,0,0,1,99,0,0,0,
W23,2/28/2023,Butler Beach,St Johns,N,W23BB1,W23BB1,29.807408,-81.289744,0.89,5.39,0.165120594,Ridge,31,22,Y,W23BB1R22,3,0,0,2,96,2,0,0,
W23,2/28/2023,Butler Beach,St Johns,N,W23BB1,W23BB1,29.807408,-81.289744,0.89,5.39,0.165120594,Ridge,31,25,Y,W23BB1R25,8,0,0,10,84,2,4,0,
W23,2/28/2023,Butler Beach,St Johns,N,W23BB1,W23BB1,29.807408,-81.289744,0.89,5.39,0.165120594,Ridge,31,29,Y,W23BB1R29,5,0,0,10,73,2,15,0,
W23,2/28/2023,Butler Beach,St Johns,N,W23BB1,W23BB1,29.807408,-81.289744,0.89,5.39,0.165120594,Ridge,31,30,Y,W23BB1R30,3,0,0,1,74,2,23,0,
W23,3/1/2023,Butler Beach,St Johns,N,W23BB11,BBNR1,29.803266,-81.282378,0.31,1.05,0.295238095,Ridge,32,1,Y,W23BB11R1,18,0,0,8,12,3,77,0,
W23,3/1/2023,Butler Beach,St Johns,N,W23BB11,BBNR1,29.803266,-81.282378,0.31,1.05,0.295238095,Ridge,32,3,Y,W23BB11R3,26,0,0,26,13,2,59,0,
W23,3/1/2023,Butler Beach,St Johns,N,W23BB11,BBNR1,29.803266,-81.282378,0.31,1.05,0.295238095,Ridge,32,5,Y,W23BB11R5,22,0,0,20,10,10,60,0,
W23,3/1/2023,Butler Beach,St Johns,N,W23BB11,BBNR1,29.803266,-81.282378,0.31,1.05,0.295238095,Ridge,32,9,Y,W23BB11R9,17,0,0,30,52,6,12,0,
W23,3/1/2023,Butler Beach,St Johns,N,W23BB11,BBNR1,29.803266,-81.282378,0.31,1.05,0.295238095,Ridge,32,24,Y,W23BB11R24,24,0,0,44,43,10,3,0,
W23,3/1/2023,Butler Beach,St Johns,N,W23BB11,BBNR1,29.803266,-81.282378,0.31,1.05,0.295238095,Ridge,32,28,Y,W23BB11R28,20,0,0,36,44,9,11,0,
W23,3/1/2023,St Augustine,St Johns,N,W23SA4R1,W23SA4R1,29.831819,-81.291231,0.34,2.75,0.123636364,Ridge,23,0,Y,W23SA4R1R0,14,0,0,30,49,6,15,0,
W23,3/1/2023,St Augustine,St Johns,N,W23SA4R1,W23SA4R1,29.831819,-81.291231,0.34,2.75,0.123636364,Ridge,23,7,Y,W23SA4R1R7,12,0,0,25,24,2,49,0,
W23,3/1/2023,St Augustine,St Johns,N,W23SA4R1,W23SA4R1,29.831819,-81.291231,0.34,2.75,0.123636364,Ridge,23,9,Y,W23SA4R1R9,7,0,0,23,35,8,34,0,
W23,3/1/2023,St Augustine,St Johns,N,W23SA4R1,W23SA4R1,29.831819,-81.291231,0.34,2.75,0.123636364,Ridge,23,13,Y,W23SA4R1R13,20,0,0,36,52,3,9,0,
W23,3/1/2023,St Augustine,St Johns,N,W23SA4R1,W23SA4R1,29.831819,-81.291231,0.34,2.75,0.123636364,Ridge,23,16,Y,W23SA4R1R16,4,0,0,10,70,2,18,0,
W23,3/1/2023,St Augustine,St Johns,N,W23SA4R1,W23SA4R1,29.831819,-81.291231,0.34,2.75,0.123636364,Ridge,23,17,Y,W23SA4R1R17,4,0,0,7,67,5,21,0,
W23,3/17/2023,St Augustine,St Johns,N,W23SA2R3,SA303,29.90487,-81.32317,0.78,4,0.195,Ridge,36,3,Y,W23SA2R3R3,20,0,0,24,43,4,29,0,
W23,3/17/2023,St Augustine,St Johns,N,W23SA2R3,SA303,29.90487,-81.32317,0.78,4,0.195,Ridge,36,6,Y,W23SA2R3R6,18,0,0,17,43,9,31,0,
W23,3/17/2023,St Augustine,St Johns,N,W23SA2R3,SA303,29.90487,-81.32317,0.78,4,0.195,Ridge,36,13,Y,W23SA2R3R13,30,0,0,27,53,5,14,1,other = mussel
W23,3/17/2023,St Augustine,St Johns,N,W23SA2R3,SA303,29.90487,-81.32317,0.78,4,0.195,Ridge,36,23,Y,W23SA2R3R23,22,0,0,20,17,3,60,0,
W23,3/17/2023,St Augustine,St Johns,N,W23SA2R3,SA303,29.90487,-81.32317,0.78,4,0.195,Ridge,36,25,Y,W23SA2R3R25,14,0,0,9,69,0,22,0,
W23,3/17/2023,St Augustine,St Johns,N,W23SA2R3,SA303,29.90487,-81.32317,0.78,4,0.195,Ridge,36,30,Y,W23SA2R3R30,15,0,0,19,21,5,55,0,
W23,3/17/2023,St Augustine,St Johns,N,W23SA2R2,W23SA2R2,29.909675,-81.324147,0.68,3.1,0.219354839,Ridge,81,11,Y,W23SA2R2R11,17,0,0,7,30,4,59,0,
W23,3/17/2023,St Augustine,St Johns,N,W23SA2R2,W23SA2R2,29.909675,-81.324147,0.68,3.1,0.219354839,Ridge,81,18,Y,W23SA2R2R18,14,0,0,21,59,4,16,0,
W23,3/17/2023,St Augustine,St Johns,N,W23SA2R2,W23SA2R2,29.909675,-81.324147,0.68,3.1,0.219354839,Ridge,81,31,Y,W23SA2R2R31,24,0,0,24,25,4,47,0,
W23,3/17/2023,St Augustine,St Johns,N,W23SA2R2,W23SA2R2,29.909675,-81.324147,0.68,3.1,0.219354839,Ridge,81,47,Y,W23SA2R2R47,17,0,0,22,22,6,50,0,
W23,3/17/2023,St Augustine,St Johns,N,W23SA2R2,W23SA2R2,29.909675,-81.324147,0.68,3.1,0.219354839,Ridge,81,57,Y,W23SA2R2R57,15,0,0,25,34,3,38,0,
W23,3/17/2023,St Augustine,St Johns,N,W23SA2R2,W23SA2R2,29.909675,-81.324147,0.68,3.1,0.219354839,Ridge,81,72,Y,W23SA2R2R72,22,0,0,27,30,10,33,0,
W23,3/20/2023,St Augustine,St Johns,N,W23SA2R1,W23SA2R1,29.911511,-81.327681,0.88,3.15,0.279365079,Ridge,36,1,Y,W23SA2R1R1,22,0,0,26,13,8,53,0,
W23,3/20/2023,St Augustine,St Johns,N,W23SA2R1,W23SA2R1,29.911511,-81.327681,0.88,3.15,0.279365079,Ridge,36,8,Y,W23SA2R1R8,15,0,0,15,15,6,64,0,
W23,3/20/2023,St Augustine,St Johns,N,W23SA2R1,W23SA2R1,29.911511,-81.327681,0.88,3.15,0.279365079,Ridge,36,9,Y,W23SA2R1R9,12,0,0,14,5,6,75,0,
W23,3/20/2023,St Augustine,St Johns,N,W23SA2R1,W23SA2R1,29.911511,-81.327681,0.88,3.15,0.279365079,Ridge,36,21,Y,W23SA2R1R21,21,0,0,10,69,9,12,0,
W23,3/20/2023,St Augustine,St Johns,N,W23SA2R1,W23SA2R1,29.911511,-81.327681,0.88,3.15,0.279365079,Ridge,36,29,Y,W23SA2R1R29,12,0,0,20,46,10,24,0,
W23,3/20/2023,St Augustine,St Johns,N,W23SA2R1,W23SA2R1,29.911511,-81.327681,0.88,3.15,0.279365079,Ridge,36,33,Y,W23SA2R1R33,33,0,0,18,35,2,45,0,
W24,12/20/2023,Fort Matanzas,St Johns,Y,W24FM1,W24FM1,29.7649,-81.259292,0.65,6.2,0.10483871,Ridge,21,1,Y,W24FM1R1,4,0,0,6,87,7,0,0,Lots of boxes on reef
W24,12/20/2023,Fort Matanzas,St Johns,Y,W24FM1,W24FM1,29.7649,-81.259292,0.65,6.2,0.10483871,Ridge,21,4,Y,W24FM1R4,4,0,0,2,91,7,0,0,Lots of boxes on reef
W24,12/20/2023,Fort Matanzas,St Johns,Y,W24FM1,W24FM1,29.7649,-81.259292,0.65,6.2,0.10483871,Ridge,21,5,Y,W24FM1R5,1,0,0,5,83,12,0,0,Lots of boxes on reef
W24,12/20/2023,Fort Matanzas,St Johns,Y,W24FM1,W24FM1,29.7649,-81.259292,0.65,6.2,0.10483871,Ridge,21,7,Y,W24FM1R7,5,0,0,5,83,12,0,0,Lots of boxes on reef; evidence of boring sponge
W24,12/20/2023,Fort Matanzas,St Johns,Y,W24FM1,W24FM1,29.7649,-81.259292,0.65,6.2,0.10483871,Ridge,21,9,Y,W24FM1R9,4,0,0,6,90,4,0,0,Lots of boxes on reef
W24,12/20/2023,Fort Matanzas,St Johns,Y,W24FM1,W24FM1,29.7649,-81.259292,0.65,6.2,0.10483871,Ridge,21,14,Y,W24FM1R14,9,0,0,2,86,12,0,0,Lots of boxes on reef; porcelian crab in plot
W24,12/21/2023,Fort Matanzas,St Johns,Y,W24FM2,FM206,29.76523,-81.26073,0.6,9.4,0.063829787,Ridge,41,4,Y,W24FM2R4,2,0,0,2,84,14,0,0,a lot of dead shell on reef; evidence of boring sponge
W24,12/21/2023,Fort Matanzas,St Johns,Y,W24FM2,FM206,29.76523,-81.26073,0.6,9.4,0.063829787,Ridge,41,19,Y,W24FM2R19,4,0,0,1,87,8,4,0,a lot of dead shell on reef; crab in plot
W24,12/21/2023,Fort Matanzas,St Johns,Y,W24FM2,FM206,29.76523,-81.26073,0.6,9.4,0.063829787,Ridge,41,21,Y,W24FM2R21,4,0,0,5,87,5,3,0,a lot of dead shell on reef; green porcelain crab present 
W24,12/21/2023,Fort Matanzas,St Johns,Y,W24FM2,FM206,29.76523,-81.26073,0.6,9.4,0.063829787,Ridge,41,27,Y,W24FM2R27,2,0,0,5,88,6,1,0,a lot of dead shell on reef
W24,12/21/2023,Fort Matanzas,St Johns,Y,W24FM2,FM206,29.76523,-81.26073,0.6,9.4,0.063829787,Ridge,41,28,Y,W24FM2R28,2,0,0,4,85,5,6,0,a lot of dead shell on reef
W24,12/21/2023,Fort Matanzas,St Johns,Y,W24FM2,FM206,29.76523,-81.26073,0.6,9.4,0.063829787,Ridge,41,35,Y,W24FM2R35,2,0,0,2,84,14,0,0,a lot of dead shell on reef; evidence of boring sponge
W24,12/21/2023,Fort Matanzas,St Johns,Y,W24FM3,W24FM3,29.763792,-81.257853,0.33,7.1,0.046478873,Ridge,25,1,Y,W24FM3R1,4,0,0,12,61,15,12,0,
W24,12/21/2023,Fort Matanzas,St Johns,Y,W24FM3,W24FM3,29.763792,-81.257853,0.33,7.1,0.046478873,Ridge,25,6,Y,W24FM3R6,0,0,0,5,63,12,20,0,
W24,12/21/2023,Fort Matanzas,St Johns,Y,W24FM3,W24FM3,29.763792,-81.257853,0.33,7.1,0.046478873,Ridge,25,11,Y,W24FM3R11,1,0,0,6,75,3,16,0,
W24,12/21/2023,Fort Matanzas,St Johns,Y,W24FM3,W24FM3,29.763792,-81.257853,0.33,7.1,0.046478873,Ridge,25,15,Y,W24FM3R15,2,0,0,5,67,7,21,0,
W24,12/21/2023,Fort Matanzas,St Johns,Y,W24FM3,W24FM3,29.763792,-81.257853,0.33,7.1,0.046478873,Ridge,25,17,Y,W24FM3R17,7,0,0,12,66,13,9,0,
W24,12/21/2023,Fort Matanzas,St Johns,Y,W24FM3,W24FM3,29.763792,-81.257853,0.33,7.1,0.046478873,Ridge,25,25,Y,W24FM3R25,7,0,0,9,55,20,16,0,
W24,12/21/2023,Fort Matanzas,St Johns,Y,W24FM4,W24FM4,29.760958,-81.256611,0.66,8.8,0.075,Ridge,20,1,Y,W24FM4R1,6,0,0,7,53,13,27,0,Evidence of boring sponges
W24,12/21/2023,Fort Matanzas,St Johns,Y,W24FM4,W24FM4,29.760958,-81.256611,0.66,8.8,0.075,Ridge,20,4,Y,W24FM4R4,4,0,0,4,77,10,9,0,Evidence of boring sponges
W24,12/21/2023,Fort Matanzas,St Johns,Y,W24FM4,W24FM4,29.760958,-81.256611,0.66,8.8,0.075,Ridge,20,5,Y,W24FM4R5,3,0,0,6,68,11,15,0,Evidence of boring sponges
W24,12/21/2023,Fort Matanzas,St Johns,Y,W24FM4,W24FM4,29.760958,-81.256611,0.66,8.8,0.075,Ridge,20,7,Y,W24FM4R7,3,0,0,6,64,15,15,0,Evidence of boring sponges
W24,12/21/2023,Fort Matanzas,St Johns,Y,W24FM4,W24FM4,29.760958,-81.256611,0.66,8.8,0.075,Ridge,20,9,Y,W24FM4R9,10,0,0,8,58,8,26,0,Evidence of boring sponges
W24,12/21/2023,Fort Matanzas,St Johns,Y,W24FM4,W24FM4,29.760958,-81.256611,0.66,8.8,0.075,Ridge,20,19,Y,W24FM4R19,5,0,0,7,71,17,5,0,Evidence of boring sponges
W24,12/22/2023,Fort Matanzas,St Johns,Y,W24FM5,W24FM5,29.758658,-81.255164,0.58,5.8,0.1,Ridge,53,6,Y,W24FM5R6,7,0,0,11,67,9,13,0,"Has a portion of just rake, procelain crabs present, boring sponge evidence "
W24,12/22/2023,Fort Matanzas,St Johns,Y,W24FM5,W24FM5,29.758658,-81.255164,0.58,5.8,0.1,Ridge,53,8,Y,W24FM5R8,8,0,0,17,51,9,23,0,"Has a portion of just rake, procelain crabs present, boring sponge evidence "
W24,12/22/2023,Fort Matanzas,St Johns,Y,W24FM5,W24FM5,29.758658,-81.255164,0.58,5.8,0.1,Ridge,53,21,Y,W24FM5R21,27,0,0,28,53,11,8,0,"Has a portion of just rake, procelain crabs present, boring sponge evidence "
W24,12/22/2023,Fort Matanzas,St Johns,Y,W24FM5,W24FM5,29.758658,-81.255164,0.58,5.8,0.1,Ridge,53,27,Y,W24FM5R27,0,0,0,0,87,0,12,1,"other = Clam; Has a portion of just rake, procelain crabs present, boring sponge evidence "
W24,12/22/2023,Fort Matanzas,St Johns,Y,W24FM5,W24FM5,29.758658,-81.255164,0.58,5.8,0.1,Ridge,53,32,Y,W24FM5R32,2,0,0,2,79,2,17,0,"Has a portion of just rake, procelain crabs present, boring sponge evidence "
W24,12/22/2023,Fort Matanzas,St Johns,Y,W24FM5,W24FM5,29.758658,-81.255164,0.58,5.8,0.1,Ridge,53,40,Y,W24FM5R40,7,0,0,1,94,4,1,0,"Has a portion of just rake, procelain crabs present, boring sponge evidence "
W24,12/22/2023,Fort Matanzas,St Johns,Y,W24FM6,W24FM6,29.756825,-81.255525,0.71,5.4,0.131481481,Ridge,88,6,Y,W24FM6R6,7,0,0,10,75,14,1,0,Boring sponge present; portion with dense clusters near bend of reef
W24,12/22/2023,Fort Matanzas,St Johns,Y,W24FM6,W24FM6,29.756825,-81.255525,0.71,5.4,0.131481481,Ridge,88,39,Y,W24FM6R39,7,0,0,8,75,13,4,0,Boring sponge present; portion with dense clusters near bend of reef
W24,12/22/2023,Fort Matanzas,St Johns,Y,W24FM6,W24FM6,29.756825,-81.255525,0.71,5.4,0.131481481,Ridge,88,44,Y,W24FM6R44,4,0,0,2,87,4,7,0,Boring sponge present; portion with dense clusters near bend of reef
W24,12/22/2023,Fort Matanzas,St Johns,Y,W24FM6,W24FM6,29.756825,-81.255525,0.71,5.4,0.131481481,Ridge,88,49,Y,W24FM6R49,0,0,0,4,93,3,0,0,Boring sponge present; portion with dense clusters near bend of reef
W24,12/22/2023,Fort Matanzas,St Johns,Y,W24FM6,W24FM6,29.756825,-81.255525,0.71,5.4,0.131481481,Ridge,88,67,Y,W24FM6R67,20,0,0,11,75,11,2,1,other = mussel; Boring sponge present; portion with dense clusters near bend of reef
W24,12/22/2023,Fort Matanzas,St Johns,Y,W24FM6,W24FM6,29.756825,-81.255525,0.71,5.4,0.131481481,Ridge,88,80,Y,W24FM6R80,17,0,0,9,78,12,1,0,Boring sponge present; portion with dense clusters near bend of reef
W24,1/10/2024,Butler Beach,St Johns,N,W24BB3,W24BB3,29.785469,-81.268775,0.78,9.15,0.085245902,Ridge,18,3,Y,W24BB3R3,5,0,0,11,82,6,0,1,other = barnacle; a lot of dead shell; portion of the reef may be a rake; reef is close to other reefs and there is little vegetation
W24,1/10/2024,Butler Beach,St Johns,N,W24BB3,W24BB3,29.785469,-81.268775,0.78,9.15,0.085245902,Ridge,18,7,Y,W24BB3R7,4,0,0,5,87,7,1,0,a lot of dead shell; portion of the reef may be a rake; reef is close to other reefs and there is little vegetation
W24,1/10/2024,Butler Beach,St Johns,N,W24BB3,W24BB3,29.785469,-81.268775,0.78,9.15,0.085245902,Ridge,18,9,Y,W24BB3R9,3,0,0,2,94,4,0,0,a lot of dead shell; portion of the reef may be a rake; reef is close to other reefs and there is little vegetation
W24,1/10/2024,Butler Beach,St Johns,N,W24BB3,W24BB3,29.785469,-81.268775,0.78,9.15,0.085245902,Ridge,18,10,Y,W24BB3R10,1,0,0,5,89,6,0,0,a lot of dead shell; portion of the reef may be a rake; reef is close to other reefs and there is little vegetation
W24,1/10/2024,Butler Beach,St Johns,N,W24BB3,W24BB3,29.785469,-81.268775,0.78,9.15,0.085245902,Ridge,18,16,Y,W24BB3R16,6,0,0,7,89,2,2,0,a lot of dead shell; portion of the reef may be a rake; reef is close to other reefs and there is little vegetation
W24,1/10/2024,Butler Beach,St Johns,N,W24BB3,W24BB3,29.785469,-81.268775,0.78,9.15,0.085245902,Ridge,18,17,Y,W24BB3R17,0,0,0,2,83,2,13,0,a lot of dead shell; portion of the reef may be a rake; reef is close to other reefs and there is little vegetation
W24,1/10/2024,Butler Beach,St Johns,N,W24BB4,W24BB4,29.790858,-81.271067,0.66,5.8,0.113793103,Ridge,16,0,Y,W24BB4R0,0,0,0,3,76,2,19,0,Shell rake on the ridge; whelk on reef
W24,1/10/2024,Butler Beach,St Johns,N,W24BB4,W24BB4,29.790858,-81.271067,0.66,5.8,0.113793103,Ridge,16,3,Y,W24BB4R3,2,0,0,1,93,5,1,0,Shell rake on the ridge; whelk on reef
W24,1/10/2024,Butler Beach,St Johns,N,W24BB4,W24BB4,29.790858,-81.271067,0.66,5.8,0.113793103,Ridge,16,6,Y,W24BB4R6,2,0,0,0,99,1,0,0,Shell rake on the ridge; whelk on reef
W24,1/10/2024,Butler Beach,St Johns,N,W24BB4,W24BB4,29.790858,-81.271067,0.66,5.8,0.113793103,Ridge,16,9,Y,W24BB4R9,0,0,0,0,99,1,0,0,Shell rake on the ridge; whelk on reef
W24,1/10/2024,Butler Beach,St Johns,N,W24BB4,W24BB4,29.790858,-81.271067,0.66,5.8,0.113793103,Ridge,16,12,Y,W24BB4R12,0,0,0,0,100,0,0,0,Shell rake on the ridge; whelk on reef
W24,1/10/2024,Butler Beach,St Johns,N,W24BB4,W24BB4,29.790858,-81.271067,0.66,5.8,0.113793103,Ridge,16,16,Y,W24BB4R16,6,0,0,7,76,8,9,0,Shell rake on the ridge; whelk on reef; porcelain crab present
W24,1/18/2024,Fort Matanzas,St Johns,Y,W24FM9,FM77,29.75521,-81.25562,0.36,3.6,0.1,Ridge,55,6,Y,W24FM9R6,7,0,0,20,62,17,0,1,other = barnacle
W24,1/18/2024,Fort Matanzas,St Johns,Y,W24FM9,FM77,29.75521,-81.25562,0.36,3.6,0.1,Ridge,55,8,Y,W24FM9R8,11,0,0,23,70,6,1,0,
W24,1/18/2024,Fort Matanzas,St Johns,Y,W24FM9,FM77,29.75521,-81.25562,0.36,3.6,0.1,Ridge,55,21,Y,W24FM9R21,6,0,0,8,79,12,1,0,
W24,1/18/2024,Fort Matanzas,St Johns,Y,W24FM9,FM77,29.75521,-81.25562,0.36,3.6,0.1,Ridge,55,27,Y,W24FM9R27,2,0,0,3,77,17,3,0,
W24,1/18/2024,Fort Matanzas,St Johns,Y,W24FM9,FM77,29.75521,-81.25562,0.36,3.6,0.1,Ridge,55,32,Y,W24FM9R32,5,0,0,14,72,9,5,0,
W24,1/18/2024,Fort Matanzas,St Johns,Y,W24FM9,FM77,29.75521,-81.25562,0.36,3.6,0.1,Ridge,55,40,Y,W24FM9R40,5,0,0,14,68,12,6,0,
W24,1/18/2024,Fort Matanzas,St Johns,Y,W24FM10,W24FM10,29.751864,-81.255167,0.61,6.5,0.093846154,Ridge,23,4,Y,W24FM10R4,15,0,0,22,67,10,0,1,other = spartina; Lots of spartina poking up; some predation evidence
W24,1/18/2024,Fort Matanzas,St Johns,Y,W24FM10,W24FM10,29.751864,-81.255167,0.61,6.5,0.093846154,Ridge,23,11,Y,W24FM10R11,14,0,0,25,62,13,0,0,Lots of spartina poking up; some predation evidence
W24,1/18/2024,Fort Matanzas,St Johns,Y,W24FM10,W24FM10,29.751864,-81.255167,0.61,6.5,0.093846154,Ridge,23,12,Y,W24FM10R12,6,0,0,16,72,11,1,0,Lots of spartina poking up; some predation evidence
W24,1/18/2024,Fort Matanzas,St Johns,Y,W24FM10,W24FM10,29.751864,-81.255167,0.61,6.5,0.093846154,Ridge,23,15,Y,W24FM10R15,5,0,0,10,81,5,4,0,Lots of spartina poking up; some predation evidence
W24,1/18/2024,Fort Matanzas,St Johns,Y,W24FM10,W24FM10,29.751864,-81.255167,0.61,6.5,0.093846154,Ridge,23,18,Y,W24FM10R18,4,0,0,10,86,4,0,0,Lots of spartina poking up; some predation evidence
W24,1/18/2024,Fort Matanzas,St Johns,Y,W24FM10,W24FM10,29.751864,-81.255167,0.61,6.5,0.093846154,Ridge,23,20,Y,W24FM10R20,5,0,0,19,70,7,4,0,Lots of spartina poking up; some predation evidence
W24,1/22/2024,Fort Matanzas,St Johns,Y,W24FM8,W24FM8,29.756061,-81.256419,0.53,9.5,0.055789474,Ridge,74,7,Y,W24FM8R7,6,0,0,7,84,9,0,0,
W24,1/22/2024,Fort Matanzas,St Johns,Y,W24FM8,W24FM8,29.756061,-81.256419,0.53,9.5,0.055789474,Ridge,74,25,Y,W24FM8R25,6,0,0,10,79,10,1,0,
W24,1/22/2024,Fort Matanzas,St Johns,Y,W24FM8,W24FM8,29.756061,-81.256419,0.53,9.5,0.055789474,Ridge,74,32,Y,W24FM8R32,6,0,0,13,82,4,1,0,
W24,1/22/2024,Fort Matanzas,St Johns,Y,W24FM8,W24FM8,29.756061,-81.256419,0.53,9.5,0.055789474,Ridge,74,44,Y,W24FM8R44,2,0,0,2,94,3,1,0,
W24,1/22/2024,Fort Matanzas,St Johns,Y,W24FM8,W24FM8,29.756061,-81.256419,0.53,9.5,0.055789474,Ridge,74,58,Y,W24FM8R58,4,0,0,5,86,8,1,0,Boring sponge evidence 
W24,1/22/2024,Fort Matanzas,St Johns,Y,W24FM8,W24FM8,29.756061,-81.256419,0.53,9.5,0.055789474,Ridge,74,65,Y,W24FM8R65,3,0,0,7,86,2,4,1,other = mussel
W24,1/22/2024,Fort Matanzas,St Johns,Y,W24FM11,FM32,29.74802,-81.2558,0.81,5.4,0.15,Ridge,59,16,Y,W24FM11R16,12,0,0,22,59,6,13,0,Predatory activity holes in shells
W24,1/22/2024,Fort Matanzas,St Johns,Y,W24FM11,FM32,29.74802,-81.2558,0.81,5.4,0.15,Ridge,59,20,Y,W24FM11R20,10,0,0,14,64,7,15,0,Predatory activity holes in shells
W24,1/22/2024,Fort Matanzas,St Johns,Y,W24FM11,FM32,29.74802,-81.2558,0.81,5.4,0.15,Ridge,59,26,Y,W24FM11R26,11,0,0,17,72,1,10,0,Predatory activity holes in shells
W24,1/22/2024,Fort Matanzas,St Johns,Y,W24FM11,FM32,29.74802,-81.2558,0.81,5.4,0.15,Ridge,59,27,Y,W24FM11R27,4,0,0,16,68,4,12,0,Predatory activity holes in shells
W24,1/22/2024,Fort Matanzas,St Johns,Y,W24FM11,FM32,29.74802,-81.2558,0.81,5.4,0.15,Ridge,59,31,Y,W24FM11R31,5,0,0,13,77,6,4,0,Predatory activity holes in shells; sponge in quadrat
W24,1/22/2024,Fort Matanzas,St Johns,Y,W24FM11,FM32,29.74802,-81.2558,0.81,5.4,0.15,Ridge,59,49,Y,W24FM11R49,12,0,0,8,59,3,30,0,Predatory activity holes in shells
W24,1/24/2024,Fort Matanzas,St Johns,N,W24FM14,W24FM14,29.728144,-81.251764,0.825,6.8,0.121323529,Ridge,25,3,Y,W24FM14R3,12,0,0,21,56,6,17,0,Spartina and mangroves on reef
W24,1/24/2024,Fort Matanzas,St Johns,N,W24FM14,W24FM14,29.728144,-81.251764,0.825,6.8,0.121323529,Ridge,25,7,Y,W24FM14R7,4,0,0,14,76,8,2,0,Spartina and mangroves on reef
W24,1/24/2024,Fort Matanzas,St Johns,N,W24FM14,W24FM14,29.728144,-81.251764,0.825,6.8,0.121323529,Ridge,25,9,Y,W24FM14R9,7,0,0,16,73,10,0,1,other = barnacle; Spartina and mangroves on reef
W24,1/24/2024,Fort Matanzas,St Johns,N,W24FM14,W24FM14,29.728144,-81.251764,0.825,6.8,0.121323529,Ridge,25,15,Y,W24FM14R15,11,0,0,20,61,17,2,0,Spartina and mangroves on reef
W24,1/24/2024,Fort Matanzas,St Johns,N,W24FM14,W24FM14,29.728144,-81.251764,0.825,6.8,0.121323529,Ridge,25,19,Y,W24FM14R19,5,0,0,17,63,16,3,1,other = clam shell; Spartina and mangroves on reef
W24,1/24/2024,Fort Matanzas,St Johns,N,W24FM14,W24FM14,29.728144,-81.251764,0.825,6.8,0.121323529,Ridge,25,21,Y,W24FM14R21,3,0,0,19,61,16,4,0,Spartina and mangroves on reef
W24,1/24/2024,Fort Matanzas,St Johns,Y,W24FM7,FM290,29.746019,-81.256185,0.68,3.9,0.174358974,Ridge,51,0,Y,W24FM7R0,7,0,0,11,72,10,7,0,Predatory evidence 
W24,1/24/2024,Fort Matanzas,St Johns,Y,W24FM7,FM290,29.746019,-81.256185,0.68,3.9,0.174358974,Ridge,51,1,Y,W24FM7R1,6,0,0,12,70,13,5,0,
W24,1/24/2024,Fort Matanzas,St Johns,Y,W24FM7,FM290,29.746019,-81.256185,0.68,3.9,0.174358974,Ridge,51,13,Y,W24FM7R13,5,0,0,6,81,5,7,1,other = clam shell
W24,1/24/2024,Fort Matanzas,St Johns,Y,W24FM7,FM290,29.746019,-81.256185,0.68,3.9,0.174358974,Ridge,51,29,Y,W24FM7R29,5,0,0,8,84,8,0,0,
W24,1/24/2024,Fort Matanzas,St Johns,Y,W24FM7,FM290,29.746019,-81.256185,0.68,3.9,0.174358974,Ridge,51,37,Y,W24FM7R37,8,0,0,12,74,14,0,0,
W24,1/24/2024,Fort Matanzas,St Johns,Y,W24FM7,FM290,29.746019,-81.256185,0.68,3.9,0.174358974,Ridge,51,38,Y,W24FM7R38,13,0,0,27,60,12,0,1,other = barnacle
W24,1/31/2024,Pellicer Flats,Flagler,N,W24PF1,PF8,29.650782,-81.220829,0.43,4.2,0.102380952,Ridge,17,0,Y,W24PF1R0,10,0,0,23,34,9,34,0,Many healthy clusters
W24,1/31/2024,Pellicer Flats,Flagler,N,W24PF1,PF8,29.650782,-81.220829,0.43,4.2,0.102380952,Ridge,17,3,Y,W24PF1R3,20,0,0,28,38,7,27,0,Many healthy clusters
W24,1/31/2024,Pellicer Flats,Flagler,N,W24PF1,PF8,29.650782,-81.220829,0.43,4.2,0.102380952,Ridge,17,4,Y,W24PF1R4,17,0,0,27,36,9,28,0,Many healthy clusters
W24,1/31/2024,Pellicer Flats,Flagler,N,W24PF1,PF8,29.650782,-81.220829,0.43,4.2,0.102380952,Ridge,17,6,Y,W24PF1R6,11,0,0,20,67,8,5,0,Many healthy clusters
W24,1/31/2024,Pellicer Flats,Flagler,N,W24PF1,PF8,29.650782,-81.220829,0.43,4.2,0.102380952,Ridge,17,8,Y,W24PF1R8,20,0,0,28,29,15,28,0,Many healthy clusters
W24,1/31/2024,Pellicer Flats,Flagler,N,W24PF1,PF8,29.650782,-81.220829,0.43,4.2,0.102380952,Ridge,17,11,Y,W24PF1R11,20,0,0,37,41,14,7,1,other = barnacle; Many healthy clusters
W24,1/31/2024,Pellicer Flats,Flagler,N,W24PF5,PF4,29.659032,-81.226106,0.54,8.4,0.064285714,Ridge,58,5,Y,W24PF5R5,2,0,0,13,77,10,0,0,"Reef very dense, hard to calculate clusters; lots of mussels on reef"
W24,1/31/2024,Pellicer Flats,Flagler,N,W24PF5,PF4,29.659032,-81.226106,0.54,8.4,0.064285714,Ridge,58,26,Y,W24PF5R26,6,0,0,22,72,4,0,2,"other = mussel; Reef very dense, hard to calculate clusters; lots of mussels on reef"
W24,1/31/2024,Pellicer Flats,Flagler,N,W24PF5,PF4,29.659032,-81.226106,0.54,8.4,0.064285714,Ridge,58,40,Y,W24PF5R40,7,0,0,14,80,6,0,0,"Reef very dense, hard to calculate clusters; lots of mussels on reef"
W24,1/31/2024,Pellicer Flats,Flagler,N,W24PF5,PF4,29.659032,-81.226106,0.54,8.4,0.064285714,Ridge,58,44,Y,W24PF5R44,8,0,0,6,83,9,1,1,"other = mussel; Reef very dense, hard to calculate clusters; lots of mussels on reef"
W24,1/31/2024,Pellicer Flats,Flagler,N,W24PF5,PF4,29.659032,-81.226106,0.54,8.4,0.064285714,Ridge,58,51,Y,W24PF5R51,10,0,0,16,77,6,0,1,"other = mussel; Reef very dense, hard to calculate clusters; lots of mussels on reef"
W24,1/31/2024,Pellicer Flats,Flagler,N,W24PF5,PF4,29.659032,-81.226106,0.54,8.4,0.064285714,Ridge,58,52,Y,W24PF5R52,12,0,0,19,72,7,1,1,"other = mussel; Reef very dense, hard to calculate clusters; lots of mussels on reef"
W24,2/1/2024,Pellicer Flats,Flagler,N,W24PF4,W24PF4,29.62845,-81.213514,0.47,3.7,0.127027027,Ridge,100,21,Y,W24PF4R21,8,0,0,12,79,8,0,1,"other = snail shell; Compact reef, big mussels on reef"
W24,2/1/2024,Pellicer Flats,Flagler,N,W24PF4,W24PF4,29.62845,-81.213514,0.47,3.7,0.127027027,Ridge,100,45,Y,W24PF4R45,6,0,0,17,62,20,0,1,"other = mussel; Compact reef, big mussels on reef"
W24,2/1/2024,Pellicer Flats,Flagler,N,W24PF4,W24PF4,29.62845,-81.213514,0.47,3.7,0.127027027,Ridge,100,47,Y,W24PF4R47,8,0,0,14,65,18,1,2,"other = mussel; Compact reef, big mussels on reef"
W24,2/1/2024,Pellicer Flats,Flagler,N,W24PF4,W24PF4,29.62845,-81.213514,0.47,3.7,0.127027027,Ridge,100,49,Y,W24PF4R49,18,0,0,28,62,10,0,0,"Compact reef, big mussels on reef"
W24,2/1/2024,Pellicer Flats,Flagler,N,W24PF4,W24PF4,29.62845,-81.213514,0.47,3.7,0.127027027,Ridge,100,62,Y,W24PF4R62,14,0,0,27,65,8,0,0,"Compact reef, big mussels on reef"
W24,2/1/2024,Pellicer Flats,Flagler,N,W24PF4,W24PF4,29.62845,-81.213514,0.47,3.7,0.127027027,Ridge,100,82,Y,W24PF4R82,14,0,0,24,65,11,0,0,"Compact reef, big mussels on reef"
W24,2/1/2024,Pellicer Flats,Flagler,N,W24PF3,W24PF3,29.629569,-81.212636,0.48,4.8,0.1,Ridge,21,3,Y,W24PF3R3,8,0,0,14,79,7,0,0,Dense reef clusters; crown conchs near reef
W24,2/1/2024,Pellicer Flats,Flagler,N,W24PF3,W24PF3,29.629569,-81.212636,0.48,4.8,0.1,Ridge,21,9,Y,W24PF3R9,15,0,0,13,75,12,0,0,Dense reef clusters; crown conchs near reef
W24,2/1/2024,Pellicer Flats,Flagler,N,W24PF3,W24PF3,29.629569,-81.212636,0.48,4.8,0.1,Ridge,21,12,Y,W24PF3R12,10,0,0,19,70,11,0,0,Dense reef clusters; crown conchs near reef
W24,2/1/2024,Pellicer Flats,Flagler,N,W24PF3,W24PF3,29.629569,-81.212636,0.48,4.8,0.1,Ridge,21,13,Y,W24PF3R13,15,0,0,29,60,11,0,0,Dense reef clusters; crown conchs near reef
W24,2/1/2024,Pellicer Flats,Flagler,N,W24PF3,W24PF3,29.629569,-81.212636,0.48,4.8,0.1,Ridge,21,14,Y,W24PF3R14,10,0,0,27,62,11,0,0,Dense reef clusters; crown conchs near reef
W24,2/1/2024,Pellicer Flats,Flagler,N,W24PF3,W24PF3,29.629569,-81.212636,0.48,4.8,0.1,Ridge,21,15,Y,W24PF3R15,17,0,0,29,66,5,0,0,Dense reef clusters; crown conchs near reef
W24,2/19/2024,Pellicer Flats,Flagler,N,W24PF6,W24PF6,29.617369,-81.211072,0.55,2.7,0.203703704,Ridge,29,6,Y,W24PF6R6,11,0,0,13,67,20,0,0,Lots of batis seeds/leaves on reef
W24,2/19/2024,Pellicer Flats,Flagler,N,W24PF6,W24PF6,29.617369,-81.211072,0.55,2.7,0.203703704,Ridge,29,12,Y,W24PF6R12,8,0,0,28,58,14,0,0,Lots of batis seeds/leaves on reef
W24,2/19/2024,Pellicer Flats,Flagler,N,W24PF6,W24PF6,29.617369,-81.211072,0.55,2.7,0.203703704,Ridge,29,13,Y,W24PF6R13,15,0,0,37,54,9,0,0,Lots of batis seeds/leaves on reef
W24,2/19/2024,Pellicer Flats,Flagler,N,W24PF6,W24PF6,29.617369,-81.211072,0.55,2.7,0.203703704,Ridge,29,18,Y,W24PF6R18,14,0,0,40,57,3,0,0,Lots of batis seeds/leaves on reef
W24,2/19/2024,Pellicer Flats,Flagler,N,W24PF6,W24PF6,29.617369,-81.211072,0.55,2.7,0.203703704,Ridge,29,28,Y,W24PF6R28,16,0,0,33,55,10,2,0,Lots of batis seeds/leaves on reef
W24,2/19/2024,Pellicer Flats,Flagler,N,W24PF6,W24PF6,29.617369,-81.211072,0.55,2.7,0.203703704,Ridge,29,29,Y,W24PF6R29,14,0,0,18,73,7,2,0,Lots of batis seeds/leaves on reef
W24,2/19/2024,Pellicer Flats,Flagler,N,W24PF2,PF323,29.6298,-81.21443,0.53,4.1,0.129268293,Ridge,79,7,Y,W24PF2R7,13,0,0,21,55,22,2,0,
W24,2/19/2024,Pellicer Flats,Flagler,N,W24PF2,PF323,29.6298,-81.21443,0.53,4.1,0.129268293,Ridge,79,23,Y,W24PF2R23,7,2,0,9,74,14,0,3,other = mussel
W24,2/19/2024,Pellicer Flats,Flagler,N,W24PF2,PF323,29.6298,-81.21443,0.53,4.1,0.129268293,Ridge,79,31,Y,W24PF2R31,16,0,0,20,72,8,0,0,
W24,2/19/2024,Pellicer Flats,Flagler,N,W24PF2,PF323,29.6298,-81.21443,0.53,4.1,0.129268293,Ridge,79,49,Y,W24PF2R49,14,0,0,23,65,12,0,0,
W24,2/19/2024,Pellicer Flats,Flagler,N,W24PF2,PF323,29.6298,-81.21443,0.53,4.1,0.129268293,Ridge,79,54,Y,W24PF2R54,9,0,0,14,80,5,1,0,
W24,2/19/2024,Pellicer Flats,Flagler,N,W24PF2,PF323,29.6298,-81.21443,0.53,4.1,0.129268293,Ridge,79,71,Y,W24PF2R71,10,0,0,18,76,6,0,0,
W24,3/1/2024,Butler Beach,St Johns,N,W24BB5,W24BB5,29.788103,-81.273394,0.58,3,0.193333333,Ridge,68,6,Y,W24BB5R6,1,0,0,2,75,14,9,0,Has some rakes; in many of the collections there were porcelain crabs; plot had a lot of clusters with boxes
W24,3/1/2024,Butler Beach,St Johns,N,W24BB5,W24BB5,29.788103,-81.273394,0.58,3,0.193333333,Ridge,68,15,Y,W24BB5R15,4,0,0,8,73,8,11,0,Has some rakes; in many of the collections there were porcelain crabs
W24,3/1/2024,Butler Beach,St Johns,N,W24BB5,W24BB5,29.788103,-81.273394,0.58,3,0.193333333,Ridge,68,35,Y,W24BB5R35,3,0,0,6,75,12,7,0,Has some rakes; in many of the collections there were porcelain crabs
W24,3/1/2024,Butler Beach,St Johns,N,W24BB5,W24BB5,29.788103,-81.273394,0.58,3,0.193333333,Ridge,68,41,Y,W24BB5R41,5,0,0,13,59,21,7,0,Has some rakes; in many of the collections there were porcelain crabs
W24,3/1/2024,Butler Beach,St Johns,N,W24BB5,W24BB5,29.788103,-81.273394,0.58,3,0.193333333,Ridge,68,59,Y,W24BB5R59,7,0,0,8,78,9,5,0,Has some rakes; in many of the collections there were porcelain crabs
W24,3/1/2024,Butler Beach,St Johns,N,W24BB5,W24BB5,29.788103,-81.273394,0.58,3,0.193333333,Ridge,68,62,Y,W24BB5R62,2,0,0,4,81,3,12,0,Has some rakes; in many of the collections there were porcelain crabs
W24,3/1/2024,Butler Beach,St Johns,N,W24BB13,W24BB13,29.787922,-81.271989,0.47,6.55,0.071755725,Ridge,97,10,Y,W24BB13R10,5,0,0,6,79,13,2,0,
W24,3/1/2024,Butler Beach,St Johns,N,W24BB13,W24BB13,29.787922,-81.271989,0.47,6.55,0.071755725,Ridge,97,17,Y,W24BB13R17,3,0,0,10,67,8,15,0,
W24,3/1/2024,Butler Beach,St Johns,N,W24BB13,W24BB13,29.787922,-81.271989,0.47,6.55,0.071755725,Ridge,97,26,Y,W24BB13R26,5,0,0,6,69,14,11,0,
W24,3/1/2024,Butler Beach,St Johns,N,W24BB13,W24BB13,29.787922,-81.271989,0.47,6.55,0.071755725,Ridge,97,69,Y,W24BB13R69,2,0,0,1,46,5,47,1,other = algae
W24,3/1/2024,Butler Beach,St Johns,N,W24BB13,W24BB13,29.787922,-81.271989,0.47,6.55,0.071755725,Ridge,97,77,Y,W24BB13R77,16,0,0,21,39,5,35,0,a lot of mud on oysters and porcelain crabs in plot
W24,3/1/2024,Butler Beach,St Johns,N,W24BB13,W24BB13,29.787922,-81.271989,0.47,6.55,0.071755725,Ridge,97,96,Y,W24BB13R96,11,0,0,9,40,3,48,0,
W24,3/4/2024,Butler Beach,St Johns,N,W24BB6,W24BB6,29.784728,-81.269219,0.7,5.2,0.134615385,Ridge,23,4,Y,W24BB6R4,1,0,0,5,89,4,2,0,Lots of porcelain crabs in samples
W24,3/4/2024,Butler Beach,St Johns,N,W24BB6,W24BB6,29.784728,-81.269219,0.7,5.2,0.134615385,Ridge,23,7,Y,W24BB6R7,0,0,0,1,92,0,7,0,Lots of porcelain crabs in samples
W24,3/4/2024,Butler Beach,St Johns,N,W24BB6,W24BB6,29.784728,-81.269219,0.7,5.2,0.134615385,Ridge,23,15,Y,W24BB6R15,3,0,0,1,94,4,1,0,Lots of porcelain crabs in samples
W24,3/4/2024,Butler Beach,St Johns,N,W24BB6,W24BB6,29.784728,-81.269219,0.7,5.2,0.134615385,Ridge,23,16,Y,W24BB6R16,1,0,0,2,84,14,0,0,Lots of porcelain crabs in samples
W24,3/4/2024,Butler Beach,St Johns,N,W24BB6,W24BB6,29.784728,-81.269219,0.7,5.2,0.134615385,Ridge,23,19,Y,W24BB6R19,2,0,0,4,86,9,1,0,Lots of porcelain crabs in samples
W24,3/4/2024,Butler Beach,St Johns,N,W24BB6,W24BB6,29.784728,-81.269219,0.7,5.2,0.134615385,Ridge,23,23,Y,W24BB6R23,2,0,0,2,83,13,2,0,Lots of porcelain crabs in samples
W24,3/4/2024,Butler Beach,St Johns,N,W24BB12,W24BB12,29.785997,-81.2702,0.58,3.2,0.18125,Ridge,57,12,Y,W24BB12R12,5,0,0,6,84,10,0,0,Lots of porcelain crabs on reef
W24,3/4/2024,Butler Beach,St Johns,N,W24BB12,W24BB12,29.785997,-81.2702,0.58,3.2,0.18125,Ridge,57,24,Y,W24BB12R24,3,0,0,3,84,11,2,0,Lots of porcelain crabs on reef
W24,3/4/2024,Butler Beach,St Johns,N,W24BB12,W24BB12,29.785997,-81.2702,0.58,3.2,0.18125,Ridge,57,32,Y,W24BB12R32,3,0,0,12,76,12,0,0,Lots of porcelain crabs on reef
W24,3/4/2024,Butler Beach,St Johns,N,W24BB12,W24BB12,29.785997,-81.2702,0.58,3.2,0.18125,Ridge,57,37,Y,W24BB12R37,11,0,0,10,77,10,3,0,Lots of porcelain crabs on reef
W24,3/4/2024,Butler Beach,St Johns,N,W24BB12,W24BB12,29.785997,-81.2702,0.58,3.2,0.18125,Ridge,57,42,Y,W24BB12R42,7,0,0,7,77,9,7,0,Lots of porcelain crabs on reef
W24,3/4/2024,Butler Beach,St Johns,N,W24BB12,W24BB12,29.785997,-81.2702,0.58,3.2,0.18125,Ridge,57,53,Y,W24BB12R53,8,0,0,8,82,7,3,0,Lots of porcelain crabs on reef
W24,3/4/2024,Butler Beach,St Johns,N,W24BB8,W24BB8,29.779236,-81.265589,0.38,3.3,0.115151515,Ridge,53,16,Y,W24BB8R16,5,0,0,5,83,10,2,0,Porcelain crabs on reef
W24,3/4/2024,Butler Beach,St Johns,N,W24BB8,W24BB8,29.779236,-81.265589,0.38,3.3,0.115151515,Ridge,53,18,Y,W24BB8R18,8,0,0,8,61,12,19,0,Porcelain crabs on reef
W24,3/4/2024,Butler Beach,St Johns,N,W24BB8,W24BB8,29.779236,-81.265589,0.38,3.3,0.115151515,Ridge,53,19,Y,W24BB8R19,9,0,0,11,61,10,18,0,Porcelain crabs on reef
W24,3/4/2024,Butler Beach,St Johns,N,W24BB8,W24BB8,29.779236,-81.265589,0.38,3.3,0.115151515,Ridge,53,29,Y,W24BB8R29,6,0,0,13,77,8,2,0,Porcelain crabs on reef
W24,3/4/2024,Butler Beach,St Johns,N,W24BB8,W24BB8,29.779236,-81.265589,0.38,3.3,0.115151515,Ridge,53,31,Y,W24BB8R31,4,0,0,10,60,6,24,0,Porcelain crabs on reef
W24,3/4/2024,Butler Beach,St Johns,N,W24BB8,W24BB8,29.779236,-81.265589,0.38,3.3,0.115151515,Ridge,53,44,Y,W24BB8R44,2,0,0,5,87,8,0,0,Porcelain crabs on reef
W24,3/6/2024,Butler Beach,St Johns,N,W24BB10,W24BB10,29.771425,-81.264492,0.65,7.3,0.089041096,Ridge,61,16,Y,W24BB10R16,1,0,0,3,92,0,5,0,Large rake along the ridge of the reef
W24,3/6/2024,Butler Beach,St Johns,N,W24BB10,W24BB10,29.771425,-81.264492,0.65,7.3,0.089041096,Ridge,61,19,Y,W24BB10R19,0,0,0,0,88,0,12,0,Large rake along the ridge of the reef
W24,3/6/2024,Butler Beach,St Johns,N,W24BB10,W24BB10,29.771425,-81.264492,0.65,7.3,0.089041096,Ridge,61,26,Y,W24BB10R26,0,0,0,0,89,0,11,0,Large rake along the ridge of the reef
W24,3/6/2024,Butler Beach,St Johns,N,W24BB10,W24BB10,29.771425,-81.264492,0.65,7.3,0.089041096,Ridge,61,41,Y,W24BB10R41,2,0,0,1,94,5,0,0,Large rake along the ridge of the reef
W24,3/6/2024,Butler Beach,St Johns,N,W24BB10,W24BB10,29.771425,-81.264492,0.65,7.3,0.089041096,Ridge,61,50,Y,W24BB10R50,0,0,0,5,91,4,0,0,Large rake along the ridge of the reef
W24,3/6/2024,Butler Beach,St Johns,N,W24BB10,W24BB10,29.771425,-81.264492,0.65,7.3,0.089041096,Ridge,61,59,Y,W24BB10R59,0,0,0,6,81,11,2,0,Large rake along the ridge of the reef
W24,3/6/2024,Butler Beach,St Johns,N,W24BB1,MC1,29.77125,-81.26589,0.84,6,0.14,Ridge,100,10,Y,W24BB1R10,4,0,0,0,93,5,2,0,
W24,3/6/2024,Butler Beach,St Johns,N,W24BB1,MC1,29.77125,-81.26589,0.84,6,0.14,Ridge,100,17,Y,W24BB1R17,4,0,0,2,88,3,7,0,
W24,3/6/2024,Butler Beach,St Johns,N,W24BB1,MC1,29.77125,-81.26589,0.84,6,0.14,Ridge,100,26,Y,W24BB1R26,5,0,0,4,82,14,0,0,
W24,3/6/2024,Butler Beach,St Johns,N,W24BB1,MC1,29.77125,-81.26589,0.84,6,0.14,Ridge,100,69,Y,W24BB1R69,2,0,0,6,75,18,1,0,
W24,3/6/2024,Butler Beach,St Johns,N,W24BB1,MC1,29.77125,-81.26589,0.84,6,0.14,Ridge,100,77,Y,W24BB1R77,1,0,0,5,89,6,0,0,
W24,3/6/2024,Butler Beach,St Johns,N,W24BB1,MC1,29.77125,-81.26589,0.84,6,0.14,Ridge,100,97,Y,W24BB1R97,4,0,0,5,87,8,0,0,
W24,3/8/2024,Butler Beach,St Johns,N,W24BB9,W24BB9,29.771217,-81.263883,0.57,7.4,0.077027027,Ridge,100,31,Y,W24BB9R31,0,0,0,2,71,6,21,0,Lots of crabs on reef
W24,3/8/2024,Butler Beach,St Johns,N,W24BB9,W24BB9,29.771217,-81.263883,0.57,7.4,0.077027027,Ridge,100,47,Y,W24BB9R47,3,0,0,0,81,10,9,0,Lots of crabs on reef
W24,3/8/2024,Butler Beach,St Johns,N,W24BB9,W24BB9,29.771217,-81.263883,0.57,7.4,0.077027027,Ridge,100,72,Y,W24BB9R72,3,0,0,2,86,3,9,0,Lots of crabs on reef
W24,3/8/2024,Butler Beach,St Johns,N,W24BB9,W24BB9,29.771217,-81.263883,0.57,7.4,0.077027027,Ridge,100,78,Y,W24BB9R78,3,0,0,9,79,10,2,0,Lots of crabs on reef
W24,3/8/2024,Butler Beach,St Johns,N,W24BB9,W24BB9,29.771217,-81.263883,0.57,7.4,0.077027027,Ridge,100,90,Y,W24BB9R90,0,0,0,7,79,10,4,0,Lots of crabs on reef
W24,3/8/2024,Butler Beach,St Johns,N,W24BB9,W24BB9,29.771217,-81.263883,0.57,7.4,0.077027027,Ridge,100,94,Y,W24BB9R94,2,0,0,3,83,13,1,0,Lots of crabs on reef
W24,3/8/2024,Butler Beach,St Johns,N,W24BB11,BU1,29.770711,-81.265576,0.61,5.3,0.11509434,Ridge,100,1,Y,W24BB11R1,5,0,0,14,65,12,9,0,Lots of predator activity
W24,3/8/2024,Butler Beach,St Johns,N,W24BB11,BU1,29.770711,-81.265576,0.61,5.3,0.11509434,Ridge,100,11,Y,W24BB11R11,3,0,0,6,76,8,10,0,Lots of predator activity
W24,3/8/2024,Butler Beach,St Johns,N,W24BB11,BU1,29.770711,-81.265576,0.61,5.3,0.11509434,Ridge,100,24,Y,W24BB11R24,2,0,0,1,81,6,12,0,Lots of predator activity
W24,3/8/2024,Butler Beach,St Johns,N,W24BB11,BU1,29.770711,-81.265576,0.61,5.3,0.11509434,Ridge,100,29,Y,W24BB11R29,3,0,0,0,76,10,14,0,Lots of predator activity
W24,3/8/2024,Butler Beach,St Johns,N,W24BB11,BU1,29.770711,-81.265576,0.61,5.3,0.11509434,Ridge,100,32,Y,W24BB11R32,2,0,0,7,65,21,7,0,Lots of predator activity
W24,3/8/2024,Butler Beach,St Johns,N,W24BB11,BU1,29.770711,-81.265576,0.61,5.3,0.11509434,Ridge,100,88,Y,W24BB11R88,1,0,0,2,95,2,1,0,Lots of predator activity; spartina 
W24,3/13/2024,Fort Matanzas,St Johns,N,W24FM12,W24FM12,29.671839,-81.217497,0.31,1.1,0.281818182,Ridge,31,1,Y,W24FM12R1,11,0,0,20,44,9,26,1,other = leaf; Lots of red mangrove trees and propagules on reef
W24,3/13/2024,Fort Matanzas,St Johns,N,W24FM12,W24FM12,29.671839,-81.217497,0.31,1.1,0.281818182,Ridge,31,7,Y,W24FM12R7,13,0,0,19,33,7,19,22,other = spartina; Lots of red mangrove trees and propagules on reef
W24,3/13/2024,Fort Matanzas,St Johns,N,W24FM12,W24FM12,29.671839,-81.217497,0.31,1.1,0.281818182,Ridge,31,12,Y,W24FM12R12,4,0,0,9,75,11,5,0,Lots of red mangrove trees and propagules on reef
W24,3/13/2024,Fort Matanzas,St Johns,N,W24FM12,W24FM12,29.671839,-81.217497,0.31,1.1,0.281818182,Ridge,31,20,Y,W24FM12R20,12,0,0,26,54,10,10,0,Lots of red mangrove trees and propagules on reef
W24,3/13/2024,Fort Matanzas,St Johns,N,W24FM12,W24FM12,29.671839,-81.217497,0.31,1.1,0.281818182,Ridge,31,25,Y,W24FM12R25,18,0,0,32,30,10,28,0,Lots of red mangrove trees and propagules on reef
W24,3/13/2024,Fort Matanzas,St Johns,N,W24FM12,W24FM12,29.671839,-81.217497,0.31,1.1,0.281818182,Ridge,31,29,Y,W24FM12R29,7,1,0,16,15,4,64,1,other = conch; Lots of red mangrove trees and propagules on reef
W24,3/13/2024,Fort Matanzas,St Johns,Y,W24FM13,FM50,29.672751,-81.217047,0.65,5,0.13,Ridge,49,1,Y,W24FM13R1,5,1,0,23,57,6,13,1,other = conch
W24,3/13/2024,Fort Matanzas,St Johns,Y,W24FM13,FM50,29.672751,-81.217047,0.65,5,0.13,Ridge,49,2,Y,W24FM13R2,5,0,0,20,59,3,18,0,
W24,3/13/2024,Fort Matanzas,St Johns,Y,W24FM13,FM50,29.672751,-81.217047,0.65,5,0.13,Ridge,49,5,Y,W24FM13R5,3,0,0,10,56,4,30,0,
W24,3/13/2024,Fort Matanzas,St Johns,Y,W24FM13,FM50,29.672751,-81.217047,0.65,5,0.13,Ridge,49,7,Y,W24FM13R7,5,0,0,12,44,4,40,0,
W24,3/13/2024,Fort Matanzas,St Johns,Y,W24FM13,FM50,29.672751,-81.217047,0.65,5,0.13,Ridge,49,19,Y,W24FM13R19,8,0,0,12,46,12,30,0,
W24,3/13/2024,Fort Matanzas,St Johns,Y,W24FM13,FM50,29.672751,-81.217047,0.65,5,0.13,Ridge,49,44,Y,W24FM13R44,5,0,0,18,41,2,39,0,
W24,3/14/2024,Butler Beach,St Johns,N,W24BB2,FM23,29.76645,-81.26123,0.61,7.8,0.078205128,Ridge,41,15,Y,W24BB2R15,6,0,0,14,77,9,0,0,Porcelain crabs on reef
W24,3/14/2024,Butler Beach,St Johns,N,W24BB2,FM23,29.76645,-81.26123,0.61,7.8,0.078205128,Ridge,41,17,Y,W24BB2R17,5,0,0,7,88,5,0,0,Porcelain crabs on reef
W24,3/14/2024,Butler Beach,St Johns,N,W24BB2,FM23,29.76645,-81.26123,0.61,7.8,0.078205128,Ridge,41,26,Y,W24BB2R26,4,0,0,3,84,13,0,0,Porcelain crabs on reef
W24,3/14/2024,Butler Beach,St Johns,N,W24BB2,FM23,29.76645,-81.26123,0.61,7.8,0.078205128,Ridge,41,32,Y,W24BB2R32,1,0,0,2,79,3,16,0,Porcelain crabs on reef
W24,3/14/2024,Butler Beach,St Johns,N,W24BB2,FM23,29.76645,-81.26123,0.61,7.8,0.078205128,Ridge,41,36,Y,W24BB2R36,2,0,0,1,84,8,7,0,Porcelain crabs on reef
W24,3/14/2024,Butler Beach,St Johns,N,W24BB2,FM23,29.76645,-81.26123,0.61,7.8,0.078205128,Ridge,41,37,Y,W24BB2R37,4,0,0,4,74,13,9,0,Porcelain crabs on reef
W24,3/14/2024,Butler Beach,St Johns,N,W24BB7,W24BB7,29.771833,-81.268375,0.52,6.95,0.074820144,Ridge,26,3,Y,W24BB7R3,9,0,0,7,87,6,0,0,Porcelain crabs on reef
W24,3/14/2024,Butler Beach,St Johns,N,W24BB7,W24BB7,29.771833,-81.268375,0.52,6.95,0.074820144,Ridge,26,7,Y,W24BB7R7,4,0,0,6,88,6,0,0,Porcelain crabs on reef
W24,3/14/2024,Butler Beach,St Johns,N,W24BB7,W24BB7,29.771833,-81.268375,0.52,6.95,0.074820144,Ridge,26,13,Y,W24BB7R13,2,0,0,4,89,7,0,0,Porcelain crabs on reef
W24,3/14/2024,Butler Beach,St Johns,N,W24BB7,W24BB7,29.771833,-81.268375,0.52,6.95,0.074820144,Ridge,26,21,Y,W24BB7R21,3,0,0,2,81,13,4,0,Porcelain crabs on reef
W24,3/14/2024,Butler Beach,St Johns,N,W24BB7,W24BB7,29.771833,-81.268375,0.52,6.95,0.074820144,Ridge,26,23,Y,W24BB7R23,10,0,0,15,65,15,5,0,Porcelain crabs on reef
W24,3/14/2024,Butler Beach,St Johns,N,W24BB7,W24BB7,29.771833,-81.268375,0.52,6.95,0.074820144,Ridge,26,25,Y,W24BB7R25,6,0,0,16,65,3,16,0,Porcelain crabs on reef
